Age,Sex,BMI,BP,S1,S2,S3,S4,S5,S6,Target
1.3,3.0,0.0,12242.0,0.0,2.0,8.0,7.0,8.0,9.0,7.0
7.0,7.0,5.0,2.0,6.0,9.0,0.0,3.0,9.0,5.0,3.0
8.0,6.0,6.0,3.0,6.0,8.0,1.0,66.0,6.0,6.0,6.0
7.0,9.0,47.0,6.0,8.0,5.0,5.0,1.0,8.0,2.0,2.0
27.0,1.0,1.0,1.0,3.0,0.0,3.0,7.0,8.0,68.0,5.0
85.0,52.0,1.0,6.0,5.0,9.0,4.0,0.0,4.0,0.0,4.0
4.0,8.0,1.0,3.0,5.0,3.0,1.0,3.0,3.0,43.0,9.0
0.0,3.0,3.0,2.0,1.0,0.0,5.0,58.0,5.0,3.0,4.0
1.0,3.0,5.0,4.0,5.0,0.0,6.0,4.0,0.0,5.0,4.0
8.0,5.0,6.0,7.0,3.0,7.0,8.0,1.0,9.0,3.0,9.0
8.0,9.0,1.0,8.0,31.0,6.0,0.0,78.0,3.0,4.0,62.0
5.0,4.0,0.0,8.0,4.0,0.0,4.0,7.0,1.0,5.0,2.0
3.0,8.0,58.0,3.0,7.0,3.0,7.0,2.0,9.0,2.0,8.0
4.0,6.0,9.0,38.0,4.0,2.0,4.0,4.0,2.0,9.0,6.0
5.0,1.0,25.0,4.0,3.0,3.0,3.0,0.0,2.0,8.0,9.0
3.0,6.0,3.0,9.0,7.0,7.0,7.0,82.0,3.0,7.0,0.0
9.0,1.0,6.0,3.0,8.0,3.0,5.0,5.0,6.0,3.0,7.0
7.0,3.0,8.0,6.0,4.0,0.0,5.0,6.0,7.0,8.0,9.0
2.0,2.0,2.0,2.0,4.0,5.0,95.0,6.0,3.0,8.0,0.0
5.0,9.0,4.0,1.0,3.0,9.0,3.0,3.0,9.0,3.0,4.0
7.0,5.0,1.0,9.0,3.0,1.0,4.0,0.0,7.0,9.0,2.0
3.0,6.0,64.0,5.0,7.0,5.0,2.0,6.0,7.0,9.0,7.0
38.0,3.0,6.0,8.0,6.0,4.0,15.0,7.0,9.0,8.0,58.0
4.0,3.0,0.0,0.0,5.0,6.0,58.0,0.0,3.0,7.0,5.0
2.0,5.0,6.0,1.0,0.0,954.0,1.0,1.0,78.0,2.0,2.0
6.0,4.0,70.0,1.0,9.0,5.0,32.0,1.0,6.0,4.0,26.0
5.0,3.0,7.0,3.0,1.0,4.0,7.0,3.0,8.0,4.0,2.0
9.0,3.0,2.0,0.0,3.0,3.0,6.0,2.0,3.0,4.0,9.0
5.0,2.0,7.0,8.0,8.0,55.0,7.0,4.0,44.0,4.0,9.0
6.0,0.0,1.0,7.0,6.0,9.0,7.0,8.0,2.0,8.0,40.0
3.0,42.0,6.0,9.0,9.0,4.0,3.0,5.0,0.0,9.0,2.0
9.0,4.0,6.0,6.0,72.0,6.0,9.0,3.0,0.0,5.0,8.0
4.0,8.0,4.0,6.0,3.0,7.0,6.0,4.0,6.0,0.0,1.0
8.0,3.0,9.0,4.0,6.0,8.0,4.0,4.0,9.0,7.0,7.0
9.0,5.0,0.0,2.0,14.0,0.0,5.0,4.0,2.0,3.0,0.0
5.0,8.0,93.0,4.0,0.0,4.0,8.0,4.0,4.0,3.0,5.0
3.0,3.0,0.0,1.0,2.0,3.0,3.0,6.0,4.0,9.0,4.0
9.0,7.0,7.0,8.0,6.0,2.0,5.0,0.0,9.0,4.0,3.0
7.0,66.0,2.0,5.0,8.0,6.0,5.0,9.0,5.0,9.0,6.0
3.0,8.0,4.0,0.0,11.0,1.0,7.0,1.0,0.0,2.0,0.0
4.0,0.0,3.0,0.0,0.0,0.0,595.0,842.0,4.0,0.0,1.0
5.0,0.0,1.0,6.0,0.0,2.0,7.0,0.0,9.0,0.0,3.0
2612.0,7.0,5.0,4.0,7.0,6.0,2.0,212.0,4.0,0.0,2.0
9.0,9.0,1.0,0.0,7.0,9.0,3.0,9.0,6.0,9.0,1.0
2.0,4.0,4.0,3.0,1.0,6.0,0.0,8.0,4.0,0.0,6.0
3.0,6.0,2.0,5.0,4.0,9.0,3.0,5.0,0.0,7.0,0.0
3.0,46.0,0.0,4.0,45.0,4.0,0.0,9.0,7.0,8.0,45.0
9.0,1.0,8.0,2.0,5.0,4.0,3.0,3.0,3.0,40.0,5.0
5.0,5.0,9.0,2.0,776.0,3.0,8.0,9.0,6.0,9.0,9.0
8.0,9.0,5.0,0.0,9.0,0.0,11.0,0.0,11619.0,19.0,0.0
0.0,8.0,3.0,5.0,5.0,7.0,9.0,6.0,956.0,9.0,1.0
315.0,79.0,1.0,5.0,4.0,56.0,5.0,9.0,6.0,6.0,56.0
36.0,68.0,6.0,2.0,6.0,8.0,3.0,5.0,0.0,4.0,87.0
3.0,1.0,2.0,8.0,4.0,18.0,3.0,6.0,8.0,3.0,0.0
5.0,9.0,0.0,22.0,8.0,1.0,9.0,7.0,2.0,2.0,8.0
4.0,3.0,1.0,7.0,3.0,7.0,4.0,1.0,3.0,5.0,4.0
5.0,9.0,8.0,8.0,6.0,4.0,9.0,2.0,9.0,5.0,8.0
9.0,7.0,9.0,2.0,9.0,9.0,1.0,1.0,9.0,1.0,7.0
2.0,9.0,3.0,8.0,5.0,9.0,4.0,5.0,8.0,8.0,6.0
2.0,2.0,4.0,7.0,1.0,1.0,3.0,9.0,7.0,2.0,0.0
4.0,6.0,4.0,9.0,9.0,1.0,0.0,8.0,2.0,4.0,0.0
6.0,6.0,9.0,5.0,6.0,7.0,0.0,5.0,53.0,4.0,5.0
0.0,9.0,0.0,1.0,6.0,6.0,4.0,3.0,4.0,9.0,9.0
0.0,9.0,8.0,6.0,8.0,8.0,6.0,6.0,7.0,6.0,9.0
4.0,7.0,4.0,3.0,5.0,9.0,0.0,1.0,2.0,4.0,2.0
9.0,0.0,9.0,7.0,8.0,1.0,9.0,1.0,9.0,25.0,4.0
0.0,3.0,7.0,9.0,5.0,9.0,9.0,2.0,5.0,0.0,14.0
9.0,2.0,4.0,0.0,9.0,9.0,0.0,6.0,7.0,9.0,2.0
5.0,4.0,45.0,7.0,1.0,6.0,1.0,5.0,8.0,9.0,1.0
5.0,2.0,9.0,5.0,9.0,7.0,5.0,2.0,3.0,5.0,98.0
7.0,1.0,2.0,4.0,16.0,2.0,7.0,0.0,7.0,5.0,8.0
1.0,0.0,5.0,5.0,4.0,4.0,9.0,0.0,2.0,9.0,3.0
7.0,3.0,0.0,6.0,6.0,4.0,0.0,5.0,2.0,4.0,5.0
1.0,7.0,3.0,0.0,374.0,7.0,3.0,4.0,2.0,3.0,3.0
1.0,0.0,8.0,1.0,9.0,4.0,4.0,0.0,4.0,4.0,3.0
1.0,9.0,1.0,8.0,2.0,4.0,2.0,9.0,9.0,7.0,6.0
5.0,1.0,5.0,874.0,2.0,6.0,9.0,9.0,1.0,6.0,1.0
8.0,6.0,0.0,5.0,59.0,3.0,6.0,4.0,8.0,3.0,2.0
1.0,3.0,1.0,0.0,9.0,9.0,4.0,3.0,9.0,3.0,9.0
5.0,6.0,7.0,5.0,6.0,3.0,6.0,89.0,2.0,9.0,2.0
4.0,74.0,7.0,8.0,9.0,5.0,3.0,8.0,5.0,4.0,2.0
3.0,1.0,4.0,488.0,7.0,3.0,3.0,2.0,8.0,7.0,5.0
8.0,0.0,7.0,1.0,6.0,0.0,7.0,9.0,9.0,9.0,1.0
7.0,8.0,4.0,1.0,6.0,9.0,9.0,3.0,1.0,0.0,0.0
1.0,10.0,0.0,2.0,0.0,12.0,0.0,11.0,0.0,0.0,0.0
595.0,842.0,12.0,0.0,1.0,5.0,0.0,2.0,7.0,0.0,1.0
6.0,0.0,14.0,0.0,11038.0,8.0,1.0,7.0,3.0,6.0,9.0
9.0,9.0,9.0,9.0,1.0,68.0,6.0,1.0,2.0,6.0,69.0
7.0,96.0,6.0,8.0,1.0,5.0,8.0,3.0,0.0,3.0,6.0
1.0,7.0,7.0,35.0,6.0,1.0,2.0,1.0,1.0,2.0,4.0
2.0,9.0,9.0,9.0,4.0,4.0,3.0,4.0,3.0,8.0,5.0
0.0,6.0,5.0,7.0,3.0,2.0,2.0,5.0,2.0,9.0,8.0
5.0,21.0,8.0,0.0,6.0,5.0,6.0,8.0,4.0,3.0,3.0
9.0,9.0,5.0,8.0,8.0,2.0,5.0,6.0,5.0,8.0,7.0
4.0,7.0,7.0,4.0,45.0,2.0,7.0,5.0,6.0,7.0,4.0
9.0,12.0,5.0,2.0,9.0,4.0,5.0,6.0,3.0,1.0,4.0
1.0,2.0,2.0,2.0,7.0,3.0,1.0,1.0,4.0,1.0,4.0
4.0,5.0,2.0,5.0,8.0,2.0,2.0,8.0,0.0,7.0,3.0
7.0,4.0,6.0,4.0,9.0,9.0,1.0,9.0,0.0,0.0,7.0
3.0,8.0,6.0,6.0,5.0,7.0,1.0,5.0,6.0,6.0,7.0
5.0,3.0,2.0,5.0,3.0,7.0,0.0,9.0,3.0,1.0,7.0
19.0,2.0,1.0,35.0,0.0,5.0,45.0,6.0,1.0,7.0,7.0
4.0,5.0,7.0,4.0,2.0,4.0,5.0,1.0,9.0,2.0,3.0
0.0,8.0,8.0,7.0,1.0,0.0,2.0,3.0,6.0,1.0,7.0
3.0,8.0,7.0,0.0,9.0,5.0,4.0,7.0,3.0,6.0,0.0
4.0,4.0,0.0,2.0,0.0,2.0,5.0,4.0,5.0,2.0,6.0
2.0,7.0,1.0,4.0,9.0,3.0,4.0,2.0,1.0,2.0,9.0
1.0,6.0,5.0,9.0,5.0,3.0,2.0,58.0,5.0,9.0,5.0
6.0,3.0,7.0,0.0,0.0,9.0,3.0,0.0,4.0,8.0,5.0
4.0,3.0,9.0,2.0,6.0,3.0,4.0,2.0,9.0,2.0,5.0
2.0,0.0,2.0,2.0,5.0,4.0,7.0,6.0,5.0,6.0,4.0
9.0,4.0,4.0,0.0,2.0,7.0,1.0,532.0,2.0,4.0,1.0
5.0,0.0,4.0,3.0,4.0,2.0,4.0,1.0,2.0,2.0,48.0
5.0,21.0,3.0,1.0,5.0,6.0,9.0,8.0,6.0,8.0,2.0
4.0,5.0,3.0,6.0,1.0,0.0,4.0,2.0,0.0,7.0,7.0
4.0,2.0,0.0,3.0,8.0,2.0,9.0,8.0,2.0,3.0,3.0
7.0,1.0,3.0,9.0,8.0,4.0,3.0,6.0,9.0,6.0,0.0
4.0,1.0,4.0,6.0,5.0,4.0,6.0,3.0,9.0,7.0,5.0
4.0,0.0,4.0,3.0,1.0,0.0,3.0,1.0,0.0,0.0,7.0
8.0,0.0,6.0,36.0,5.0,4.0,1.0,0.0,9.0,4.0,8.0
8.0,7.0,7.0,6.0,4.0,8.0,2.0,1.0,8.0,1.0,6.0
6.0,9.0,4.0,8.0,8.0,6.0,4.0,5.0,8.0,40.0,2.0
6.0,9.0,0.0,13.0,0.0,2.0,0.0,15.0,0.0,14.0,0.0
0.0,0.0,595.0,842.0,15.0,0.0,1.0,5.0,0.0,2.0,7.0
0.0,1.0,6.0,0.0,17.0,0.0,11013.0,0.0,8.0,8.0,1.0
5.0,2.0,2.0,6.0,2.0,5.0,6.0,2.0,9.0,2.0,9.0
2.0,2.0,9.0,3.0,2.0,3.0,9.0,2.0,6.0,5.0,2.0
2.0,0.0,6.0,3.0,1.0,0.0,3.0,74.0,3.0,3.0,1.0
3.0,2.0,0.0,0.0,5.0,4.0,9.0,3.0,2.0,7.0,4.0
9.0,0.0,3.0,0.0,9.0,6.0,4.0,0.0,5.0,9.0,1.0
1.0,5.0,3.0,2.0,3.0,4.0,15.0,6.0,6.0,6.0,4.0
9.0,1.0,5.0,51.0,1.0,6.0,6.0,9.0,6.0,5.0,8.0
4.0,7.0,1.0,65.0,4.0,3.0,36.0,5.0,5.0,4.0,2.0
3.0,1.0,5.0,1.0,1.0,4.0,3.0,3.0,9.0,68.0,23.0
5.0,0.0,96.0,65.0,1.0,2.0,2.0,4.0,1.0,1.0,4.0
6.0,1.0,5.0,2.0,5.0,2.0,1.0,1.0,21.0,3.0,0.0
1.0,1.0,1.0,5.0,5.0,5.0,4.0,1.0,5.0,8.0,8.0
4.0,3.0,3.0,7.0,4.0,8.0,6.0,6.0,2.0,3.0,0.0
9.0,2.0,5.0,2.0,4.0,2.0,5.0,1.0,3.0,0.0,1.0
2.0,7.0,3.0,5.0,6.0,1.0,6.0,9.0,6.0,5.0,0.0
9.0,5.0,5.0,6.0,21.0,6.0,2.0,3.0,3.0,6.0,3.0
5.0,8.0,5.0,3.0,7.0,0.0,62.0,6.0,8.0,2.0,7.0
8.0,8.0,4.0,9.0,7.0,1.0,0.0,4.0,1.0,3.0,8.0
5.0,1.0,6.0,1.0,0.0,1.0,1.0,8.0,1.0,5.0,0.0
7.0,3.0,21.0,5.0,9.0,6.0,4.0,4.0,9.0,0.0,55.0
1.0,6.0,5.0,5.0,9.0,8.0,3.0,6.0,4.0,76.0,1.0
35.0,37.0,9.0,5.0,3.0,9.0,5.0,7.0,8.0,31.0,4.0
5.0,1.0,3.0,9.0,8.0,1.0,0.0,2.0,5.0,1.0,2.0
9.0,1.0,4.0,5.0,3.0,8.0,6.0,1.0,4.0,5.0,36.0
1.0,6.0,4.0,8.0,8.0,0.0,37.0,70.0,6.0,6.0,7.0
74.0,4.0,3.0,6.0,7.0,56.0,79.0,1.0,4.0,8.0,4.0
9.0,3.0,6.0,2.0,7.0,5.0,6.0,2.0,3.0,8.0,6.0
9.0,18.0,8.0,3.0,5.0,1.0,7.0,7.0,6852.0,1.0,0.0
6.0,9.0,7.0,3.0,5.0,5.0,4.0,9.0,41.0,44.0,5.0
6.0,9.0,4.0,8.0,9.0,9.0,9.0,0.0,6.0,7.0,3.0
1.0,8.0,1.0,5.0,7.0,1.0,3.0,8.0,24.0,1.0,4.0
6.0,6.0,90.0,6.0,5.0,2.0,8.0,4.0,7.9,0.0,0.0
5.0,8.0,5.0,6.0,3.0,0.0,8.0,39.0,0.0,9.0,5.0
1.0,9.0,0.0,1.0,4.0,1.0,9.0,8.0,3.0,4.0,48.0
7.0,55.0,2.0,8.0,5.0,63.0,4.0,2.0,3.0,7.0,1.0
1.0,9.0,5.0,1.0,7.0,2.0,2.0,2.0,9.0,9.0,0.0
6.0,8.0,1.0,6.0,7.0,0.0,1.0,2.0,2.0,0.0,4.0
5.0,2.0,8.0,5.0,3.0,4.0,3.0,0.0,16.0,0.0,2.0
0.0,18.0,0.0,17.0,0.0,0.0,0.0,595.0,842.0,18.0,0.0
1.0,5.0,0.0,2.0,7.0,0.0,1.0,6.0,0.0,20.0,0.0
11158.0,3.0,9.0,3.0,6.0,56.0,6.0,9.0,9.0,1.0,1.0
5.0,69.0,8.0,6.0,56.0,0.0,9.0,4.0,1.0,3.0,56.0
6.0,4.0,1.0,6.0,95.0,4.0,8.0,3.0,2.0,5.0,4.0
8.0,9.0,3.0,8.0,9.0,1.0,3.0,7.0,3.0,8.0,3.0
6.0,8.0,1.0,74.0,5.0,3.0,6.0,4.0,0.0,7.0,1.0
6.0,8.0,4.0,3.0,4.0,9.0,2.0,7.0,5.0,5.0,7.0
5.0,7.0,1.0,1.0,69.0,7.0,0.0,1.0,2.0,5.0,5.0
4.0,3.0,0.0,2.0,0.0,3.0,6.0,3.0,4.0,9.0,7.0
9.0,5.0,7.0,4.0,7.0,5.0,1.0,5.0,5.0,5.0,7.0
6.0,55.0,3.0,5.0,6.0,9.0,0.0,0.0,2.0,7.0,0.0
6.0,9.0,3.0,6.0,9.0,5.0,2.0,5.0,0.0,2.0,2.0
5.0,8.0,2.0,2.0,2.0,5.0,0.0,4.0,4.0,8.0,7.0
4.0,9.0,2.0,2.0,7.0,1.0,4.0,2.0,1.0,3.0,1.0
5.0,4.0,5.0,1.0,5.0,4.0,45.0,1.0,3.0,5.0,2.0
52.0,4.0,45.0,6.0,3.0,1.0,5.0,5.0,3.0,45.0,55.0
9.0,2.0,7.0,2.0,6.0,5.0,5.0,4.0,1.0,5.0,2.0
3.0,2.0,4.0,2.0,5.0,9.0,2.0,1.0,2.0,1.0,30.0
11.0,5.0,7.0,5.0,9.0,0.0,1.0,5.0,5.0,3.0,9.0
9.0,4.0,3.0,2.0,5.0,9.0,4.0,7.0,7.0,5.0,7.0
8.0,3.0,2.0,0.0,3.0,5.0,27.0,2.0,4.0,7.0,3.0
6.0,9.0,2.0,9.0,27.0,9.0,6.0,45.0,5.0,0.0,2.0
4.0,6.0,9.0,9.0,5.0,6.0,1.0,3.0,9.0,9.0,3.0
5.0,3.0,3.0,7.0,4.0,3.0,9.0,6.0,90.0,1.0,8.0
0.0,5.0,1.0,4.0,2.0,0.0,9.0,90.0,5.0,2.0,3.0
6.0,3.0,8.0,5.0,0.0,1.0,5.0,1.0,7.0,9.0,9.0
0.0,7.0,6.0,8.0,7.0,9.0,3.0,0.0,0.0,6.0,9.0
7.0,6.0,1.0,5.0,9.0,7.0,4.0,3.0,5.0,0.0,1.0
6.0,9.0,6.0,6.0,3.0,0.0,0.0,5.0,0.0,2.0,3.0
2.0,6.0,1.0,6.0,1.0,1.0,5.0,5.0,7.0,2.0,1.0
5.0,5.0,5.0,6.0,0.0,3.0,1.0,3.0,5.0,1.0,0.0
9.0,0.0,7.0,4.0,4.0,0.0,7.0,6.0,0.0,4.0,1.0
5.0,3.0,6.0,78.0,1.0,5.0,82.0,6.0,3.0,3.0,22.0
6.0,4.0,4.0,7.0,7.0,8.0,1.0,7.9,7.0,0.0,8.0
4.0,4.0,9.0,2.0,3.0,8.0,1.0,2.0,7.0,8.0,6.0
1.0,1.0,9.0,8.0,9.0,7.0,2.0,1.0,2.0,4.0,9.0
8.0,19.0,0.0,2.0,0.0,21.0,0.0,20.0,0.0,0.0,0.0
595.0,842.0,21.0,0.0,1.0,5.0,0.0,2.0,7.0,0.0,1.0
6.0,0.0,23.0,0.0,11068.0,7.0,6.0,8.0,6.0,9.0,1.0
4.0,3.0,3.0,8.0,6.0,9.0,6.0,9.0,8.0,8.0,9.0
4.0,9.0,2.0,3.0,5.0,2.0,8.0,5.0,9.0,0.0,5.0
4.0,2.0,72.0,5.0,2.0,1.0,9.0,6.0,5.0,3.0,8.0
88.0,2.0,8.0,5.0,2.0,4.0,5.0,2.0,94.0,0.0,6.0
6.0,2.0,4.0,1.0,5.0,3.0,9.0,2.0,5.0,9.0,0.0
7.0,7.0,2.0,5.0,90.0,9.0,7.0,7.0,90.0,1.0,3.0
5.0,4.0,0.0,5.0,74.0,6.0,3.0,4.0,1.0,0.0,0.0
6.0,7.0,8.0,6.0,6.0,2.0,1.0,2.0,5.0,2.0,2.0
9.0,5.0,3.0,7.0,4.0,5.0,4.0,8.0,1.0,21.0,2.0
0.0,5.0,2.0,4.0,5.0,2.0,31.0,3.0,1.0,7.0,5.0
2.0,4.0,5.0,395.0,2.0,2.0,5.0,5.0,3.0,7.0,2.0
2.0,4.0,2.0,2.0,3.0,5.0,9.0,7.0,7.0,3.0,4.0
5.0,5.0,4.0,2.0,6.0,9.0,2.0,5.0,5.0,2.0,1.0
7.0,2.0,7.0,61.0,5.0,7.0,1.0,1.0,9.0,7.0,2.0
7.0,4.0,7.0,2.0,6.0,7.0,0.0,7.0,6.0,2.0,45.0
1.0,1.0,5.0,2.0,2.0,0.0,4.0,2.0,4.0,21.0,2.0
4.0,1.0,3.0,7.0,5.0,1.0,0.0,0.0,6.0,1.0,5.0
1.0,2.0,2.0,1.0,9.0,1.0,4.0,7.0,6.0,5.0,5.0
0.0,6.0,3.0,5.0,8.0,3.0,2.0,0.0,4.0,1.0,0.0
2.0,0.0,9.0,8.0,7.0,86.0,32.0,2.0,4.0,2.0,3.0
4.0,3.0,5.0,0.0,5.0,0.0,2.0,2.0,363.0,4.0,5.0
2.0,9.0,1.0,9.0,2.0,50.0,6.0,5.0,53.0,21.0,1.0
5.0,4.0,2.0,5.0,2.0,5.0,0.0,2.0,86.0,4.0,5.0
2.0,5.0,4.0,8.0,5.0,8.0,2.0,1.0,9.0,1.0,2.0
1.0,7.0,2.0,7.0,9.0,2.0,5.0,5.0,6.0,6.0,4.0
3.0,2.0,6.0,3.0,4.0,4.0,9.0,3.0,4.0,1.0,5.0
9.0,5.0,3.0,3.0,5.0,60.0,7.0,3.0,4.0,6.0,7.0
2.0,9.0,1.0,1.0,3.0,6.0,5.0,5.0,2.0,82.0,9.0
6.0,46.0,7.0,46.0,4.0,4.0,4.0,8.0,4.0,1.0,9.0
5.0,7.0,3.0,0.0,1.0,7.0,1.0,6.0,5.0,6.0,8.0
1.0,1.0,7.0,3.0,8.0,5.0,353.0,4.0,8.0,9.0,3.0
9.0,4.0,3.0,5.0,4.0,8.0,8.0,8.0,2.0,8.0,2.0
3.0,5.0,8.0,1.0,1.0,6.0,1.0,1.0,9.0,8.0,1.0
9.0,7.0,2.0,3.0,0.0,22.0,0.0,2.0,0.0,24.0,0.0
23.0,0.0,0.0,0.0,595.0,842.0,24.0,0.0,1.0,5.0,0.0
2.0,7.0,0.0,1.0,6.0,0.0,26.0,0.0,11099.0,0.0,20.0
6.0,9.0,98.0,1.0,52.0,6.0,8.0,2.0,2.0,29.0,52.0
3.0,23.0,3.0,1.0,7.0,3.0,52.0,4.0,29.0,2.0,6.0
52.0,3.0,6.0,3.0,7.0,52.0,0.0,2.0,1.0,1.0,2.0
1.0,7.0,4.0,3.0,4.0,5.0,9.0,9.0,7.0,7.0,23.0
4.0,7.0,3.0,33.0,1.0,3.0,83.0,0.0,1.0,8.0,3.0
3.0,1.0,5.0,2.0,3.0,7.0,0.0,9.0,6.0,71.0,8.0
9.0,3.0,2.0,3.0,3.0,5.0,1.0,3.0,5.0,14.0,59.0
4.0,8.0,3.0,6.0,2.0,3.0,7.0,2.0,7.0,9.0,2.0
5.0,1.0,2.0,0.0,5.0,7.0,9.0,6.0,2.0,8.0,7.0
76.0,7.0,2.0,5.0,4.0,6.0,9.0,0.0,3.0,5.0,7.0
1.0,1.0,3.0,2.0,8.0,4.0,9.0,7.0,8.0,5.0,4.0
1.0,3.0,8.0,0.0,8.0,4.0,3.0,9.0,5.0,7.0,2.0
9.0,6.0,0.0,1.0,9.0,2.0,6.0,5.0,4.0,44.0,6.0
5.0,2.0,3.0,1.0,3.0,2.0,7.0,93.0,1.0,7.0,9.0
0.0,5.0,2.0,9.0,0.0,1.0,8.0,4.0,1.0,6.0,15.0
1.0,1.0,1.0,2.0,6.0,5.0,1.0,1.0,3.0,6.0,3.0
8.0,8.0,7.0,8.0,5.0,5.0,7.0,6.0,2.0,0.0,7.0
9.0,4.0,56.0,9.0,9.0,5.0,2.0,3.0,2.0,6.0,3.0
2.0,0.0,2.0,3.0,15.0,0.0,2.0,35.0,9.0,1.0,8.0
8.0,1.0,7.0,8.0,5.0,8.0,3.0,6.0,8.0,4.0,5.0
9.0,2.0,1.0,2.0,1.0,6.0,2.0,8.0,9.0,795.0,1.0
3.0,5.0,1.0,3.0,1.0,2.0,6.0,9.0,6.0,9.0,0.0
8.0,2.0,6.0,1.0,0.0,5.0,2.0,1.0,4.0,7.0,9.0
9.0,5.0,3.0,64.0,4.0,7.0,9.0,2.0,1.0,9.0,3.0
6.0,0.0,8.0,6.0,3.0,7.0,1.0,3.0,5.0,5.0,3.0
3.0,6.0,3.0,3.0,2.0,5.0,6.0,2.0,9.0,8.0,69.0
4.0,0.0,6.0,5.0,5.0,5.0,5.0,4.0,1.0,4.0,0.0
7.0,1.0,4.0,1.0,9.0,5.0,44.0,0.0,4.0,1.0,0.0
0.0,1.0,3.0,1.0,4.0,51.0,5.0,4.0,6.0,0.0,1.0
0.0,9.0,0.0,0.0,0.0,3.0,86.0,7.0,4.0,1.0,4.0
2.0,1.0,0.0,6.0,2.0,5.0,4.0,9.0,3.0,4.0,1.0
4.0,7.0,5.0,0.0,91.0,3.0,9.0,7.0,6.0,4.0,2.0
3.0,8.0,4.0,3.0,1.0,7.0,3.0,80.0,8.0,8.0,87.0
9.0,3.0,353.0,5.0,7.0,2.0,9.0,9.0,1.0,0.0,7.0
2.0,90.0,2.0,8.0,0.0,0.0,0.0,4.0,6.0,3.0,0.0
4.0,3.0,1.0,25.0,0.0,2.0,0.0,27.0,0.0,26.0,0.0
0.0,0.0,595.0,842.0,27.0,0.0,1.0,5.0,0.0,2.0,7.0
0.0,1.0,6.0,0.0,29.0,0.0,11115.0,1.0,9.0,3.0,8.0
3.0,7.0,8.0,1.0,1.0,3.0,5.0,14.0,96.0,9.0,6.0
6.0,1.0,8.0,2.0,9.0,5.0,9.0,96.0,68.0,6.0,6.0
45.0,9.0,1.0,3.0,8.0,5.0,9.0,8.0,7.0,0.0,9.0
12.0,4.0,2.0,0.0,1.0,1.0,3.0,7.0,7.0,0.0,7.0
7.0,0.0,5.0,3.0,5.0,1.0,0.0,3.0,4.0,2.0,5.0
8.0,8.0,5.0,6.0,8.0,0.0,1.0,2.0,2.0,9.0,95.0
3.0,7.0,3.0,0.0,2.0,2.0,3.0,5.0,4.0,0.0,1.0
2.0,6.0,2.0,0.0,5.0,3.0,2.0,8.0,0.0,1.0,6.0
6.0,9.0,9.0,1.0,2.0,2.0,0.0,61.0,7.0,9.0,7.0
2.0,0.0,3.0,7.0,3.0,0.0,4.0,6.0,9.0,3.0,40.0
5.0,1.0,45.0,5.0,8.0,9.0,5.0,1.0,4.0,3.0,3.0
1.0,7.0,1.0,0.0,9.0,3.0,6.0,4.0,1.0,2.0,1.0
3.0,2.0,1.0,3.0,2.0,1.0,4.0,2.0,4.0,3.0,3.0
4.0,1.0,5.0,2.0,6.0,6.0,54.0,2.0,4.0,5.0,9.0
1.0,5.0,41.0,5.0,1.0,0.0,5.0,9.0,1.0,5.0,4.0
7.0,3.0,4.0,0.0,2.0,5.0,2.0,4.0,6.0,2.0,9.0
1.0,5.0,3.0,5.0,9.0,1.0,6.0,93.0,5.0,3.0,6.0
4.0,3.0,2.0,5.0,1.0,5.0,2.0,7.0,82.0,3.0,5.0
7.0,2.0,68.0,2.0,6.0,3.0,0.0,7.0,2.0,9.0,9.0
4.0,5.0,6.0,2.0,9.0,3.0,6.0,1.0,5.0,8.0,0.0
4.0,5.0,0.0,0.0,2.0,3.0,1.0,0.0,2.0,4.0,2.0
9.0,3.0,5.0,5.0,2.0,3.0,3.0,3.0,2.0,7.0,5.0
53.0,1.0,2.0,9.0,1.0,5.0,3.0,0.0,2.0,9.0,97.0
5.0,4.0,4.0,6.0,6.0,0.0,8.0,7.0,1.0,8.0,2.0
6.0,5.0,97.0,6.0,3.0,9.0,3.0,6.0,4.0,5.0,6.0
3.0,4.0,0.0,6.0,5.0,5.0,0.0,6.0,97.0,9.0,8.0
8.0,2.0,2.0,7.0,1.0,9.0,5.0,3.0,7.0,8.0,3.0
28.0,9.0,0.0,6.0,1.0,4.0,2.0,4.0,0.0,0.0,2.0
6.0,4.0,4.0,5.0,2.0,6.0,5.0,4.0,4.0,6.0,5.0
2.0,4.0,33.0,9.0,4.0,0.0,9.0,0.0,4.0,0.0,7.0
1.0,6.0,9.0,5.0,9.0,9.0,5.0,6.0,69.0,6.0,9.0
5.0,7.0,6.0,9.0,2.0,3.0,9.0,9.0,3.0,6.0,4.0
6.0,0.0,6.0,0.0,10.0,3.0,78.0,4.0,6.0,8.0,2.0
6.0,2.0,6.0,9.0,6.0,6.0,1.0,5.0,6.0,29.0,7.0
1.0,2.0,8.0,6.0,9.0,1.0,3.0,6.0,0.0,0.0,1.0
4.0,21.0,28.0,0.0,2.0,0.0,30.0,0.0,29.0,0.0,0.0
0.0,595.0,842.0,30.0,0.0,1.0,5.0,0.0,2.0,7.0,0.0
1.0,6.0,0.0,33.0,0.0,11150.0,1.0,6.0,2.0,4.0,6.0
6.0,6.0,8.0,6.0,96.0,4.0,5.0,8.0,3.0,6.0,1.0
3.0,6.0,6.0,4.0,8.0,6.0,9.0,6.0,96.0,6.0,9.0
353.0,4.0,1.0,3.0,9.0,1.0,2.0,9.0,7.0,47.0,6.0
8.0,2.0,9.0,5.0,1.0,3.0,5.0,9.0,2.0,3.0,6.0
7.0,1.0,5.0,2.0,3.0,8.0,1.0,1.0,8.0,2.0,3.0
6.0,3.0,0.0,31.0,8.0,9.0,2.0,22.0,2.0,1.0,1.0
7.0,3.0,5.0,5.0,6.0,0.0,9.0,0.0,2.0,1.0,6.0
9.0,9.0,2.0,1.0,0.0,5.0,3.0,1.0,3.0,4.0,9.0
7.0,5.0,2.0,3.0,5.0,3.0,5.0,2.0,8.0,2.0,4.0
5.0,9.0,2.0,2.0,1.0,3.0,2.0,8.0,5.0,5.0,3.0
3.0,0.0,0.0,3.0,8.0,1.0,9.0,6.0,4.0,2.0,1.0
9.0,9.0,3.0,2.0,3.0,7.0,0.0,5.0,3.0,4.0,1.0
1.0,5.0,2.0,8.0,1.0,9.0,6.0,3.0,1.0,1.0,4.0
7.0,2.0,4.0,73.0,5.0,0.0,9.0,4.0,4.0,1.0,9.0
3.0,2.0,8.0,1.0,2.0,9.0,89.0,2.0,21.0,3.0,1.0
0.0,6.0,2.0,4.0,7.0,2.0,2.0,5.0,4.0,7.0,5.0
9.0,1.0,7.0,2.0,0.0,9.0,0.0,5.0,2.0,4.0,5.0
4.0,1.0,7.0,3.0,2.0,45.0,4.0,2.0,3.0,5.0,3.0
5.0,1.0,1.0,3.0,3.0,2.0,5.0,71.0,39.0,4.0,0.0
1.0,0.0,2.0,5.0,1.0,5.0,1.0,6.0,2.0,3.0,1.0
5.0,6.0,5.0,6.0,2.0,9.0,5.0,2.0,0.0,0.0,9.0
0.0,3.0,6.0,2.0,2.0,3.0,3.0,3.0,6.0,69.0,3.0
2.0,6.0,2.0,1.0,4.0,1.0,5.0,2.0,3.0,51.0,4.0
61.0,0.0,5.0,6.0,62.0,5.0,4.0,1.0,9.0,5.0,4.0
1.0,6.0,2.0,5.0,12.0,4.0,7.0,6.0,2.0,7.0,4.0
5.0,5.0,3.0,20.0,6.0,9.0,3.0,5.0,2.0,15.0,4.0
4.0,7.0,21.0,2.0,1.0,4.0,55.0,8.0,5.0,4.0,1.0
5.0,0.0,0.0,2.0,2.0,5.0,2.0,8.0,4.0,3.0,7.0
5.0,2.0,2.0,5.0,4.0,0.0,6.0,2.0,0.0,5.0,0.0
3.0,4.0,5.0,2.0,8.0,3.0,3.0,2.0,2.0,7.0,2.0
42.0,4.0,2.0,5.0,4.0,0.0,4.0,5.0,8.0,1.0,4.0
7.0,1.0,7.0,7.0,4.0,1.0,2.0,1.0,3.0,8.0,6.0
3.0,8.0,2.0,14.0,3.0,8.0,6.0,8.0,2.0,1.0,6.0
1.0,9.0,6.0,2.0,9.0,8.0,8.0,7.0,7.0,8.0,9.0
7.0,8.0,9.0,9.0,6.0,6.0,7.0,8.0,8.0,4.0,6.0
4.0,2.0,4.0,3.0,8.0,4.0,8.0,8.0,6.0,7.0,0.0
3.0,31.0,0.0,32.0,0.0,34.0,0.0,33.0,0.0,0.0,0.0
595.0,842.0,34.0,0.0,1.0,5.0,0.0,2.0,7.0,0.0,1.0
6.0,0.0,36.0,0.0,11269.0,202.0,6.0,2.0,52.0,52.0,2.0
1.0,31.0,71.0,5.0,5.0,5.0,9.0,52.0,3.0,5.0,6.8
5.0,52.0,3.0,9.0,52.0,7.0,52.0,5.0,8.0,4.0,8.0
0.0,3.0,4.0,8.0,3.0,1.0,5.0,1.0,48.0,8.0,5.0
7.0,8.0,1.0,8.0,5.0,2.0,4.0,5.0,3.0,45.0,1.0
9.0,7.0,1.0,8.0,0.0,2.0,0.0,5.0,5.0,4.0,7.0
5.0,3.0,6.0,4.0,9.0,3.0,5.0,5.0,5.0,4.0,8.0
4.0,4.0,1.0,8.0,8.0,5.0,6.0,4.0,3.0,7.0,9.0
9.0,5.0,4.0,0.0,5.0,1.0,1.0,4.0,6.0,2.0,6.0
22.0,6.0,7.0,8.0,5.0,1.0,4.0,2.0,7.0,4.0,8.0
71.0,9.0,9.0,5.0,9.0,1.0,1.0,7.0,5.0,5.0,6.0
45.0,74.0,5.0,2.0,2.0,9.0,1.0,0.0,4.0,6.0,4.0
9.0,34.0,5.0,2.0,6.0,97.0,4.0,2.0,2.0,3.0,2.0
7.0,7.0,6.0,5.0,1.0,4.0,4.0,2.0,4.0,2.0,71.0
6.0,2.0,5.0,1.0,4.0,9.0,1.0,2.0,2.0,5.0,9.0
4.0,2.0,0.0,6.0,264.0,2.0,9.2,3.0,2.0,2.0,2.0
2.0,7.0,1.0,9.0,6.0,8.0,1.0,7.0,9.0,3.0,6.0
8.0,5.0,4.0,2.0,5.0,4.0,8.0,6.0,5.0,4.0,18.0
1.0,9.0,1.0,8.0,5.0,6.0,3.0,6.0,3.0,6.0,3.0
3.0,6.0,4.0,3.0,4.0,8.0,8.0,9.0,1.0,2.0,2.0
4.0,3.0,5.0,8.0,0.0,1.0,6.0,8.0,8.0,13.0,3.0
4.0,5.0,1.0,0.0,1.0,5.0,88.0,5.0,9.0,6.0,8.0
4.0,5.0,4.0,2.0,7.0,4.0,6.0,8.0,5.0,4.0,9.0
4.0,3.0,29.0,5.0,4.0,6.0,6.0,3.0,2.0,2.0,5.0
6.0,2.0,5.0,7.0,2.0,7.0,4.0,7.0,7.0,8.0,51.0
6.0,5.0,0.0,5.0,3.0,31.0,9.0,4.0,5.0,6.0,6.0
3.0,5.0,6.0,4.0,44.0,90.0,7.0,2.0,7.0,4.0,6.0
5.0,0.0,7.0,1.0,7.0,1.0,4.0,4.0,47.0,8.0,5.0
2.0,3.0,3.0,2.0,2.0,3.0,0.0,0.0,4.0,2.0,0.0
6.0,2.0,0.0,5.0,8.0,5.0,5.0,7.0,6.0,5.0,0.0
7.0,6.0,3.0,5.0,4.0,9.0,2.0,9.0,7.0,13.0,8.0
2.0,0.0,4.0,5.0,5.0,5.0,5.0,6.0,6.0,7.0,9.0
2.0,3.0,3.0,0.0,6.0,1.0,6.0,6.0,6.0,9.0,9.0
5.0,8.0,6.0,3.0,0.0,5.0,7.0,6.0,7.0,7.0,88.0
9.0,5.0,5.0,4.0,4.0,3.0,5.0,71.0,1.0,3.0,7.0
5.0,8.0,5.0,5.0,1.0,6.0,6.0,0.0,8.0,6.0,1.0
4.0,8.0,2.0,1.0,1.0,1.0,0.0,2.0,2.0,9.0,3.0
2.0,8.0,2.0,7.0,35.0,0.0,32.0,0.0,37.0,0.0,36.0
0.0,0.0,0.0,595.0,842.0,37.0,0.0,1.0,5.0,0.0,2.0
7.0,0.0,1.0,6.0,0.0,39.0,0.0,11050.0,19.0,4.0,5.0
2.0,3.0,5.0,5.0,9.0,3.0,9.0,5.0,5.0,3.0,2952.0
3.0,9.0,4.0,3.0,0.0,8.0,5.0,8.0,5.0,6.0,3.0
9.0,81.0,4.0,58.0,2.0,9.0,8.0,0.0,4.0,2.0,66.0
8.0,0.0,9.0,7.0,1.0,5.0,4.0,0.0,5.0,8.0,5.0
3.0,0.0,0.0,1.0,6.0,0.0,3.0,1.0,5.0,82.0,3.0
42.0,1.0,1.0,4.0,2.0,3.0,3.0,7.0,6.0,0.0,4.0
4.0,9.0,18.0,1.0,0.0,8.0,8.0,5.0,3.0,8.0,6.0
3.0,4.0,1.0,2.0,8.0,1.0,6.0,1.0,7.0,27.0,1.0
8.0,45.0,2.0,9.0,5.0,9.0,9.0,1.0,55.0,8.0,1.0
3.0,1.0,3.0,8.0,8.0,0.0,9.0,9.0,5.0,7.0,1.0
7.0,5.0,1.0,1.0,7.0,4.0,5.0,15.0,5.0,2.0,5.0
2.0,5.0,1.0,5.0,7.0,3.0,1.0,9.0,0.0,1.0,2.0
2.0,0.0,24.0,1.0,1.0,3.0,6.0,0.0,5.0,2.0,7.0
8.0,2.0,3.0,7.0,8.0,5.0,1.0,3.0,0.0,9.0,7.0
8.0,7.0,5.0,9.0,45.0,3.0,1.0,3.0,5.0,4.0,3.0
8.0,4.0,2.0,8.0,1.0,6.0,5.0,7.0,5.0,72.0,9.0
0.0,0.0,55.0,55.0,8.0,500.0,5.0,3.0,4.0,7.0,8.0
1.0,8.0,8.0,2.0,9.0,5.0,5.0,8.0,1.0,7.0,6.0
5.0,5.0,1.0,2.0,9.0,7.0,3.0,1.0,6.0,2.0,9.0
4.0,9.0,9.0,7.0,8.0,8.0,4.0,52.0,4.0,5.0,8.0
5.0,5.0,2.0,5.0,8.0,4.0,4.0,3.0,7.0,1.0,2.0
4.0,3.0,8.0,4.0,3.0,4.0,76.0,0.0,9.0,8.0,2.0
8.0,2.0,7.0,8.0,0.0,5.0,3.0,31.0,4.0,7.0,4.0
1.0,4.0,7.0,0.0,3.0,0.0,1.0,4.0,10.0,5.0,3.0
3.0,3.0,1.0,8.0,2.0,8.0,3.0,6.0,5.0,3.0,7.0
5.0,9.0,4.0,8.0,0.0,9.0,1.0,4.0,64.0,4.0,5.0
4.0,0.0,0.0,1.0,3.0,4.0,725.0,9.0,0.0,0.0,1.0
5.0,3.0,9.0,1.0,4.0,5.0,4.0,3.0,1.0,8.0,5.0
4.0,6.0,7.0,0.0,7.0,4.0,4.0,5.0,1.0,5.0,6.0
4.0,8.0,2.0,6.0,6.0,5.0,5.0,0.0,2.0,0.0,1.0
9.0,4.0,0.0,0.0,6.0,42.0,3.0,7.0,9.0,2.0,7.0
7.0,5.0,2.0,7.0,0.0,2.0,7.0,8.0,1.0,61.0,6.0
7.0,4.0,8.0,7.0,9.0,6.0,1.0,2.0,8.0,8.0,9.0
51.0,38.0,0.0,32.0,0.0,40.0,0.0,39.0,0.0,0.0,0.0
595.0,842.0,40.0,0.0,1.0,5.0,0.0,2.0,7.0,0.0,1.0
6.0,0.0,42.0,0.0,11105.0,0.0,1.0,1.0,3.0,9.0,1.0
1.0,56.0,6.0,1.0,6.0,6.0,6.0,6.0,6.0,6.0,56.0
6.0,1.0,8.0,6.0,6.0,4.0,49.0,8.0,4.0,7.0,4.0
9.0,6.0,8.0,9.0,3.0,1.0,0.0,9.0,4.0,9.0,1.0
9.0,2.0,5.0,8.0,1.0,9.0,1.0,3.0,2.0,3.0,52.0
2.0,6.0,2.0,2.0,1.0,3.0,2.0,5.0,6.0,3.0,0.0
5.0,5.0,1.0,1.0,1.0,3.0,9.0,6.0,6.0,6.0,65.0
1.0,3.0,7.0,3.0,1.0,0.0,1.0,3.0,2.0,4.0,2.0
3.0,2.0,4.0,7.0,7.0,1.0,6.0,1.0,8.0,9.0,0.0
1.0,26.0,1.0,5.0,2.0,7.0,5.0,9.0,2.0,7.0,3.0
1.0,8.0,26.0,6.0,2.0,1.0,8.0,8.0,5.0,34.0,6.0
6.0,9.0,2.0,2.0,8.0,3.0,9.0,8.0,2.0,2.0,35.0
9.0,2.0,6.0,3.0,9.0,1.0,9.0,6.0,9.0,4.0,7.0
0.0,2.0,4.0,9.0,6.0,1.0,9.0,9.0,5.0,26.0,2.0
1.0,6.0,9.0,3.0,7.0,7.0,1.0,1.0,1.0,5.0,6.0
2.0,4.0,2.0,7.0,56.0,1.0,2.0,5.0,4.0,5.0,6.0
9.0,9.0,9.0,7.0,5.0,4.0,1.0,3.0,9.0,4.0,1.0
44.0,2.0,9.0,6.0,7.0,1.0,8.0,5.0,4.0,13.0,4.0
6.0,3.0,92.0,61.0,5.0,1.0,2.0,9.0,9.0,3.0,0.0
2.0,1.0,3.0,5.0,9.0,5.0,1.0,7.0,2.0,3.0,1.0
9.0,8.0,4.0,7.0,2.0,7.0,4.0,5.0,2.0,3.0,1.0
5.0,5.0,69.0,6.0,3.0,2.0,6.0,5.0,2.0,0.0,6.0
14.0,6.0,2.0,8.0,9.0,1.0,3.0,7.0,9.0,8.0,2.0
8.0,2.0,3.0,6.0,2.0,6.0,4.0,9.0,33.0,9.0,0.0
3.0,5.0,5.0,2.0,8.0,2.0,1.0,6.0,1.0,1.0,8.0
7.0,9.0,5.0,5.0,2.0,1.0,4.0,2.0,5.0,5.0,9.0
5.0,5.0,3.0,9.0,0.0,5.0,9.0,4.0,7.0,6.0,4.0
4.0,5.0,3.0,4.0,9.0,9.0,4.0,7.0,5.0,1.0,0.0
4.0,1.0,5.0,4.0,5.0,2.0,7.0,8.0,5.0,7.0,5.0
3.0,9.0,3.0,2.0,4.0,7.0,7.0,8.0,0.0,9.0,7.0
2.0,4.0,5.0,5.0,4.0,4.0,2.0,3.0,9.0,6.0,55.0
4.0,2.0,2.0,2.0,4.0,5.0,9.0,4.0,6.0,5.0,9.0
7.0,6.0,4.0,7.0,9.0,0.0,69.0,4.0,4.0,9.0,3.0
5.0,1.0,4.0,2.0,18.0,8.0,98.0,9.0,5.0,0.0,7.0
9.0,6.0,7.0,8.0,2.0,5.0,7.0,8.0,8.0,2.0,2.0
9.0,6.0,0.0,2.0,0.0,41.0,0.0,32.0,0.0,43.0,0.0
42.0,0.0,0.0,0.0,595.0,842.0,43.0,0.0,1.0,5.0,0.0
2.0,7.0,0.0,1.0,6.0,0.0,45.0,0.0,11172.0,8.0,6.0
6.0,7.0,8.0,4.0,6.0,6.0,3.0,8.0,6.0,6.0,5.0
8.0,93.0,9.0,1.0,3.0,6.0,8.0,6.0,6.0,8.0,63.0
1.0,3.0,91.0,5.0,1.0,9.0,5.0,7.0,2.0,4.0,1.0
3.0,9.0,7.0,5.0,33.0,1.0,2.0,0.0,0.0,7.0,1.0
9.0,1.0,2.0,1.0,3.0,8.0,2.0,0.0,6.0,2.0,4.0
3.0,5.0,6.0,2.0,7.0,1.0,9.0,2.0,3.0,6.0,8.0
8.0,5.0,6.0,1.0,5.0,3.0,9.0,39.0,9.0,3.0,8.0
2.0,9.0,2.0,4.0,4.0,8.0,4.0,0.0,2.0,7.0,1.0
6.0,1.0,1.0,4.0,1.0,9.0,6.0,8.0,2.0,2.0,82.0
4.0,4.0,3.0,67.0,9.0,2.0,7.0,6.0,7.0,3.0,3.0
2.0,0.0,1.0,2.0,7.0,3.0,5.0,2.0,5.0,2.0,2.0
8.0,2.0,2.0,6.0,3.0,8.0,2.0,8.0,1.0,3.0,57.0
7.0,3.0,9.0,3.0,2.0,9.0,3.0,1.0,8.0,6.0,3.0
0.0,1.0,3.0,1.0,3.0,6.0,4.0,4.0,6.0,8.0,2.0
3.0,0.0,9.0,7.0,21.0,9.0,8.0,2.0,7.0,9.0,3.0
1.0,2.0,9.0,8.0,3.0,2.0,1.0,2.0,64.0,7.0,6.0
4.0,1.0,1.0,2.0,5.0,8.0,2.0,3.0,5.0,3.0,21.0
1.0,8.0,1.0,2.0,2.0,6.0,2.0,3.0,1.0,2.0,9.0
9.0,7.0,0.0,3.0,0.0,1.0,6.0,0.0,0.0,8.0,4.0
2.0,6.0,7.0,2.0,2.0,1.0,2.0,4.0,7.0,3.0,4.0
7.0,4.0,2.0,9.0,8.0,1.0,6.0,3.0,3.0,0.0,4.0
3.0,0.0,3.0,5.0,5.0,9.0,3.0,9.0,8.0,3.0,0.0
7.0,7.0,6.0,2.0,3.0,7.0,9.0,8.0,5.0,2.0,5.0
3.0,6.0,2.0,2.0,2.0,6.0,2.0,1.0,0.0,4.0,2.0
4.0,5.0,4.0,0.0,0.0,3.0,2.0,53.0,5.0,7.0,3.0
1.0,3.0,9.0,4.0,0.0,6.0,0.0,2.0,0.0,8.0,2.0
7.0,5.0,4.0,2.0,4.0,6.0,8.0,2.0,2.0,5.0,5.0
2.0,7.0,0.0,53.0,0.0,9.0,1.0,3.0,4.0,21.0,9.0
2.0,0.0,0.0,41.0,4.0,3.0,9.0,2.0,5.0,8.0,4.0
0.0,5.0,5.0,4.0,0.0,4.0,6.0,5.0,2.0,9.0,2.0
2.0,4.0,8.0,0.0,4.0,5.0,5.0,5.0,3.0,5.0,0.0
9.0,0.0,1.0,7.0,5.0,0.0,4.0,6.0,7.0,9.0,3.0
67.0,4.0,2.0,77.0,22.0,0.0,2.0,4.0,85.0,5.0,9.0
5.0,3.0,7.0,7.0,0.0,8.0,8.0,3.0,7.0,8.0,9.0
3.0,4.0,9.0,8.0,85.0,9.0,4.0,4.0,7.0,8.0,8.0
2.0,8.0,8.0,1.0,6.0,7.0,8.0,4.0,8.0,7.0,0.0
7.0,6.0,7.0,7.0,44.0,0.0,32.0,0.0,46.0,0.0,45.0
0.0,0.0,0.0,595.0,842.0,46.0,0.0,1.0,5.0,0.0,2.0
7.0,0.0,1.0,6.0,0.0,48.0,0.0,809.0,0.0,37.0,72.0
7.0,5.0,2.0,4.0,7.0,5.0,6.0,7.0,8.0,7.0,5.0
3.0,3.0,2.0,1.0,0.0,9.0,6.0,4.0,3.0,1.0,4.0
7.0,3.0,7.0,6.0,1.0,5.0,99.0,9.0,9.0,47.0,0.0
32.0,0.0,49.0,0.0,48.0,0.0,0.0,0.0,595.0,842.0,49.0
0.0,1.0,5.0,0.0,2.0,7.0,0.0,1.0,6.0,0.0,51.0
0.0,50.0,0.0,52.0,0.0,53.0,0.0,50.0,0.0,51.0,0.0
54.0,0.0,55.0,0.0,56.0,0.0,57.0,0.0,58.0,0.0,59.0
0.0,60.0,0.0,61.0,0.0,62.0,0.0,63.0,0.0,64.0,0.0
65.0,0.0,66.0,0.0,67.0,0.0,68.0,0.0,69.0,0.0,70.0
0.0,71.0,0.0,72.0,0.0,73.0,0.0,74.0,0.0,75.0,0.0
76.0,0.0,77.0,0.0,78.0,0.0,79.0,0.0,80.0,0.0,81.0
0.0,54.0,0.0,50.0,0.0,82.0,0.0,83.0,0.0,82.0,0.0
54.0,0.0,1.0,0.0,2.0,83.0,0.0,54.0,0.0,84.0,0.0
85.0,0.0,84.0,0.0,83.0,0.0,86.0,0.0,86.0,0.0,84.0
0.0,87.0,0.0,88.0,0.0,89.0,0.0,90.0,0.0,91.0,0.0
92.0,0.0,93.0,0.0,94.0,0.0,95.0,0.0,96.0,0.0,87.0
0.0,86.0,0.0,97.0,0.0,97.0,0.0,87.0,0.0,1.0,0.0
7.0,88.0,0.0,86.0,0.0,98.0,0.0,98.0,0.0,88.0,0.0
1.0,0.0,9.0,89.0,0.0,86.0,0.0,99.0,0.0,99.0,0.0
89.0,0.0,1.0,0.0,11.0,90.0,0.0,86.0,0.0,100.0,0.0
100.0,0.0,90.0,0.0,1.0,0.0,13.0,91.0,0.0,86.0,0.0
101.0,0.0,101.0,0.0,91.0,0.0,1.0,0.0,15.0,92.0,0.0
86.0,0.0,102.0,0.0,102.0,0.0,92.0,0.0,1.0,0.0,17.0
93.0,0.0,86.0,0.0,103.0,0.0,103.0,0.0,93.0,0.0,1.0
0.0,19.0,94.0,0.0,86.0,0.0,104.0,0.0,104.0,0.0,94.0
0.0,1.0,0.0,21.0,95.0,0.0,86.0,0.0,105.0,0.0,105.0
0.0,95.0,0.0,1.0,0.0,23.0,96.0,0.0,86.0,0.0,106.0
0.0,106.0,0.0,96.0,0.0,1.0,0.0,25.0,85.0,0.0,83.0
0.0,107.0,0.0,108.0,0.0,109.0,0.0,110.0,0.0,111.0,0.0
112.0,0.0,113.0,0.0,114.0,0.0,115.0,0.0,116.0,0.0,117.0
0.0,118.0,0.0,119.0,0.0,120.0,0.0,121.0,0.0,122.0,0.0
123.0,0.0,124.0,0.0,125.0,0.0,126.0,0.0,127.0,0.0,128.0
0.0,129.0,0.0,130.0,0.0,131.0,0.0,132.0,0.0,133.0,0.0
134.0,0.0,135.0,0.0,136.0,0.0,137.0,0.0,138.0,0.0,107.0
0.0,85.0,0.0,139.0,0.0,140.0,0.0,141.0,0.0,142.0,0.0
143.0,0.0,144.0,0.0,145.0,0.0,146.0,0.0,147.0,0.0,148.0
0.0,139.0,0.0,107.0,0.0,149.0,0.0,149.0,0.0,139.0,0.0
1.0,0.0,29.0,140.0,0.0,107.0,0.0,150.0,0.0,150.0,0.0
140.0,0.0,1.0,0.0,31.0,141.0,0.0,107.0,0.0,151.0,0.0
151.0,0.0,141.0,0.0,1.0,0.0,33.0,142.0,0.0,107.0,0.0
152.0,0.0,152.0,0.0,142.0,0.0,1.0,0.0,35.0,143.0,0.0
107.0,0.0,153.0,0.0,153.0,0.0,143.0,0.0,1.0,0.0,37.0
144.0,0.0,107.0,0.0,154.0,0.0,154.0,0.0,144.0,0.0,1.0
0.0,39.0,145.0,0.0,107.0,0.0,155.0,0.0,155.0,0.0,145.0
0.0,1.0,0.0,41.0,146.0,0.0,107.0,0.0,156.0,0.0,156.0
0.0,146.0,0.0,1.0,0.0,43.0,147.0,0.0,107.0,0.0,157.0
0.0,157.0,0.0,147.0,0.0,1.0,0.0,45.0,148.0,0.0,107.0
0.0,158.0,0.0,158.0,0.0,148.0,0.0,1.0,0.0,47.0,108.0
0.0,85.0,0.0,159.0,0.0,160.0,0.0,161.0,0.0,162.0,0.0
163.0,0.0,164.0,0.0,165.0,0.0,166.0,0.0,167.0,0.0,168.0
0.0,159.0,0.0,108.0,0.0,169.0,0.0,169.0,0.0,159.0,0.0
1.0,0.0,50.0,160.0,0.0,108.0,0.0,170.0,0.0,170.0,0.0
160.0,0.0,1.0,0.0,52.0,161.0,0.0,108.0,0.0,171.0,0.0
171.0,0.0,161.0,0.0,1.0,0.0,54.0,162.0,0.0,108.0,0.0
172.0,0.0,172.0,0.0,162.0,0.0,1.0,0.0,56.0,163.0,0.0
108.0,0.0,173.0,0.0,173.0,0.0,163.0,0.0,1.0,0.0,58.0
164.0,0.0,108.0,0.0,174.0,0.0,174.0,0.0,164.0,0.0,1.0
0.0,60.0,165.0,0.0,108.0,0.0,175.0,0.0,175.0,0.0,165.0
0.0,1.0,0.0,62.0,166.0,0.0,108.0,0.0,176.0,0.0,176.0
0.0,166.0,0.0,1.0,0.0,64.0,167.0,0.0,108.0,0.0,177.0
0.0,177.0,0.0,167.0,0.0,1.0,0.0,66.0,168.0,0.0,108.0
0.0,178.0,0.0,178.0,0.0,168.0,0.0,1.0,0.0,68.0,109.0
0.0,85.0,0.0,179.0,0.0,180.0,0.0,181.0,0.0,182.0,0.0
183.0,0.0,184.0,0.0,185.0,0.0,186.0,0.0,187.0,0.0,188.0
0.0,179.0,0.0,109.0,0.0,189.0,0.0,189.0,0.0,179.0,0.0
1.0,0.0,71.0,180.0,0.0,109.0,0.0,190.0,0.0,190.0,0.0
180.0,0.0,1.0,0.0,73.0,181.0,0.0,109.0,0.0,191.0,0.0
191.0,0.0,181.0,0.0,1.0,0.0,75.0,182.0,0.0,109.0,0.0
192.0,0.0,192.0,0.0,182.0,0.0,1.0,0.0,77.0,183.0,0.0
109.0,0.0,193.0,0.0,193.0,0.0,183.0,0.0,1.0,0.0,79.0
184.0,0.0,109.0,0.0,194.0,0.0,194.0,0.0,184.0,0.0,1.0
0.0,81.0,185.0,0.0,109.0,0.0,195.0,0.0,195.0,0.0,185.0
0.0,1.0,0.0,83.0,186.0,0.0,109.0,0.0,196.0,0.0,196.0
0.0,186.0,0.0,1.0,0.0,85.0,187.0,0.0,109.0,0.0,197.0
0.0,197.0,0.0,187.0,0.0,1.0,0.0,87.0,188.0,0.0,109.0
0.0,198.0,0.0,198.0,0.0,188.0,0.0,1.0,0.0,89.0,110.0
0.0,85.0,0.0,199.0,0.0,200.0,0.0,201.0,0.0,202.0,0.0
203.0,0.0,204.0,0.0,205.0,0.0,206.0,0.0,207.0,0.0,208.0
0.0,199.0,0.0,110.0,0.0,209.0,0.0,209.0,0.0,199.0,0.0
1.0,0.0,92.0,200.0,0.0,110.0,0.0,210.0,0.0,210.0,0.0
200.0,0.0,1.0,0.0,94.0,201.0,0.0,110.0,0.0,211.0,0.0
211.0,0.0,201.0,0.0,1.0,0.0,96.0,202.0,0.0,110.0,0.0
212.0,0.0,212.0,0.0,202.0,0.0,1.0,0.0,98.0,203.0,0.0
110.0,0.0,213.0,0.0,213.0,0.0,203.0,0.0,1.0,0.0,100.0
204.0,0.0,110.0,0.0,214.0,0.0,214.0,0.0,204.0,0.0,1.0
0.0,102.0,205.0,0.0,110.0,0.0,215.0,0.0,215.0,0.0,205.0
0.0,1.0,0.0,104.0,206.0,0.0,110.0,0.0,216.0,0.0,216.0
0.0,206.0,0.0,1.0,0.0,106.0,207.0,0.0,110.0,0.0,217.0
0.0,217.0,0.0,207.0,0.0,1.0,0.0,108.0,208.0,0.0,110.0
0.0,218.0,0.0,218.0,0.0,208.0,0.0,1.0,0.0,110.0,111.0
0.0,85.0,0.0,219.0,0.0,220.0,0.0,221.0,0.0,222.0,0.0
223.0,0.0,224.0,0.0,225.0,0.0,226.0,0.0,227.0,0.0,228.0
0.0,219.0,0.0,111.0,0.0,229.0,0.0,229.0,0.0,219.0,0.0
1.0,0.0,113.0,220.0,0.0,111.0,0.0,230.0,0.0,230.0,0.0
220.0,0.0,1.0,0.0,115.0,221.0,0.0,111.0,0.0,231.0,0.0
231.0,0.0,221.0,0.0,1.0,0.0,117.0,222.0,0.0,111.0,0.0
232.0,0.0,232.0,0.0,222.0,0.0,1.0,0.0,119.0,223.0,0.0
111.0,0.0,233.0,0.0,233.0,0.0,223.0,0.0,1.0,0.0,121.0
224.0,0.0,111.0,0.0,234.0,0.0,234.0,0.0,224.0,0.0,1.0
0.0,123.0,225.0,0.0,111.0,0.0,235.0,0.0,235.0,0.0,225.0
0.0,1.0,0.0,125.0,226.0,0.0,111.0,0.0,236.0,0.0,236.0
0.0,226.0,0.0,1.0,0.0,127.0,227.0,0.0,111.0,0.0,237.0
0.0,237.0,0.0,227.0,0.0,1.0,0.0,129.0,228.0,0.0,111.0
0.0,238.0,0.0,238.0,0.0,228.0,0.0,1.0,0.0,131.0,112.0
0.0,85.0,0.0,239.0,0.0,240.0,0.0,241.0,0.0,242.0,0.0
243.0,0.0,244.0,0.0,245.0,0.0,246.0,0.0,247.0,0.0,248.0
0.0,239.0,0.0,112.0,0.0,249.0,0.0,249.0,0.0,239.0,0.0
1.0,0.0,134.0,240.0,0.0,112.0,0.0,250.0,0.0,250.0,0.0
240.0,0.0,1.0,0.0,136.0,241.0,0.0,112.0,0.0,251.0,0.0
251.0,0.0,241.0,0.0,1.0,0.0,138.0,242.0,0.0,112.0,0.0
252.0,0.0,252.0,0.0,242.0,0.0,1.0,0.0,140.0,243.0,0.0
112.0,0.0,253.0,0.0,253.0,0.0,243.0,0.0,1.0,0.0,142.0
244.0,0.0,112.0,0.0,254.0,0.0,254.0,0.0,244.0,0.0,1.0
0.0,144.0,245.0,0.0,112.0,0.0,255.0,0.0,255.0,0.0,245.0
0.0,1.0,0.0,146.0,246.0,0.0,112.0,0.0,256.0,0.0,256.0
0.0,246.0,0.0,1.0,0.0,148.0,247.0,0.0,112.0,0.0,257.0
0.0,257.0,0.0,247.0,0.0,1.0,0.0,150.0,248.0,0.0,112.0
0.0,258.0,0.0,258.0,0.0,248.0,0.0,1.0,0.0,152.0,113.0
0.0,85.0,0.0,259.0,0.0,260.0,0.0,261.0,0.0,262.0,0.0
263.0,0.0,264.0,0.0,265.0,0.0,266.0,0.0,267.0,0.0,268.0
0.0,259.0,0.0,113.0,0.0,269.0,0.0,269.0,0.0,259.0,0.0
1.0,0.0,155.0,260.0,0.0,113.0,0.0,270.0,0.0,270.0,0.0
260.0,0.0,1.0,0.0,157.0,261.0,0.0,113.0,0.0,271.0,0.0
271.0,0.0,261.0,0.0,1.0,0.0,159.0,262.0,0.0,113.0,0.0
272.0,0.0,272.0,0.0,262.0,0.0,1.0,0.0,161.0,263.0,0.0
113.0,0.0,273.0,0.0,273.0,0.0,263.0,0.0,1.0,0.0,163.0
264.0,0.0,113.0,0.0,274.0,0.0,274.0,0.0,264.0,0.0,1.0
0.0,165.0,265.0,0.0,113.0,0.0,275.0,0.0,275.0,0.0,265.0
0.0,1.0,0.0,167.0,266.0,0.0,113.0,0.0,276.0,0.0,276.0
0.0,266.0,0.0,1.0,0.0,169.0,267.0,0.0,113.0,0.0,277.0
0.0,277.0,0.0,267.0,0.0,1.0,0.0,171.0,268.0,0.0,113.0
0.0,278.0,0.0,278.0,0.0,268.0,0.0,1.0,0.0,173.0,114.0
0.0,85.0,0.0,279.0,0.0,280.0,0.0,281.0,0.0,282.0,0.0
283.0,0.0,284.0,0.0,285.0,0.0,286.0,0.0,287.0,0.0,288.0
0.0,279.0,0.0,114.0,0.0,289.0,0.0,289.0,0.0,279.0,0.0
1.0,0.0,176.0,280.0,0.0,114.0,0.0,290.0,0.0,290.0,0.0
280.0,0.0,1.0,0.0,178.0,281.0,0.0,114.0,0.0,291.0,0.0
291.0,0.0,281.0,0.0,1.0,0.0,180.0,282.0,0.0,114.0,0.0
292.0,0.0,292.0,0.0,282.0,0.0,1.0,0.0,182.0,283.0,0.0
114.0,0.0,293.0,0.0,293.0,0.0,283.0,0.0,1.0,0.0,184.0
284.0,0.0,114.0,0.0,294.0,0.0,294.0,0.0,284.0,0.0,1.0
0.0,186.0,285.0,0.0,114.0,0.0,295.0,0.0,295.0,0.0,285.0
0.0,1.0,0.0,188.0,286.0,0.0,114.0,0.0,296.0,0.0,296.0
0.0,286.0,0.0,1.0,0.0,190.0,287.0,0.0,114.0,0.0,297.0
0.0,297.0,0.0,287.0,0.0,1.0,0.0,192.0,288.0,0.0,114.0
0.0,298.0,0.0,298.0,0.0,288.0,0.0,1.0,0.0,194.0,115.0
0.0,85.0,0.0,299.0,0.0,300.0,0.0,301.0,0.0,302.0,0.0
303.0,0.0,304.0,0.0,305.0,0.0,306.0,0.0,307.0,0.0,308.0
0.0,299.0,0.0,115.0,0.0,309.0,0.0,309.0,0.0,299.0,0.0
1.0,0.0,197.0,300.0,0.0,115.0,0.0,310.0,0.0,310.0,0.0
300.0,0.0,1.0,0.0,199.0,301.0,0.0,115.0,0.0,311.0,0.0
311.0,0.0,301.0,0.0,1.0,0.0,201.0,302.0,0.0,115.0,0.0
312.0,0.0,312.0,0.0,302.0,0.0,1.0,0.0,203.0,303.0,0.0
115.0,0.0,313.0,0.0,313.0,0.0,303.0,0.0,1.0,0.0,205.0
304.0,0.0,115.0,0.0,314.0,0.0,314.0,0.0,304.0,0.0,1.0
0.0,207.0,305.0,0.0,115.0,0.0,315.0,0.0,315.0,0.0,305.0
0.0,1.0,0.0,209.0,306.0,0.0,115.0,0.0,316.0,0.0,316.0
0.0,306.0,0.0,1.0,0.0,211.0,307.0,0.0,115.0,0.0,317.0
0.0,317.0,0.0,307.0,0.0,1.0,0.0,213.0,308.0,0.0,115.0
0.0,318.0,0.0,318.0,0.0,308.0,0.0,1.0,0.0,215.0,116.0
0.0,85.0,0.0,319.0,0.0,320.0,0.0,321.0,0.0,322.0,0.0
323.0,0.0,324.0,0.0,325.0,0.0,326.0,0.0,327.0,0.0,328.0
0.0,319.0,0.0,116.0,0.0,329.0,0.0,329.0,0.0,319.0,0.0
1.0,0.0,218.0,320.0,0.0,116.0,0.0,330.0,0.0,330.0,0.0
320.0,0.0,1.0,0.0,220.0,321.0,0.0,116.0,0.0,331.0,0.0
331.0,0.0,321.0,0.0,1.0,0.0,222.0,322.0,0.0,116.0,0.0
332.0,0.0,332.0,0.0,322.0,0.0,1.0,0.0,224.0,323.0,0.0
116.0,0.0,333.0,0.0,333.0,0.0,323.0,0.0,1.0,0.0,226.0
324.0,0.0,116.0,0.0,334.0,0.0,334.0,0.0,324.0,0.0,1.0
0.0,228.0,325.0,0.0,116.0,0.0,335.0,0.0,335.0,0.0,325.0
0.0,1.0,0.0,230.0,326.0,0.0,116.0,0.0,336.0,0.0,336.0
0.0,326.0,0.0,1.0,0.0,232.0,327.0,0.0,116.0,0.0,337.0
0.0,337.0,0.0,327.0,0.0,1.0,0.0,234.0,328.0,0.0,116.0
0.0,338.0,0.0,338.0,0.0,328.0,0.0,1.0,0.0,236.0,117.0
0.0,85.0,0.0,339.0,0.0,340.0,0.0,341.0,0.0,342.0,0.0
343.0,0.0,344.0,0.0,345.0,0.0,346.0,0.0,347.0,0.0,348.0
0.0,339.0,0.0,117.0,0.0,349.0,0.0,349.0,0.0,339.0,0.0
1.0,0.0,239.0,340.0,0.0,117.0,0.0,350.0,0.0,350.0,0.0
340.0,0.0,1.0,0.0,241.0,341.0,0.0,117.0,0.0,351.0,0.0
351.0,0.0,341.0,0.0,1.0,0.0,243.0,342.0,0.0,117.0,0.0
352.0,0.0,352.0,0.0,342.0,0.0,1.0,0.0,245.0,343.0,0.0
117.0,0.0,353.0,0.0,353.0,0.0,343.0,0.0,1.0,0.0,247.0
344.0,0.0,117.0,0.0,354.0,0.0,354.0,0.0,344.0,0.0,1.0
0.0,249.0,345.0,0.0,117.0,0.0,355.0,0.0,355.0,0.0,345.0
0.0,1.0,0.0,251.0,346.0,0.0,117.0,0.0,356.0,0.0,356.0
0.0,346.0,0.0,1.0,0.0,253.0,347.0,0.0,117.0,0.0,357.0
0.0,357.0,0.0,347.0,0.0,1.0,0.0,255.0,348.0,0.0,117.0
0.0,358.0,0.0,358.0,0.0,348.0,0.0,1.0,0.0,257.0,118.0
0.0,85.0,0.0,359.0,0.0,360.0,0.0,361.0,0.0,362.0,0.0
363.0,0.0,364.0,0.0,365.0,0.0,366.0,0.0,367.0,0.0,368.0
0.0,359.0,0.0,118.0,0.0,369.0,0.0,369.0,0.0,359.0,0.0
1.0,0.0,260.0,360.0,0.0,118.0,0.0,370.0,0.0,370.0,0.0
360.0,0.0,1.0,0.0,262.0,361.0,0.0,118.0,0.0,371.0,0.0
371.0,0.0,361.0,0.0,1.0,0.0,264.0,362.0,0.0,118.0,0.0
372.0,0.0,372.0,0.0,362.0,0.0,1.0,0.0,266.0,363.0,0.0
118.0,0.0,373.0,0.0,373.0,0.0,363.0,0.0,1.0,0.0,268.0
364.0,0.0,118.0,0.0,374.0,0.0,374.0,0.0,364.0,0.0,1.0
0.0,270.0,365.0,0.0,118.0,0.0,375.0,0.0,375.0,0.0,365.0
0.0,1.0,0.0,272.0,366.0,0.0,118.0,0.0,376.0,0.0,376.0
0.0,366.0,0.0,1.0,0.0,274.0,367.0,0.0,118.0,0.0,377.0
0.0,377.0,0.0,367.0,0.0,1.0,0.0,276.0,368.0,0.0,118.0
0.0,378.0,0.0,378.0,0.0,368.0,0.0,1.0,0.0,278.0,119.0
0.0,85.0,0.0,379.0,0.0,380.0,0.0,381.0,0.0,382.0,0.0
383.0,0.0,384.0,0.0,385.0,0.0,386.0,0.0,387.0,0.0,388.0
0.0,379.0,0.0,119.0,0.0,389.0,0.0,389.0,0.0,379.0,0.0
1.0,0.0,281.0,380.0,0.0,119.0,0.0,390.0,0.0,390.0,0.0
380.0,0.0,1.0,0.0,283.0,381.0,0.0,119.0,0.0,391.0,0.0
391.0,0.0,381.0,0.0,1.0,0.0,285.0,382.0,0.0,119.0,0.0
392.0,0.0,392.0,0.0,382.0,0.0,1.0,0.0,287.0,383.0,0.0
119.0,0.0,393.0,0.0,393.0,0.0,383.0,0.0,1.0,0.0,289.0
384.0,0.0,119.0,0.0,394.0,0.0,394.0,0.0,384.0,0.0,1.0
0.0,291.0,385.0,0.0,119.0,0.0,395.0,0.0,395.0,0.0,385.0
0.0,1.0,0.0,293.0,386.0,0.0,119.0,0.0,396.0,0.0,396.0
0.0,386.0,0.0,1.0,0.0,295.0,387.0,0.0,119.0,0.0,397.0
0.0,397.0,0.0,387.0,0.0,1.0,0.0,297.0,388.0,0.0,119.0
0.0,398.0,0.0,398.0,0.0,388.0,0.0,1.0,0.0,299.0,120.0
0.0,85.0,0.0,399.0,0.0,400.0,0.0,401.0,0.0,402.0,0.0
403.0,0.0,404.0,0.0,405.0,0.0,406.0,0.0,407.0,0.0,408.0
0.0,399.0,0.0,120.0,0.0,409.0,0.0,409.0,0.0,399.0,0.0
1.0,0.0,302.0,400.0,0.0,120.0,0.0,410.0,0.0,410.0,0.0
400.0,0.0,1.0,0.0,304.0,401.0,0.0,120.0,0.0,411.0,0.0
411.0,0.0,401.0,0.0,1.0,0.0,306.0,402.0,0.0,120.0,0.0
412.0,0.0,412.0,0.0,402.0,0.0,1.0,0.0,308.0,403.0,0.0
120.0,0.0,413.0,0.0,413.0,0.0,403.0,0.0,1.0,0.0,310.0
404.0,0.0,120.0,0.0,414.0,0.0,414.0,0.0,404.0,0.0,1.0
0.0,312.0,405.0,0.0,120.0,0.0,415.0,0.0,415.0,0.0,405.0
0.0,1.0,0.0,314.0,406.0,0.0,120.0,0.0,416.0,0.0,416.0
0.0,406.0,0.0,1.0,0.0,316.0,407.0,0.0,120.0,0.0,417.0
0.0,417.0,0.0,407.0,0.0,1.0,0.0,318.0,408.0,0.0,120.0
0.0,418.0,0.0,418.0,0.0,408.0,0.0,1.0,0.0,320.0,121.0
0.0,85.0,0.0,419.0,0.0,420.0,0.0,421.0,0.0,422.0,0.0
423.0,0.0,424.0,0.0,425.0,0.0,426.0,0.0,427.0,0.0,428.0
0.0,419.0,0.0,121.0,0.0,429.0,0.0,429.0,0.0,419.0,0.0
1.0,0.0,323.0,420.0,0.0,121.0,0.0,430.0,0.0,430.0,0.0
420.0,0.0,1.0,0.0,325.0,421.0,0.0,121.0,0.0,431.0,0.0
431.0,0.0,421.0,0.0,1.0,0.0,327.0,422.0,0.0,121.0,0.0
432.0,0.0,432.0,0.0,422.0,0.0,1.0,0.0,329.0,423.0,0.0
121.0,0.0,433.0,0.0,433.0,0.0,423.0,0.0,1.0,0.0,331.0
424.0,0.0,121.0,0.0,434.0,0.0,434.0,0.0,424.0,0.0,1.0
0.0,333.0,425.0,0.0,121.0,0.0,435.0,0.0,435.0,0.0,425.0
0.0,1.0,0.0,335.0,426.0,0.0,121.0,0.0,436.0,0.0,436.0
0.0,426.0,0.0,1.0,0.0,337.0,427.0,0.0,121.0,0.0,437.0
0.0,437.0,0.0,427.0,0.0,1.0,0.0,339.0,428.0,0.0,121.0
0.0,438.0,0.0,438.0,0.0,428.0,0.0,1.0,0.0,341.0,122.0
0.0,85.0,0.0,439.0,0.0,440.0,0.0,441.0,0.0,442.0,0.0
443.0,0.0,444.0,0.0,445.0,0.0,446.0,0.0,447.0,0.0,448.0
0.0,439.0,0.0,122.0,0.0,449.0,0.0,449.0,0.0,439.0,0.0
1.0,0.0,344.0,440.0,0.0,122.0,0.0,450.0,0.0,450.0,0.0
440.0,0.0,1.0,0.0,346.0,441.0,0.0,122.0,0.0,451.0,0.0
451.0,0.0,441.0,0.0,1.0,0.0,348.0,442.0,0.0,122.0,0.0
452.0,0.0,452.0,0.0,442.0,0.0,1.0,0.0,350.0,443.0,0.0
122.0,0.0,453.0,0.0,453.0,0.0,443.0,0.0,1.0,0.0,352.0
444.0,0.0,122.0,0.0,454.0,0.0,454.0,0.0,444.0,0.0,1.0
0.0,354.0,445.0,0.0,122.0,0.0,455.0,0.0,455.0,0.0,445.0
0.0,1.0,0.0,356.0,446.0,0.0,122.0,0.0,456.0,0.0,456.0
0.0,446.0,0.0,1.0,0.0,358.0,447.0,0.0,122.0,0.0,457.0
0.0,457.0,0.0,447.0,0.0,1.0,0.0,360.0,448.0,0.0,122.0
0.0,458.0,0.0,458.0,0.0,448.0,0.0,1.0,0.0,362.0,123.0
0.0,85.0,0.0,459.0,0.0,460.0,0.0,461.0,0.0,462.0,0.0
463.0,0.0,464.0,0.0,465.0,0.0,466.0,0.0,467.0,0.0,468.0
0.0,459.0,0.0,123.0,0.0,469.0,0.0,469.0,0.0,459.0,0.0
1.0,0.0,365.0,460.0,0.0,123.0,0.0,470.0,0.0,470.0,0.0
460.0,0.0,1.0,0.0,367.0,461.0,0.0,123.0,0.0,471.0,0.0
471.0,0.0,461.0,0.0,1.0,0.0,369.0,462.0,0.0,123.0,0.0
472.0,0.0,472.0,0.0,462.0,0.0,1.0,0.0,371.0,463.0,0.0
123.0,0.0,473.0,0.0,473.0,0.0,463.0,0.0,1.0,0.0,373.0
464.0,0.0,123.0,0.0,474.0,0.0,474.0,0.0,464.0,0.0,1.0
0.0,375.0,465.0,0.0,123.0,0.0,475.0,0.0,475.0,0.0,465.0
0.0,1.0,0.0,377.0,466.0,0.0,123.0,0.0,476.0,0.0,476.0
0.0,466.0,0.0,1.0,0.0,379.0,467.0,0.0,123.0,0.0,477.0
0.0,477.0,0.0,467.0,0.0,1.0,0.0,381.0,468.0,0.0,123.0
0.0,478.0,0.0,478.0,0.0,468.0,0.0,1.0,0.0,383.0,124.0
0.0,85.0,0.0,479.0,0.0,480.0,0.0,481.0,0.0,482.0,0.0
483.0,0.0,484.0,0.0,485.0,0.0,486.0,0.0,487.0,0.0,488.0
0.0,479.0,0.0,124.0,0.0,489.0,0.0,489.0,0.0,479.0,0.0
1.0,0.0,386.0,480.0,0.0,124.0,0.0,490.0,0.0,490.0,0.0
480.0,0.0,1.0,0.0,388.0,481.0,0.0,124.0,0.0,491.0,0.0
491.0,0.0,481.0,0.0,1.0,0.0,390.0,482.0,0.0,124.0,0.0
492.0,0.0,492.0,0.0,482.0,0.0,1.0,0.0,392.0,483.0,0.0
124.0,0.0,493.0,0.0,493.0,0.0,483.0,0.0,1.0,0.0,394.0
484.0,0.0,124.0,0.0,494.0,0.0,494.0,0.0,484.0,0.0,1.0
0.0,396.0,485.0,0.0,124.0,0.0,495.0,0.0,495.0,0.0,485.0
0.0,1.0,0.0,398.0,486.0,0.0,124.0,0.0,496.0,0.0,496.0
0.0,486.0,0.0,1.0,0.0,400.0,487.0,0.0,124.0,0.0,497.0
0.0,497.0,0.0,487.0,0.0,1.0,0.0,402.0,488.0,0.0,124.0
0.0,498.0,0.0,498.0,0.0,488.0,0.0,1.0,0.0,404.0,125.0
0.0,85.0,0.0,499.0,0.0,500.0,0.0,501.0,0.0,502.0,0.0
503.0,0.0,504.0,0.0,505.0,0.0,506.0,0.0,507.0,0.0,508.0
0.0,499.0,0.0,125.0,0.0,509.0,0.0,509.0,0.0,499.0,0.0
1.0,0.0,407.0,500.0,0.0,125.0,0.0,510.0,0.0,510.0,0.0
500.0,0.0,1.0,0.0,409.0,501.0,0.0,125.0,0.0,511.0,0.0
511.0,0.0,501.0,0.0,1.0,0.0,411.0,502.0,0.0,125.0,0.0
512.0,0.0,512.0,0.0,502.0,0.0,1.0,0.0,413.0,503.0,0.0
125.0,0.0,513.0,0.0,513.0,0.0,503.0,0.0,1.0,0.0,415.0
504.0,0.0,125.0,0.0,514.0,0.0,514.0,0.0,504.0,0.0,1.0
0.0,417.0,505.0,0.0,125.0,0.0,515.0,0.0,515.0,0.0,505.0
0.0,1.0,0.0,419.0,506.0,0.0,125.0,0.0,516.0,0.0,516.0
0.0,506.0,0.0,1.0,0.0,421.0,507.0,0.0,125.0,0.0,517.0
0.0,517.0,0.0,507.0,0.0,1.0,0.0,423.0,508.0,0.0,125.0
0.0,518.0,0.0,518.0,0.0,508.0,0.0,1.0,0.0,425.0,126.0
0.0,85.0,0.0,519.0,0.0,520.0,0.0,521.0,0.0,522.0,0.0
523.0,0.0,524.0,0.0,525.0,0.0,526.0,0.0,527.0,0.0,528.0
0.0,519.0,0.0,126.0,0.0,529.0,0.0,529.0,0.0,519.0,0.0
1.0,0.0,428.0,520.0,0.0,126.0,0.0,530.0,0.0,530.0,0.0
520.0,0.0,1.0,0.0,430.0,521.0,0.0,126.0,0.0,531.0,0.0
531.0,0.0,521.0,0.0,1.0,0.0,432.0,522.0,0.0,126.0,0.0
532.0,0.0,532.0,0.0,522.0,0.0,1.0,0.0,434.0,523.0,0.0
126.0,0.0,533.0,0.0,533.0,0.0,523.0,0.0,1.0,0.0,436.0
524.0,0.0,126.0,0.0,534.0,0.0,534.0,0.0,524.0,0.0,1.0
0.0,438.0,525.0,0.0,126.0,0.0,535.0,0.0,535.0,0.0,525.0
0.0,1.0,0.0,440.0,526.0,0.0,126.0,0.0,536.0,0.0,536.0
0.0,526.0,0.0,1.0,0.0,442.0,527.0,0.0,126.0,0.0,537.0
0.0,537.0,0.0,527.0,0.0,1.0,0.0,444.0,528.0,0.0,126.0
0.0,538.0,0.0,538.0,0.0,528.0,0.0,1.0,0.0,446.0,127.0
0.0,85.0,0.0,539.0,0.0,540.0,0.0,541.0,0.0,542.0,0.0
543.0,0.0,544.0,0.0,545.0,0.0,546.0,0.0,547.0,0.0,548.0
0.0,539.0,0.0,127.0,0.0,549.0,0.0,549.0,0.0,539.0,0.0
1.0,0.0,449.0,540.0,0.0,127.0,0.0,550.0,0.0,550.0,0.0
540.0,0.0,1.0,0.0,451.0,541.0,0.0,127.0,0.0,551.0,0.0
551.0,0.0,541.0,0.0,1.0,0.0,453.0,542.0,0.0,127.0,0.0
552.0,0.0,552.0,0.0,542.0,0.0,1.0,0.0,455.0,543.0,0.0
127.0,0.0,553.0,0.0,553.0,0.0,543.0,0.0,1.0,0.0,457.0
544.0,0.0,127.0,0.0,554.0,0.0,554.0,0.0,544.0,0.0,1.0
0.0,459.0,545.0,0.0,127.0,0.0,555.0,0.0,555.0,0.0,545.0
0.0,1.0,0.0,461.0,546.0,0.0,127.0,0.0,556.0,0.0,556.0
0.0,546.0,0.0,1.0,0.0,463.0,547.0,0.0,127.0,0.0,557.0
0.0,557.0,0.0,547.0,0.0,1.0,0.0,465.0,548.0,0.0,127.0
0.0,558.0,0.0,558.0,0.0,548.0,0.0,1.0,0.0,467.0,128.0
0.0,85.0,0.0,559.0,0.0,560.0,0.0,561.0,0.0,562.0,0.0
563.0,0.0,564.0,0.0,565.0,0.0,566.0,0.0,567.0,0.0,568.0
0.0,559.0,0.0,128.0,0.0,569.0,0.0,569.0,0.0,559.0,0.0
1.0,0.0,470.0,560.0,0.0,128.0,0.0,570.0,0.0,570.0,0.0
560.0,0.0,1.0,0.0,472.0,561.0,0.0,128.0,0.0,571.0,0.0
571.0,0.0,561.0,0.0,1.0,0.0,474.0,562.0,0.0,128.0,0.0
572.0,0.0,572.0,0.0,562.0,0.0,1.0,0.0,476.0,563.0,0.0
128.0,0.0,573.0,0.0,573.0,0.0,563.0,0.0,1.0,0.0,478.0
564.0,0.0,128.0,0.0,574.0,0.0,574.0,0.0,564.0,0.0,1.0
0.0,480.0,565.0,0.0,128.0,0.0,575.0,0.0,575.0,0.0,565.0
0.0,1.0,0.0,482.0,566.0,0.0,128.0,0.0,576.0,0.0,576.0
0.0,566.0,0.0,1.0,0.0,484.0,567.0,0.0,128.0,0.0,577.0
0.0,577.0,0.0,567.0,0.0,1.0,0.0,486.0,568.0,0.0,128.0
0.0,578.0,0.0,578.0,0.0,568.0,0.0,1.0,0.0,488.0,129.0
0.0,85.0,0.0,579.0,0.0,580.0,0.0,581.0,0.0,582.0,0.0
583.0,0.0,584.0,0.0,585.0,0.0,586.0,0.0,587.0,0.0,588.0
0.0,579.0,0.0,129.0,0.0,589.0,0.0,589.0,0.0,579.0,0.0
1.0,0.0,491.0,580.0,0.0,129.0,0.0,590.0,0.0,590.0,0.0
580.0,0.0,1.0,0.0,493.0,581.0,0.0,129.0,0.0,591.0,0.0
591.0,0.0,581.0,0.0,1.0,0.0,495.0,582.0,0.0,129.0,0.0
592.0,0.0,592.0,0.0,582.0,0.0,1.0,0.0,497.0,583.0,0.0
129.0,0.0,593.0,0.0,593.0,0.0,583.0,0.0,1.0,0.0,499.0
584.0,0.0,129.0,0.0,594.0,0.0,594.0,0.0,584.0,0.0,1.0
0.0,501.0,585.0,0.0,129.0,0.0,595.0,0.0,595.0,0.0,585.0
0.0,1.0,0.0,503.0,586.0,0.0,129.0,0.0,596.0,0.0,596.0
0.0,586.0,0.0,1.0,0.0,505.0,587.0,0.0,129.0,0.0,597.0
0.0,597.0,0.0,587.0,0.0,1.0,0.0,507.0,588.0,0.0,129.0
0.0,598.0,0.0,598.0,0.0,588.0,0.0,1.0,0.0,509.0,130.0
0.0,85.0,0.0,599.0,0.0,600.0,0.0,601.0,0.0,602.0,0.0
603.0,0.0,604.0,0.0,605.0,0.0,606.0,0.0,607.0,0.0,608.0
0.0,599.0,0.0,130.0,0.0,609.0,0.0,609.0,0.0,599.0,0.0
1.0,0.0,512.0,600.0,0.0,130.0,0.0,610.0,0.0,610.0,0.0
600.0,0.0,1.0,0.0,514.0,601.0,0.0,130.0,0.0,611.0,0.0
611.0,0.0,601.0,0.0,1.0,0.0,516.0,602.0,0.0,130.0,0.0
612.0,0.0,612.0,0.0,602.0,0.0,1.0,0.0,518.0,603.0,0.0
130.0,0.0,613.0,0.0,613.0,0.0,603.0,0.0,1.0,0.0,520.0
604.0,0.0,130.0,0.0,614.0,0.0,614.0,0.0,604.0,0.0,1.0
0.0,522.0,605.0,0.0,130.0,0.0,615.0,0.0,615.0,0.0,605.0
0.0,1.0,0.0,524.0,606.0,0.0,130.0,0.0,616.0,0.0,616.0
0.0,606.0,0.0,1.0,0.0,526.0,607.0,0.0,130.0,0.0,617.0
0.0,617.0,0.0,607.0,0.0,1.0,0.0,528.0,608.0,0.0,130.0
0.0,618.0,0.0,618.0,0.0,608.0,0.0,1.0,0.0,530.0,131.0
0.0,85.0,0.0,619.0,0.0,620.0,0.0,621.0,0.0,622.0,0.0
623.0,0.0,624.0,0.0,625.0,0.0,626.0,0.0,627.0,0.0,628.0
0.0,619.0,0.0,131.0,0.0,629.0,0.0,629.0,0.0,619.0,0.0
1.0,0.0,533.0,620.0,0.0,131.0,0.0,630.0,0.0,630.0,0.0
620.0,0.0,1.0,0.0,535.0,621.0,0.0,131.0,0.0,631.0,0.0
631.0,0.0,621.0,0.0,1.0,0.0,537.0,622.0,0.0,131.0,0.0
632.0,0.0,632.0,0.0,622.0,0.0,1.0,0.0,539.0,623.0,0.0
131.0,0.0,633.0,0.0,633.0,0.0,623.0,0.0,1.0,0.0,541.0
624.0,0.0,131.0,0.0,634.0,0.0,634.0,0.0,624.0,0.0,1.0
0.0,543.0,625.0,0.0,131.0,0.0,635.0,0.0,635.0,0.0,625.0
0.0,1.0,0.0,545.0,626.0,0.0,131.0,0.0,636.0,0.0,636.0
0.0,626.0,0.0,1.0,0.0,547.0,627.0,0.0,131.0,0.0,637.0
0.0,637.0,0.0,627.0,0.0,1.0,0.0,549.0,628.0,0.0,131.0
0.0,638.0,0.0,638.0,0.0,628.0,0.0,1.0,0.0,551.0,132.0
0.0,85.0,0.0,639.0,0.0,640.0,0.0,641.0,0.0,642.0,0.0
643.0,0.0,644.0,0.0,645.0,0.0,646.0,0.0,647.0,0.0,648.0
0.0,639.0,0.0,132.0,0.0,649.0,0.0,649.0,0.0,639.0,0.0
1.0,0.0,554.0,640.0,0.0,132.0,0.0,650.0,0.0,650.0,0.0
640.0,0.0,1.0,0.0,556.0,641.0,0.0,132.0,0.0,651.0,0.0
651.0,0.0,641.0,0.0,1.0,0.0,558.0,642.0,0.0,132.0,0.0
652.0,0.0,652.0,0.0,642.0,0.0,1.0,0.0,560.0,643.0,0.0
132.0,0.0,653.0,0.0,653.0,0.0,643.0,0.0,1.0,0.0,562.0
644.0,0.0,132.0,0.0,654.0,0.0,654.0,0.0,644.0,0.0,1.0
0.0,564.0,645.0,0.0,132.0,0.0,655.0,0.0,655.0,0.0,645.0
0.0,1.0,0.0,566.0,646.0,0.0,132.0,0.0,656.0,0.0,656.0
0.0,646.0,0.0,1.0,0.0,568.0,647.0,0.0,132.0,0.0,657.0
0.0,657.0,0.0,647.0,0.0,1.0,0.0,570.0,648.0,0.0,132.0
0.0,658.0,0.0,658.0,0.0,648.0,0.0,1.0,0.0,572.0,133.0
0.0,85.0,0.0,659.0,0.0,660.0,0.0,661.0,0.0,662.0,0.0
663.0,0.0,664.0,0.0,665.0,0.0,666.0,0.0,667.0,0.0,668.0
0.0,659.0,0.0,133.0,0.0,669.0,0.0,669.0,0.0,659.0,0.0
1.0,0.0,575.0,660.0,0.0,133.0,0.0,670.0,0.0,670.0,0.0
660.0,0.0,1.0,0.0,577.0,661.0,0.0,133.0,0.0,671.0,0.0
671.0,0.0,661.0,0.0,1.0,0.0,579.0,662.0,0.0,133.0,0.0
672.0,0.0,672.0,0.0,662.0,0.0,1.0,0.0,581.0,663.0,0.0
133.0,0.0,673.0,0.0,673.0,0.0,663.0,0.0,1.0,0.0,583.0
664.0,0.0,133.0,0.0,674.0,0.0,674.0,0.0,664.0,0.0,1.0
0.0,585.0,665.0,0.0,133.0,0.0,675.0,0.0,675.0,0.0,665.0
0.0,1.0,0.0,587.0,666.0,0.0,133.0,0.0,676.0,0.0,676.0
0.0,666.0,0.0,1.0,0.0,589.0,667.0,0.0,133.0,0.0,677.0
0.0,677.0,0.0,667.0,0.0,1.0,0.0,591.0,668.0,0.0,133.0
0.0,678.0,0.0,678.0,0.0,668.0,0.0,1.0,0.0,593.0,134.0
0.0,85.0,0.0,679.0,0.0,680.0,0.0,681.0,0.0,682.0,0.0
683.0,0.0,684.0,0.0,685.0,0.0,686.0,0.0,687.0,0.0,688.0
0.0,679.0,0.0,134.0,0.0,689.0,0.0,689.0,0.0,679.0,0.0
1.0,0.0,596.0,680.0,0.0,134.0,0.0,690.0,0.0,690.0,0.0
680.0,0.0,1.0,0.0,598.0,681.0,0.0,134.0,0.0,691.0,0.0
691.0,0.0,681.0,0.0,1.0,0.0,600.0,682.0,0.0,134.0,0.0
692.0,0.0,692.0,0.0,682.0,0.0,1.0,0.0,602.0,683.0,0.0
134.0,0.0,693.0,0.0,693.0,0.0,683.0,0.0,1.0,0.0,604.0
684.0,0.0,134.0,0.0,694.0,0.0,694.0,0.0,684.0,0.0,1.0
0.0,606.0,685.0,0.0,134.0,0.0,695.0,0.0,695.0,0.0,685.0
0.0,1.0,0.0,608.0,686.0,0.0,134.0,0.0,696.0,0.0,696.0
0.0,686.0,0.0,1.0,0.0,610.0,687.0,0.0,134.0,0.0,697.0
0.0,697.0,0.0,687.0,0.0,1.0,0.0,612.0,688.0,0.0,134.0
0.0,698.0,0.0,698.0,0.0,688.0,0.0,1.0,0.0,614.0,135.0
0.0,85.0,0.0,699.0,0.0,700.0,0.0,701.0,0.0,702.0,0.0
703.0,0.0,704.0,0.0,705.0,0.0,706.0,0.0,707.0,0.0,708.0
0.0,699.0,0.0,135.0,0.0,709.0,0.0,709.0,0.0,699.0,0.0
1.0,0.0,617.0,700.0,0.0,135.0,0.0,710.0,0.0,710.0,0.0
700.0,0.0,1.0,0.0,619.0,701.0,0.0,135.0,0.0,711.0,0.0
711.0,0.0,701.0,0.0,1.0,0.0,621.0,702.0,0.0,135.0,0.0
712.0,0.0,712.0,0.0,702.0,0.0,1.0,0.0,623.0,703.0,0.0
135.0,0.0,713.0,0.0,713.0,0.0,703.0,0.0,1.0,0.0,625.0
704.0,0.0,135.0,0.0,714.0,0.0,714.0,0.0,704.0,0.0,1.0
0.0,627.0,705.0,0.0,135.0,0.0,715.0,0.0,715.0,0.0,705.0
0.0,1.0,0.0,629.0,706.0,0.0,135.0,0.0,716.0,0.0,716.0
0.0,706.0,0.0,1.0,0.0,631.0,707.0,0.0,135.0,0.0,717.0
0.0,717.0,0.0,707.0,0.0,1.0,0.0,633.0,708.0,0.0,135.0
0.0,718.0,0.0,718.0,0.0,708.0,0.0,1.0,0.0,635.0,136.0
0.0,85.0,0.0,719.0,0.0,720.0,0.0,721.0,0.0,722.0,0.0
723.0,0.0,724.0,0.0,725.0,0.0,726.0,0.0,727.0,0.0,728.0
0.0,719.0,0.0,136.0,0.0,729.0,0.0,729.0,0.0,719.0,0.0
1.0,0.0,638.0,720.0,0.0,136.0,0.0,730.0,0.0,730.0,0.0
720.0,0.0,1.0,0.0,640.0,721.0,0.0,136.0,0.0,731.0,0.0
731.0,0.0,721.0,0.0,1.0,0.0,642.0,722.0,0.0,136.0,0.0
732.0,0.0,732.0,0.0,722.0,0.0,1.0,0.0,644.0,723.0,0.0
136.0,0.0,733.0,0.0,733.0,0.0,723.0,0.0,1.0,0.0,646.0
724.0,0.0,136.0,0.0,734.0,0.0,734.0,0.0,724.0,0.0,1.0
0.0,648.0,725.0,0.0,136.0,0.0,735.0,0.0,735.0,0.0,725.0
0.0,1.0,0.0,650.0,726.0,0.0,136.0,0.0,736.0,0.0,736.0
0.0,726.0,0.0,1.0,0.0,652.0,727.0,0.0,136.0,0.0,737.0
0.0,737.0,0.0,727.0,0.0,1.0,0.0,654.0,728.0,0.0,136.0
0.0,738.0,0.0,738.0,0.0,728.0,0.0,1.0,0.0,656.0,137.0
0.0,85.0,0.0,739.0,0.0,740.0,0.0,741.0,0.0,742.0,0.0
743.0,0.0,744.0,0.0,745.0,0.0,746.0,0.0,747.0,0.0,748.0
0.0,739.0,0.0,137.0,0.0,749.0,0.0,749.0,0.0,739.0,0.0
1.0,0.0,659.0,740.0,0.0,137.0,0.0,750.0,0.0,750.0,0.0
740.0,0.0,1.0,0.0,661.0,741.0,0.0,137.0,0.0,751.0,0.0
751.0,0.0,741.0,0.0,1.0,0.0,663.0,742.0,0.0,137.0,0.0
752.0,0.0,752.0,0.0,742.0,0.0,1.0,0.0,665.0,743.0,0.0
137.0,0.0,753.0,0.0,753.0,0.0,743.0,0.0,1.0,0.0,667.0
744.0,0.0,137.0,0.0,754.0,0.0,754.0,0.0,744.0,0.0,1.0
0.0,669.0,745.0,0.0,137.0,0.0,755.0,0.0,755.0,0.0,745.0
0.0,1.0,0.0,671.0,746.0,0.0,137.0,0.0,756.0,0.0,756.0
0.0,746.0,0.0,1.0,0.0,673.0,747.0,0.0,137.0,0.0,757.0
0.0,757.0,0.0,747.0,0.0,1.0,0.0,675.0,748.0,0.0,137.0
0.0,758.0,0.0,758.0,0.0,748.0,0.0,1.0,0.0,677.0,138.0
0.0,85.0,0.0,759.0,0.0,760.0,0.0,761.0,0.0,762.0,0.0
763.0,0.0,764.0,0.0,765.0,0.0,766.0,0.0,767.0,0.0,768.0
0.0,759.0,0.0,138.0,0.0,769.0,0.0,769.0,0.0,759.0,0.0
1.0,0.0,680.0,760.0,0.0,138.0,0.0,770.0,0.0,770.0,0.0
760.0,0.0,1.0,0.0,682.0,761.0,0.0,138.0,0.0,771.0,0.0
771.0,0.0,761.0,0.0,1.0,0.0,684.0,762.0,0.0,138.0,0.0
772.0,0.0,772.0,0.0,762.0,0.0,1.0,0.0,686.0,763.0,0.0
138.0,0.0,773.0,0.0,773.0,0.0,763.0,0.0,1.0,0.0,688.0
764.0,0.0,138.0,0.0,774.0,0.0,774.0,0.0,764.0,0.0,1.0
0.0,690.0,765.0,0.0,138.0,0.0,775.0,0.0,775.0,0.0,765.0
0.0,1.0,0.0,692.0,766.0,0.0,138.0,0.0,776.0,0.0,776.0
0.0,766.0,0.0,1.0,0.0,694.0,767.0,0.0,138.0,0.0,777.0
0.0,777.0,0.0,767.0,0.0,1.0,0.0,696.0,768.0,0.0,138.0
0.0,778.0,0.0,778.0,0.0,768.0,0.0,1.0,0.0,698.0,55.0
0.0,50.0,0.0,1.0,0.0,699.0,56.0,0.0,50.0,0.0,779.0
0.0,779.0,0.0,56.0,0.0,780.0,0.0,781.0,0.0,782.0,0.0
783.0,0.0,784.0,0.0,785.0,0.0,786.0,0.0,787.0,0.0,788.0
0.0,789.0,0.0,790.0,0.0,791.0,0.0,792.0,0.0,793.0,0.0
794.0,0.0,795.0,0.0,796.0,0.0,797.0,0.0,798.0,0.0,799.0
0.0,800.0,0.0,801.0,0.0,802.0,0.0,803.0,0.0,804.0,0.0
805.0,0.0,806.0,0.0,807.0,0.0,808.0,0.0,809.0,0.0,810.0
0.0,811.0,0.0,812.0,0.0,813.0,0.0,780.0,0.0,779.0,0.0
814.0,0.0,815.0,0.0,816.0,0.0,817.0,0.0,818.0,0.0,819.0
0.0,820.0,0.0,821.0,0.0,822.0,0.0,823.0,0.0,814.0,0.0
780.0,0.0,824.0,0.0,824.0,0.0,814.0,0.0,10.0,0.0,704.0
815.0,0.0,780.0,0.0,825.0,0.0,825.0,0.0,815.0,0.0,10.0
0.0,706.0,816.0,0.0,780.0,0.0,826.0,0.0,826.0,0.0,816.0
0.0,10.0,0.0,708.0,817.0,0.0,780.0,0.0,827.0,0.0,827.0
0.0,817.0,0.0,10.0,0.0,710.0,818.0,0.0,780.0,0.0,828.0
0.0,828.0,0.0,818.0,0.0,10.0,0.0,712.0,819.0,0.0,780.0
0.0,829.0,0.0,829.0,0.0,819.0,0.0,10.0,0.0,714.0,820.0
0.0,780.0,0.0,830.0,0.0,830.0,0.0,820.0,0.0,10.0,0.0
716.0,821.0,0.0,780.0,0.0,831.0,0.0,831.0,0.0,821.0,0.0
10.0,0.0,718.0,822.0,0.0,780.0,0.0,832.0,0.0,832.0,0.0
822.0,0.0,10.0,0.0,720.0,823.0,0.0,780.0,0.0,833.0,0.0
833.0,0.0,823.0,0.0,10.0,0.0,722.0,781.0,0.0,779.0,0.0
834.0,0.0,835.0,0.0,836.0,0.0,837.0,0.0,838.0,0.0,839.0
0.0,840.0,0.0,841.0,0.0,842.0,0.0,843.0,0.0,834.0,0.0
781.0,0.0,844.0,0.0,844.0,0.0,834.0,0.0,10.0,0.0,725.0
835.0,0.0,781.0,0.0,845.0,0.0,845.0,0.0,835.0,0.0,10.0
0.0,727.0,836.0,0.0,781.0,0.0,846.0,0.0,846.0,0.0,836.0
0.0,10.0,0.0,729.0,837.0,0.0,781.0,0.0,847.0,0.0,847.0
0.0,837.0,0.0,10.0,0.0,731.0,838.0,0.0,781.0,0.0,848.0
0.0,848.0,0.0,838.0,0.0,10.0,0.0,733.0,839.0,0.0,781.0
0.0,849.0,0.0,849.0,0.0,839.0,0.0,10.0,0.0,735.0,840.0
0.0,781.0,0.0,850.0,0.0,850.0,0.0,840.0,0.0,10.0,0.0
737.0,841.0,0.0,781.0,0.0,851.0,0.0,851.0,0.0,841.0,0.0
10.0,0.0,739.0,842.0,0.0,781.0,0.0,852.0,0.0,852.0,0.0
842.0,0.0,10.0,0.0,741.0,843.0,0.0,781.0,0.0,853.0,0.0
853.0,0.0,843.0,0.0,10.0,0.0,743.0,782.0,0.0,779.0,0.0
854.0,0.0,855.0,0.0,856.0,0.0,857.0,0.0,858.0,0.0,859.0
0.0,860.0,0.0,861.0,0.0,862.0,0.0,863.0,0.0,854.0,0.0
782.0,0.0,864.0,0.0,864.0,0.0,854.0,0.0,10.0,0.0,746.0
855.0,0.0,782.0,0.0,865.0,0.0,865.0,0.0,855.0,0.0,10.0
0.0,748.0,856.0,0.0,782.0,0.0,866.0,0.0,866.0,0.0,856.0
0.0,10.0,0.0,750.0,857.0,0.0,782.0,0.0,867.0,0.0,867.0
0.0,857.0,0.0,10.0,0.0,752.0,858.0,0.0,782.0,0.0,868.0
0.0,868.0,0.0,858.0,0.0,10.0,0.0,754.0,859.0,0.0,782.0
0.0,869.0,0.0,869.0,0.0,859.0,0.0,10.0,0.0,756.0,860.0
0.0,782.0,0.0,870.0,0.0,870.0,0.0,860.0,0.0,10.0,0.0
758.0,861.0,0.0,782.0,0.0,871.0,0.0,871.0,0.0,861.0,0.0
10.0,0.0,760.0,862.0,0.0,782.0,0.0,872.0,0.0,872.0,0.0
862.0,0.0,10.0,0.0,762.0,863.0,0.0,782.0,0.0,873.0,0.0
873.0,0.0,863.0,0.0,10.0,0.0,764.0,783.0,0.0,779.0,0.0
874.0,0.0,875.0,0.0,876.0,0.0,877.0,0.0,878.0,0.0,879.0
0.0,880.0,0.0,881.0,0.0,882.0,0.0,883.0,0.0,874.0,0.0
783.0,0.0,884.0,0.0,884.0,0.0,874.0,0.0,10.0,0.0,767.0
875.0,0.0,783.0,0.0,885.0,0.0,885.0,0.0,875.0,0.0,10.0
0.0,769.0,876.0,0.0,783.0,0.0,886.0,0.0,886.0,0.0,876.0
0.0,10.0,0.0,771.0,877.0,0.0,783.0,0.0,887.0,0.0,887.0
0.0,877.0,0.0,10.0,0.0,773.0,878.0,0.0,783.0,0.0,888.0
0.0,888.0,0.0,878.0,0.0,10.0,0.0,775.0,879.0,0.0,783.0
0.0,889.0,0.0,889.0,0.0,879.0,0.0,10.0,0.0,777.0,880.0
0.0,783.0,0.0,890.0,0.0,890.0,0.0,880.0,0.0,10.0,0.0
779.0,881.0,0.0,783.0,0.0,891.0,0.0,891.0,0.0,881.0,0.0
10.0,0.0,781.0,882.0,0.0,783.0,0.0,892.0,0.0,892.0,0.0
882.0,0.0,10.0,0.0,783.0,883.0,0.0,783.0,0.0,893.0,0.0
893.0,0.0,883.0,0.0,10.0,0.0,785.0,784.0,0.0,779.0,0.0
894.0,0.0,895.0,0.0,896.0,0.0,897.0,0.0,898.0,0.0,899.0
0.0,900.0,0.0,901.0,0.0,902.0,0.0,903.0,0.0,894.0,0.0
784.0,0.0,904.0,0.0,904.0,0.0,894.0,0.0,10.0,0.0,788.0
895.0,0.0,784.0,0.0,905.0,0.0,905.0,0.0,895.0,0.0,10.0
0.0,790.0,896.0,0.0,784.0,0.0,906.0,0.0,906.0,0.0,896.0
0.0,10.0,0.0,792.0,897.0,0.0,784.0,0.0,907.0,0.0,907.0
0.0,897.0,0.0,10.0,0.0,794.0,898.0,0.0,784.0,0.0,908.0
0.0,908.0,0.0,898.0,0.0,10.0,0.0,796.0,899.0,0.0,784.0
0.0,909.0,0.0,909.0,0.0,899.0,0.0,10.0,0.0,798.0,900.0
0.0,784.0,0.0,910.0,0.0,910.0,0.0,900.0,0.0,10.0,0.0
800.0,901.0,0.0,784.0,0.0,911.0,0.0,911.0,0.0,901.0,0.0
10.0,0.0,802.0,902.0,0.0,784.0,0.0,912.0,0.0,912.0,0.0
902.0,0.0,10.0,0.0,804.0,903.0,0.0,784.0,0.0,913.0,0.0
913.0,0.0,903.0,0.0,10.0,0.0,806.0,785.0,0.0,779.0,0.0
914.0,0.0,915.0,0.0,916.0,0.0,917.0,0.0,918.0,0.0,919.0
0.0,920.0,0.0,921.0,0.0,922.0,0.0,923.0,0.0,914.0,0.0
785.0,0.0,924.0,0.0,924.0,0.0,914.0,0.0,10.0,0.0,809.0
915.0,0.0,785.0,0.0,925.0,0.0,925.0,0.0,915.0,0.0,10.0
0.0,811.0,916.0,0.0,785.0,0.0,926.0,0.0,926.0,0.0,916.0
0.0,10.0,0.0,813.0,917.0,0.0,785.0,0.0,927.0,0.0,927.0
0.0,917.0,0.0,10.0,0.0,815.0,918.0,0.0,785.0,0.0,928.0
0.0,928.0,0.0,918.0,0.0,10.0,0.0,817.0,919.0,0.0,785.0
0.0,929.0,0.0,929.0,0.0,919.0,0.0,10.0,0.0,819.0,920.0
0.0,785.0,0.0,930.0,0.0,930.0,0.0,920.0,0.0,10.0,0.0
821.0,921.0,0.0,785.0,0.0,931.0,0.0,931.0,0.0,921.0,0.0
10.0,0.0,823.0,922.0,0.0,785.0,0.0,932.0,0.0,932.0,0.0
922.0,0.0,10.0,0.0,825.0,923.0,0.0,785.0,0.0,933.0,0.0
933.0,0.0,923.0,0.0,10.0,0.0,827.0,786.0,0.0,779.0,0.0
934.0,0.0,935.0,0.0,936.0,0.0,937.0,0.0,938.0,0.0,939.0
0.0,940.0,0.0,941.0,0.0,942.0,0.0,943.0,0.0,934.0,0.0
786.0,0.0,944.0,0.0,944.0,0.0,934.0,0.0,10.0,0.0,830.0
935.0,0.0,786.0,0.0,945.0,0.0,945.0,0.0,935.0,0.0,10.0
0.0,832.0,936.0,0.0,786.0,0.0,946.0,0.0,946.0,0.0,936.0
0.0,10.0,0.0,834.0,937.0,0.0,786.0,0.0,947.0,0.0,947.0
0.0,937.0,0.0,10.0,0.0,836.0,938.0,0.0,786.0,0.0,948.0
0.0,948.0,0.0,938.0,0.0,10.0,0.0,838.0,939.0,0.0,786.0
0.0,949.0,0.0,949.0,0.0,939.0,0.0,10.0,0.0,840.0,940.0
0.0,786.0,0.0,950.0,0.0,950.0,0.0,940.0,0.0,10.0,0.0
842.0,941.0,0.0,786.0,0.0,951.0,0.0,951.0,0.0,941.0,0.0
10.0,0.0,844.0,942.0,0.0,786.0,0.0,952.0,0.0,952.0,0.0
942.0,0.0,10.0,0.0,846.0,943.0,0.0,786.0,0.0,953.0,0.0
953.0,0.0,943.0,0.0,10.0,0.0,848.0,787.0,0.0,779.0,0.0
954.0,0.0,955.0,0.0,956.0,0.0,957.0,0.0,958.0,0.0,959.0
0.0,960.0,0.0,961.0,0.0,962.0,0.0,963.0,0.0,954.0,0.0
787.0,0.0,964.0,0.0,964.0,0.0,954.0,0.0,10.0,0.0,851.0
955.0,0.0,787.0,0.0,965.0,0.0,965.0,0.0,955.0,0.0,10.0
0.0,853.0,956.0,0.0,787.0,0.0,966.0,0.0,966.0,0.0,956.0
0.0,10.0,0.0,855.0,957.0,0.0,787.0,0.0,967.0,0.0,967.0
0.0,957.0,0.0,10.0,0.0,857.0,958.0,0.0,787.0,0.0,968.0
0.0,968.0,0.0,958.0,0.0,10.0,0.0,859.0,959.0,0.0,787.0
0.0,969.0,0.0,969.0,0.0,959.0,0.0,10.0,0.0,861.0,960.0
0.0,787.0,0.0,970.0,0.0,970.0,0.0,960.0,0.0,10.0,0.0
863.0,961.0,0.0,787.0,0.0,971.0,0.0,971.0,0.0,961.0,0.0
10.0,0.0,865.0,962.0,0.0,787.0,0.0,972.0,0.0,972.0,0.0
962.0,0.0,10.0,0.0,867.0,963.0,0.0,787.0,0.0,973.0,0.0
973.0,0.0,963.0,0.0,10.0,0.0,869.0,788.0,0.0,779.0,0.0
974.0,0.0,975.0,0.0,976.0,0.0,977.0,0.0,978.0,0.0,979.0
0.0,980.0,0.0,981.0,0.0,982.0,0.0,983.0,0.0,974.0,0.0
788.0,0.0,984.0,0.0,984.0,0.0,974.0,0.0,10.0,0.0,872.0
975.0,0.0,788.0,0.0,985.0,0.0,985.0,0.0,975.0,0.0,10.0
0.0,874.0,976.0,0.0,788.0,0.0,986.0,0.0,986.0,0.0,976.0
0.0,10.0,0.0,876.0,977.0,0.0,788.0,0.0,987.0,0.0,987.0
0.0,977.0,0.0,10.0,0.0,878.0,978.0,0.0,788.0,0.0,988.0
0.0,988.0,0.0,978.0,0.0,10.0,0.0,880.0,979.0,0.0,788.0
0.0,989.0,0.0,989.0,0.0,979.0,0.0,10.0,0.0,882.0,980.0
0.0,788.0,0.0,990.0,0.0,990.0,0.0,980.0,0.0,10.0,0.0
884.0,981.0,0.0,788.0,0.0,991.0,0.0,991.0,0.0,981.0,0.0
10.0,0.0,886.0,982.0,0.0,788.0,0.0,992.0,0.0,992.0,0.0
982.0,0.0,10.0,0.0,888.0,983.0,0.0,788.0,0.0,993.0,0.0
993.0,0.0,983.0,0.0,10.0,0.0,890.0,789.0,0.0,779.0,0.0
994.0,0.0,995.0,0.0,996.0,0.0,997.0,0.0,998.0,0.0,999.0
0.0,1000.0,0.0,1001.0,0.0,1002.0,0.0,1003.0,0.0,994.0,0.0
789.0,0.0,1004.0,0.0,1004.0,0.0,994.0,0.0,10.0,0.0,893.0
995.0,0.0,789.0,0.0,1005.0,0.0,1005.0,0.0,995.0,0.0,10.0
0.0,895.0,996.0,0.0,789.0,0.0,1006.0,0.0,1006.0,0.0,996.0
0.0,10.0,0.0,897.0,997.0,0.0,789.0,0.0,1007.0,0.0,1007.0
0.0,997.0,0.0,10.0,0.0,899.0,998.0,0.0,789.0,0.0,1008.0
0.0,1008.0,0.0,998.0,0.0,10.0,0.0,901.0,999.0,0.0,789.0
0.0,1009.0,0.0,1009.0,0.0,999.0,0.0,10.0,0.0,903.0,1000.0
0.0,789.0,0.0,1010.0,0.0,1010.0,0.0,1000.0,0.0,10.0,0.0
905.0,1001.0,0.0,789.0,0.0,1011.0,0.0,1011.0,0.0,1001.0,0.0
10.0,0.0,907.0,1002.0,0.0,789.0,0.0,1012.0,0.0,1012.0,0.0
1002.0,0.0,10.0,0.0,909.0,1003.0,0.0,789.0,0.0,1013.0,0.0
1013.0,0.0,1003.0,0.0,10.0,0.0,911.0,790.0,0.0,779.0,0.0
1014.0,0.0,1015.0,0.0,1016.0,0.0,1017.0,0.0,1018.0,0.0,1019.0
0.0,1020.0,0.0,1021.0,0.0,1022.0,0.0,1023.0,0.0,1014.0,0.0
790.0,0.0,1024.0,0.0,1024.0,0.0,1014.0,0.0,10.0,0.0,914.0
1015.0,0.0,790.0,0.0,1025.0,0.0,1025.0,0.0,1015.0,0.0,10.0
0.0,916.0,1016.0,0.0,790.0,0.0,1026.0,0.0,1026.0,0.0,1016.0
0.0,10.0,0.0,918.0,1017.0,0.0,790.0,0.0,1027.0,0.0,1027.0
0.0,1017.0,0.0,10.0,0.0,920.0,1018.0,0.0,790.0,0.0,1028.0
0.0,1028.0,0.0,1018.0,0.0,10.0,0.0,922.0,1019.0,0.0,790.0
0.0,1029.0,0.0,1029.0,0.0,1019.0,0.0,10.0,0.0,924.0,1020.0
0.0,790.0,0.0,1030.0,0.0,1030.0,0.0,1020.0,0.0,10.0,0.0
926.0,1021.0,0.0,790.0,0.0,1031.0,0.0,1031.0,0.0,1021.0,0.0
10.0,0.0,928.0,1022.0,0.0,790.0,0.0,1032.0,0.0,1032.0,0.0
1022.0,0.0,10.0,0.0,930.0,1023.0,0.0,790.0,0.0,1033.0,0.0
1033.0,0.0,1023.0,0.0,10.0,0.0,932.0,791.0,0.0,779.0,0.0
1034.0,0.0,1035.0,0.0,1036.0,0.0,1037.0,0.0,1038.0,0.0,1039.0
0.0,1040.0,0.0,1041.0,0.0,1042.0,0.0,1043.0,0.0,1034.0,0.0
791.0,0.0,1044.0,0.0,1044.0,0.0,1034.0,0.0,10.0,0.0,935.0
1035.0,0.0,791.0,0.0,1045.0,0.0,1045.0,0.0,1035.0,0.0,10.0
0.0,937.0,1036.0,0.0,791.0,0.0,1046.0,0.0,1046.0,0.0,1036.0
0.0,10.0,0.0,939.0,1037.0,0.0,791.0,0.0,1047.0,0.0,1047.0
0.0,1037.0,0.0,10.0,0.0,941.0,1038.0,0.0,791.0,0.0,1048.0
0.0,1048.0,0.0,1038.0,0.0,10.0,0.0,943.0,1039.0,0.0,791.0
0.0,1049.0,0.0,1049.0,0.0,1039.0,0.0,10.0,0.0,945.0,1040.0
0.0,791.0,0.0,1050.0,0.0,1050.0,0.0,1040.0,0.0,10.0,0.0
947.0,1041.0,0.0,791.0,0.0,1051.0,0.0,1051.0,0.0,1041.0,0.0
10.0,0.0,949.0,1042.0,0.0,791.0,0.0,1052.0,0.0,1052.0,0.0
1042.0,0.0,10.0,0.0,951.0,1043.0,0.0,791.0,0.0,1053.0,0.0
1053.0,0.0,1043.0,0.0,10.0,0.0,953.0,792.0,0.0,779.0,0.0
1054.0,0.0,1055.0,0.0,1056.0,0.0,1057.0,0.0,1058.0,0.0,1059.0
0.0,1060.0,0.0,1061.0,0.0,1062.0,0.0,1063.0,0.0,1054.0,0.0
792.0,0.0,1064.0,0.0,1064.0,0.0,1054.0,0.0,10.0,0.0,956.0
1055.0,0.0,792.0,0.0,1065.0,0.0,1065.0,0.0,1055.0,0.0,10.0
0.0,958.0,1056.0,0.0,792.0,0.0,1066.0,0.0,1066.0,0.0,1056.0
0.0,10.0,0.0,960.0,1057.0,0.0,792.0,0.0,1067.0,0.0,1067.0
0.0,1057.0,0.0,10.0,0.0,962.0,1058.0,0.0,792.0,0.0,1068.0
0.0,1068.0,0.0,1058.0,0.0,10.0,0.0,964.0,1059.0,0.0,792.0
0.0,1069.0,0.0,1069.0,0.0,1059.0,0.0,10.0,0.0,966.0,1060.0
0.0,792.0,0.0,1070.0,0.0,1070.0,0.0,1060.0,0.0,10.0,0.0
968.0,1061.0,0.0,792.0,0.0,1071.0,0.0,1071.0,0.0,1061.0,0.0
10.0,0.0,970.0,1062.0,0.0,792.0,0.0,1072.0,0.0,1072.0,0.0
1062.0,0.0,10.0,0.0,972.0,1063.0,0.0,792.0,0.0,1073.0,0.0
1073.0,0.0,1063.0,0.0,10.0,0.0,974.0,793.0,0.0,779.0,0.0
1074.0,0.0,1075.0,0.0,1076.0,0.0,1077.0,0.0,1078.0,0.0,1079.0
0.0,1080.0,0.0,1081.0,0.0,1082.0,0.0,1083.0,0.0,1074.0,0.0
793.0,0.0,1084.0,0.0,1084.0,0.0,1074.0,0.0,10.0,0.0,977.0
1075.0,0.0,793.0,0.0,1085.0,0.0,1085.0,0.0,1075.0,0.0,10.0
0.0,979.0,1076.0,0.0,793.0,0.0,1086.0,0.0,1086.0,0.0,1076.0
0.0,10.0,0.0,981.0,1077.0,0.0,793.0,0.0,1087.0,0.0,1087.0
0.0,1077.0,0.0,10.0,0.0,983.0,1078.0,0.0,793.0,0.0,1088.0
0.0,1088.0,0.0,1078.0,0.0,10.0,0.0,985.0,1079.0,0.0,793.0
0.0,1089.0,0.0,1089.0,0.0,1079.0,0.0,10.0,0.0,987.0,1080.0
0.0,793.0,0.0,1090.0,0.0,1090.0,0.0,1080.0,0.0,10.0,0.0
989.0,1081.0,0.0,793.0,0.0,1091.0,0.0,1091.0,0.0,1081.0,0.0
10.0,0.0,991.0,1082.0,0.0,793.0,0.0,1092.0,0.0,1092.0,0.0
1082.0,0.0,10.0,0.0,993.0,1083.0,0.0,793.0,0.0,1093.0,0.0
1093.0,0.0,1083.0,0.0,10.0,0.0,995.0,794.0,0.0,779.0,0.0
1094.0,0.0,1095.0,0.0,1096.0,0.0,1097.0,0.0,1098.0,0.0,1099.0
0.0,1100.0,0.0,1101.0,0.0,1102.0,0.0,1103.0,0.0,1094.0,0.0
794.0,0.0,1104.0,0.0,1104.0,0.0,1094.0,0.0,10.0,0.0,998.0
1095.0,0.0,794.0,0.0,1105.0,0.0,1105.0,0.0,1095.0,0.0,10.0
0.0,1000.0,1096.0,0.0,794.0,0.0,1106.0,0.0,1106.0,0.0,1096.0
0.0,10.0,0.0,1002.0,1097.0,0.0,794.0,0.0,1107.0,0.0,1107.0
0.0,1097.0,0.0,10.0,0.0,1004.0,1098.0,0.0,794.0,0.0,1108.0
0.0,1108.0,0.0,1098.0,0.0,10.0,0.0,1006.0,1099.0,0.0,794.0
0.0,1109.0,0.0,1109.0,0.0,1099.0,0.0,10.0,0.0,1008.0,1100.0
0.0,794.0,0.0,1110.0,0.0,1110.0,0.0,1100.0,0.0,10.0,0.0
1010.0,1101.0,0.0,794.0,0.0,1111.0,0.0,1111.0,0.0,1101.0,0.0
10.0,0.0,1012.0,1102.0,0.0,794.0,0.0,1112.0,0.0,1112.0,0.0
1102.0,0.0,10.0,0.0,1014.0,1103.0,0.0,794.0,0.0,1113.0,0.0
1113.0,0.0,1103.0,0.0,10.0,0.0,1016.0,795.0,0.0,779.0,0.0
1114.0,0.0,1115.0,0.0,1116.0,0.0,1117.0,0.0,1118.0,0.0,1119.0
0.0,1120.0,0.0,1121.0,0.0,1122.0,0.0,1123.0,0.0,1114.0,0.0
795.0,0.0,1124.0,0.0,1124.0,0.0,1114.0,0.0,10.0,0.0,1019.0
1115.0,0.0,795.0,0.0,1125.0,0.0,1125.0,0.0,1115.0,0.0,10.0
0.0,1021.0,1116.0,0.0,795.0,0.0,1126.0,0.0,1126.0,0.0,1116.0
0.0,10.0,0.0,1023.0,1117.0,0.0,795.0,0.0,1127.0,0.0,1127.0
0.0,1117.0,0.0,10.0,0.0,1025.0,1118.0,0.0,795.0,0.0,1128.0
0.0,1128.0,0.0,1118.0,0.0,10.0,0.0,1027.0,1119.0,0.0,795.0
0.0,1129.0,0.0,1129.0,0.0,1119.0,0.0,10.0,0.0,1029.0,1120.0
0.0,795.0,0.0,1130.0,0.0,1130.0,0.0,1120.0,0.0,10.0,0.0
1031.0,1121.0,0.0,795.0,0.0,1131.0,0.0,1131.0,0.0,1121.0,0.0
10.0,0.0,1033.0,1122.0,0.0,795.0,0.0,1132.0,0.0,1132.0,0.0
1122.0,0.0,10.0,0.0,1035.0,1123.0,0.0,795.0,0.0,1133.0,0.0
1133.0,0.0,1123.0,0.0,10.0,0.0,1037.0,796.0,0.0,779.0,0.0
1134.0,0.0,1135.0,0.0,1136.0,0.0,1137.0,0.0,1138.0,0.0,1139.0
0.0,1140.0,0.0,1141.0,0.0,1142.0,0.0,1143.0,0.0,1134.0,0.0
796.0,0.0,1144.0,0.0,1144.0,0.0,1134.0,0.0,10.0,0.0,1040.0
1135.0,0.0,796.0,0.0,1145.0,0.0,1145.0,0.0,1135.0,0.0,10.0
0.0,1042.0,1136.0,0.0,796.0,0.0,1146.0,0.0,1146.0,0.0,1136.0
0.0,10.0,0.0,1044.0,1137.0,0.0,796.0,0.0,1147.0,0.0,1147.0
0.0,1137.0,0.0,10.0,0.0,1046.0,1138.0,0.0,796.0,0.0,1148.0
0.0,1148.0,0.0,1138.0,0.0,10.0,0.0,1048.0,1139.0,0.0,796.0
0.0,1149.0,0.0,1149.0,0.0,1139.0,0.0,10.0,0.0,1050.0,1140.0
0.0,796.0,0.0,1150.0,0.0,1150.0,0.0,1140.0,0.0,10.0,0.0
1052.0,1141.0,0.0,796.0,0.0,1151.0,0.0,1151.0,0.0,1141.0,0.0
10.0,0.0,1054.0,1142.0,0.0,796.0,0.0,1152.0,0.0,1152.0,0.0
1142.0,0.0,10.0,0.0,1056.0,1143.0,0.0,796.0,0.0,1153.0,0.0
1153.0,0.0,1143.0,0.0,10.0,0.0,1058.0,797.0,0.0,779.0,0.0
1154.0,0.0,1155.0,0.0,1156.0,0.0,1157.0,0.0,1158.0,0.0,1159.0
0.0,1160.0,0.0,1161.0,0.0,1162.0,0.0,1163.0,0.0,1154.0,0.0
797.0,0.0,1164.0,0.0,1164.0,0.0,1154.0,0.0,10.0,0.0,1061.0
1155.0,0.0,797.0,0.0,1165.0,0.0,1165.0,0.0,1155.0,0.0,10.0
0.0,1063.0,1156.0,0.0,797.0,0.0,1166.0,0.0,1166.0,0.0,1156.0
0.0,10.0,0.0,1065.0,1157.0,0.0,797.0,0.0,1167.0,0.0,1167.0
0.0,1157.0,0.0,10.0,0.0,1067.0,1158.0,0.0,797.0,0.0,1168.0
0.0,1168.0,0.0,1158.0,0.0,10.0,0.0,1069.0,1159.0,0.0,797.0
0.0,1169.0,0.0,1169.0,0.0,1159.0,0.0,10.0,0.0,1071.0,1160.0
0.0,797.0,0.0,1170.0,0.0,1170.0,0.0,1160.0,0.0,10.0,0.0
1073.0,1161.0,0.0,797.0,0.0,1171.0,0.0,1171.0,0.0,1161.0,0.0
10.0,0.0,1075.0,1162.0,0.0,797.0,0.0,1172.0,0.0,1172.0,0.0
1162.0,0.0,10.0,0.0,1077.0,1163.0,0.0,797.0,0.0,1173.0,0.0
1173.0,0.0,1163.0,0.0,10.0,0.0,1079.0,798.0,0.0,779.0,0.0
1174.0,0.0,1175.0,0.0,1176.0,0.0,1177.0,0.0,1178.0,0.0,1179.0
0.0,1180.0,0.0,1181.0,0.0,1182.0,0.0,1183.0,0.0,1174.0,0.0
798.0,0.0,1184.0,0.0,1184.0,0.0,1174.0,0.0,10.0,0.0,1082.0
1175.0,0.0,798.0,0.0,1185.0,0.0,1185.0,0.0,1175.0,0.0,10.0
0.0,1084.0,1176.0,0.0,798.0,0.0,1186.0,0.0,1186.0,0.0,1176.0
0.0,10.0,0.0,1086.0,1177.0,0.0,798.0,0.0,1187.0,0.0,1187.0
0.0,1177.0,0.0,10.0,0.0,1088.0,1178.0,0.0,798.0,0.0,1188.0
0.0,1188.0,0.0,1178.0,0.0,10.0,0.0,1090.0,1179.0,0.0,798.0
0.0,1189.0,0.0,1189.0,0.0,1179.0,0.0,10.0,0.0,1092.0,1180.0
0.0,798.0,0.0,1190.0,0.0,1190.0,0.0,1180.0,0.0,10.0,0.0
1094.0,1181.0,0.0,798.0,0.0,1191.0,0.0,1191.0,0.0,1181.0,0.0
10.0,0.0,1096.0,1182.0,0.0,798.0,0.0,1192.0,0.0,1192.0,0.0
1182.0,0.0,10.0,0.0,1098.0,1183.0,0.0,798.0,0.0,1193.0,0.0
1193.0,0.0,1183.0,0.0,10.0,0.0,1100.0,799.0,0.0,779.0,0.0
1194.0,0.0,1195.0,0.0,1196.0,0.0,1197.0,0.0,1198.0,0.0,1199.0
0.0,1200.0,0.0,1201.0,0.0,1202.0,0.0,1203.0,0.0,1194.0,0.0
799.0,0.0,1204.0,0.0,1204.0,0.0,1194.0,0.0,10.0,0.0,1103.0
1195.0,0.0,799.0,0.0,1205.0,0.0,1205.0,0.0,1195.0,0.0,10.0
0.0,1105.0,1196.0,0.0,799.0,0.0,1206.0,0.0,1206.0,0.0,1196.0
0.0,10.0,0.0,1107.0,1197.0,0.0,799.0,0.0,1207.0,0.0,1207.0
0.0,1197.0,0.0,10.0,0.0,1109.0,1198.0,0.0,799.0,0.0,1208.0
0.0,1208.0,0.0,1198.0,0.0,10.0,0.0,1111.0,1199.0,0.0,799.0
0.0,1209.0,0.0,1209.0,0.0,1199.0,0.0,10.0,0.0,1113.0,1200.0
0.0,799.0,0.0,1210.0,0.0,1210.0,0.0,1200.0,0.0,10.0,0.0
1115.0,1201.0,0.0,799.0,0.0,1211.0,0.0,1211.0,0.0,1201.0,0.0
10.0,0.0,1117.0,1202.0,0.0,799.0,0.0,1212.0,0.0,1212.0,0.0
1202.0,0.0,10.0,0.0,1119.0,1203.0,0.0,799.0,0.0,1213.0,0.0
1213.0,0.0,1203.0,0.0,10.0,0.0,1121.0,800.0,0.0,779.0,0.0
1214.0,0.0,1215.0,0.0,1216.0,0.0,1217.0,0.0,1218.0,0.0,1219.0
0.0,1220.0,0.0,1221.0,0.0,1222.0,0.0,1223.0,0.0,1214.0,0.0
800.0,0.0,1224.0,0.0,1224.0,0.0,1214.0,0.0,10.0,0.0,1124.0
1215.0,0.0,800.0,0.0,1225.0,0.0,1225.0,0.0,1215.0,0.0,10.0
0.0,1126.0,1216.0,0.0,800.0,0.0,1226.0,0.0,1226.0,0.0,1216.0
0.0,10.0,0.0,1128.0,1217.0,0.0,800.0,0.0,1227.0,0.0,1227.0
0.0,1217.0,0.0,10.0,0.0,1130.0,1218.0,0.0,800.0,0.0,1228.0
0.0,1228.0,0.0,1218.0,0.0,10.0,0.0,1132.0,1219.0,0.0,800.0
0.0,1229.0,0.0,1229.0,0.0,1219.0,0.0,10.0,0.0,1134.0,1220.0
0.0,800.0,0.0,1230.0,0.0,1230.0,0.0,1220.0,0.0,10.0,0.0
1136.0,1221.0,0.0,800.0,0.0,1231.0,0.0,1231.0,0.0,1221.0,0.0
10.0,0.0,1138.0,1222.0,0.0,800.0,0.0,1232.0,0.0,1232.0,0.0
1222.0,0.0,10.0,0.0,1140.0,1223.0,0.0,800.0,0.0,1233.0,0.0
1233.0,0.0,1223.0,0.0,10.0,0.0,1142.0,801.0,0.0,779.0,0.0
1234.0,0.0,1235.0,0.0,1236.0,0.0,1237.0,0.0,1238.0,0.0,1239.0
0.0,1240.0,0.0,1241.0,0.0,1242.0,0.0,1243.0,0.0,1234.0,0.0
801.0,0.0,1244.0,0.0,1244.0,0.0,1234.0,0.0,10.0,0.0,1145.0
1235.0,0.0,801.0,0.0,1245.0,0.0,1245.0,0.0,1235.0,0.0,10.0
0.0,1147.0,1236.0,0.0,801.0,0.0,1246.0,0.0,1246.0,0.0,1236.0
0.0,10.0,0.0,1149.0,1237.0,0.0,801.0,0.0,1247.0,0.0,1247.0
0.0,1237.0,0.0,10.0,0.0,1151.0,1238.0,0.0,801.0,0.0,1248.0
0.0,1248.0,0.0,1238.0,0.0,10.0,0.0,1153.0,1239.0,0.0,801.0
0.0,1249.0,0.0,1249.0,0.0,1239.0,0.0,10.0,0.0,1155.0,1240.0
0.0,801.0,0.0,1250.0,0.0,1250.0,0.0,1240.0,0.0,10.0,0.0
1157.0,1241.0,0.0,801.0,0.0,1251.0,0.0,1251.0,0.0,1241.0,0.0
10.0,0.0,1159.0,1242.0,0.0,801.0,0.0,1252.0,0.0,1252.0,0.0
1242.0,0.0,10.0,0.0,1161.0,1243.0,0.0,801.0,0.0,1253.0,0.0
1253.0,0.0,1243.0,0.0,10.0,0.0,1163.0,802.0,0.0,779.0,0.0
1254.0,0.0,1255.0,0.0,1256.0,0.0,1257.0,0.0,1258.0,0.0,1259.0
0.0,1260.0,0.0,1261.0,0.0,1262.0,0.0,1263.0,0.0,1254.0,0.0
802.0,0.0,1264.0,0.0,1264.0,0.0,1254.0,0.0,10.0,0.0,1166.0
1255.0,0.0,802.0,0.0,1265.0,0.0,1265.0,0.0,1255.0,0.0,10.0
0.0,1168.0,1256.0,0.0,802.0,0.0,1266.0,0.0,1266.0,0.0,1256.0
0.0,10.0,0.0,1170.0,1257.0,0.0,802.0,0.0,1267.0,0.0,1267.0
0.0,1257.0,0.0,10.0,0.0,1172.0,1258.0,0.0,802.0,0.0,1268.0
0.0,1268.0,0.0,1258.0,0.0,10.0,0.0,1174.0,1259.0,0.0,802.0
0.0,1269.0,0.0,1269.0,0.0,1259.0,0.0,10.0,0.0,1176.0,1260.0
0.0,802.0,0.0,1270.0,0.0,1270.0,0.0,1260.0,0.0,10.0,0.0
1178.0,1261.0,0.0,802.0,0.0,1271.0,0.0,1271.0,0.0,1261.0,0.0
10.0,0.0,1180.0,1262.0,0.0,802.0,0.0,1272.0,0.0,1272.0,0.0
1262.0,0.0,10.0,0.0,1182.0,1263.0,0.0,802.0,0.0,1273.0,0.0
1273.0,0.0,1263.0,0.0,10.0,0.0,1184.0,803.0,0.0,779.0,0.0
1274.0,0.0,1275.0,0.0,1276.0,0.0,1277.0,0.0,1278.0,0.0,1279.0
0.0,1280.0,0.0,1281.0,0.0,1282.0,0.0,1283.0,0.0,1274.0,0.0
803.0,0.0,1284.0,0.0,1284.0,0.0,1274.0,0.0,10.0,0.0,1187.0
1275.0,0.0,803.0,0.0,1285.0,0.0,1285.0,0.0,1275.0,0.0,10.0
0.0,1189.0,1276.0,0.0,803.0,0.0,1286.0,0.0,1286.0,0.0,1276.0
0.0,10.0,0.0,1191.0,1277.0,0.0,803.0,0.0,1287.0,0.0,1287.0
0.0,1277.0,0.0,10.0,0.0,1193.0,1278.0,0.0,803.0,0.0,1288.0
0.0,1288.0,0.0,1278.0,0.0,10.0,0.0,1195.0,1279.0,0.0,803.0
0.0,1289.0,0.0,1289.0,0.0,1279.0,0.0,10.0,0.0,1197.0,1280.0
0.0,803.0,0.0,1290.0,0.0,1290.0,0.0,1280.0,0.0,10.0,0.0
1199.0,1281.0,0.0,803.0,0.0,1291.0,0.0,1291.0,0.0,1281.0,0.0
10.0,0.0,1201.0,1282.0,0.0,803.0,0.0,1292.0,0.0,1292.0,0.0
1282.0,0.0,10.0,0.0,1203.0,1283.0,0.0,803.0,0.0,1293.0,0.0
1293.0,0.0,1283.0,0.0,10.0,0.0,1205.0,804.0,0.0,779.0,0.0
1294.0,0.0,1295.0,0.0,1296.0,0.0,1297.0,0.0,1298.0,0.0,1299.0
0.0,1300.0,0.0,1301.0,0.0,1302.0,0.0,1303.0,0.0,1294.0,0.0
804.0,0.0,1304.0,0.0,1304.0,0.0,1294.0,0.0,10.0,0.0,1208.0
1295.0,0.0,804.0,0.0,1305.0,0.0,1305.0,0.0,1295.0,0.0,10.0
0.0,1210.0,1296.0,0.0,804.0,0.0,1306.0,0.0,1306.0,0.0,1296.0
0.0,10.0,0.0,1212.0,1297.0,0.0,804.0,0.0,1307.0,0.0,1307.0
0.0,1297.0,0.0,10.0,0.0,1214.0,1298.0,0.0,804.0,0.0,1308.0
0.0,1308.0,0.0,1298.0,0.0,10.0,0.0,1216.0,1299.0,0.0,804.0
0.0,1309.0,0.0,1309.0,0.0,1299.0,0.0,10.0,0.0,1218.0,1300.0
0.0,804.0,0.0,1310.0,0.0,1310.0,0.0,1300.0,0.0,10.0,0.0
1220.0,1301.0,0.0,804.0,0.0,1311.0,0.0,1311.0,0.0,1301.0,0.0
10.0,0.0,1222.0,1302.0,0.0,804.0,0.0,1312.0,0.0,1312.0,0.0
1302.0,0.0,10.0,0.0,1224.0,1303.0,0.0,804.0,0.0,1313.0,0.0
1313.0,0.0,1303.0,0.0,10.0,0.0,1226.0,805.0,0.0,779.0,0.0
1314.0,0.0,1315.0,0.0,1316.0,0.0,1317.0,0.0,1318.0,0.0,1319.0
0.0,1320.0,0.0,1321.0,0.0,1322.0,0.0,1323.0,0.0,1314.0,0.0
805.0,0.0,1324.0,0.0,1324.0,0.0,1314.0,0.0,10.0,0.0,1229.0
1315.0,0.0,805.0,0.0,1325.0,0.0,1325.0,0.0,1315.0,0.0,10.0
0.0,1231.0,1316.0,0.0,805.0,0.0,1326.0,0.0,1326.0,0.0,1316.0
0.0,10.0,0.0,1233.0,1317.0,0.0,805.0,0.0,1327.0,0.0,1327.0
0.0,1317.0,0.0,10.0,0.0,1235.0,1318.0,0.0,805.0,0.0,1328.0
0.0,1328.0,0.0,1318.0,0.0,10.0,0.0,1237.0,1319.0,0.0,805.0
0.0,1329.0,0.0,1329.0,0.0,1319.0,0.0,10.0,0.0,1239.0,1320.0
0.0,805.0,0.0,1330.0,0.0,1330.0,0.0,1320.0,0.0,10.0,0.0
1241.0,1321.0,0.0,805.0,0.0,1331.0,0.0,1331.0,0.0,1321.0,0.0
10.0,0.0,1243.0,1322.0,0.0,805.0,0.0,1332.0,0.0,1332.0,0.0
1322.0,0.0,10.0,0.0,1245.0,1323.0,0.0,805.0,0.0,1333.0,0.0
1333.0,0.0,1323.0,0.0,10.0,0.0,1247.0,806.0,0.0,779.0,0.0
1334.0,0.0,1335.0,0.0,1336.0,0.0,1337.0,0.0,1338.0,0.0,1339.0
0.0,1340.0,0.0,1341.0,0.0,1342.0,0.0,1343.0,0.0,1334.0,0.0
806.0,0.0,1344.0,0.0,1344.0,0.0,1334.0,0.0,10.0,0.0,1250.0
1335.0,0.0,806.0,0.0,1345.0,0.0,1345.0,0.0,1335.0,0.0,10.0
0.0,1252.0,1336.0,0.0,806.0,0.0,1346.0,0.0,1346.0,0.0,1336.0
0.0,10.0,0.0,1254.0,1337.0,0.0,806.0,0.0,1347.0,0.0,1347.0
0.0,1337.0,0.0,10.0,0.0,1256.0,1338.0,0.0,806.0,0.0,1348.0
0.0,1348.0,0.0,1338.0,0.0,10.0,0.0,1258.0,1339.0,0.0,806.0
0.0,1349.0,0.0,1349.0,0.0,1339.0,0.0,10.0,0.0,1260.0,1340.0
0.0,806.0,0.0,1350.0,0.0,1350.0,0.0,1340.0,0.0,10.0,0.0
1262.0,1341.0,0.0,806.0,0.0,1351.0,0.0,1351.0,0.0,1341.0,0.0
10.0,0.0,1264.0,1342.0,0.0,806.0,0.0,1352.0,0.0,1352.0,0.0
1342.0,0.0,10.0,0.0,1266.0,1343.0,0.0,806.0,0.0,1353.0,0.0
1353.0,0.0,1343.0,0.0,10.0,0.0,1268.0,807.0,0.0,779.0,0.0
1354.0,0.0,1355.0,0.0,1356.0,0.0,1357.0,0.0,1358.0,0.0,1359.0
0.0,1360.0,0.0,1361.0,0.0,1362.0,0.0,1363.0,0.0,1354.0,0.0
807.0,0.0,1364.0,0.0,1364.0,0.0,1354.0,0.0,10.0,0.0,1271.0
1355.0,0.0,807.0,0.0,1365.0,0.0,1365.0,0.0,1355.0,0.0,10.0
0.0,1273.0,1356.0,0.0,807.0,0.0,1366.0,0.0,1366.0,0.0,1356.0
0.0,10.0,0.0,1275.0,1357.0,0.0,807.0,0.0,1367.0,0.0,1367.0
0.0,1357.0,0.0,10.0,0.0,1277.0,1358.0,0.0,807.0,0.0,1368.0
0.0,1368.0,0.0,1358.0,0.0,10.0,0.0,1279.0,1359.0,0.0,807.0
0.0,1369.0,0.0,1369.0,0.0,1359.0,0.0,10.0,0.0,1281.0,1360.0
0.0,807.0,0.0,1370.0,0.0,1370.0,0.0,1360.0,0.0,10.0,0.0
1283.0,1361.0,0.0,807.0,0.0,1371.0,0.0,1371.0,0.0,1361.0,0.0
10.0,0.0,1285.0,1362.0,0.0,807.0,0.0,1372.0,0.0,1372.0,0.0
1362.0,0.0,10.0,0.0,1287.0,1363.0,0.0,807.0,0.0,1373.0,0.0
1373.0,0.0,1363.0,0.0,10.0,0.0,1289.0,808.0,0.0,779.0,0.0
1374.0,0.0,1375.0,0.0,1376.0,0.0,1377.0,0.0,1378.0,0.0,1379.0
0.0,1380.0,0.0,1381.0,0.0,1382.0,0.0,1383.0,0.0,1374.0,0.0
808.0,0.0,1384.0,0.0,1384.0,0.0,1374.0,0.0,10.0,0.0,1292.0
1375.0,0.0,808.0,0.0,1385.0,0.0,1385.0,0.0,1375.0,0.0,10.0
0.0,1294.0,1376.0,0.0,808.0,0.0,1386.0,0.0,1386.0,0.0,1376.0
0.0,10.0,0.0,1296.0,1377.0,0.0,808.0,0.0,1387.0,0.0,1387.0
0.0,1377.0,0.0,10.0,0.0,1298.0,1378.0,0.0,808.0,0.0,1388.0
0.0,1388.0,0.0,1378.0,0.0,10.0,0.0,1300.0,1379.0,0.0,808.0
0.0,1389.0,0.0,1389.0,0.0,1379.0,0.0,10.0,0.0,1302.0,1380.0
0.0,808.0,0.0,1390.0,0.0,1390.0,0.0,1380.0,0.0,10.0,0.0
1304.0,1381.0,0.0,808.0,0.0,1391.0,0.0,1391.0,0.0,1381.0,0.0
10.0,0.0,1306.0,1382.0,0.0,808.0,0.0,1392.0,0.0,1392.0,0.0
1382.0,0.0,10.0,0.0,1308.0,1383.0,0.0,808.0,0.0,1393.0,0.0
1393.0,0.0,1383.0,0.0,10.0,0.0,1310.0,809.0,0.0,779.0,0.0
1394.0,0.0,1395.0,0.0,1396.0,0.0,1397.0,0.0,1398.0,0.0,1399.0
0.0,1400.0,0.0,1401.0,0.0,1402.0,0.0,1403.0,0.0,1394.0,0.0
809.0,0.0,1404.0,0.0,1404.0,0.0,1394.0,0.0,10.0,0.0,1313.0
1395.0,0.0,809.0,0.0,1405.0,0.0,1405.0,0.0,1395.0,0.0,10.0
0.0,1315.0,1396.0,0.0,809.0,0.0,1406.0,0.0,1406.0,0.0,1396.0
0.0,10.0,0.0,1317.0,1397.0,0.0,809.0,0.0,1407.0,0.0,1407.0
0.0,1397.0,0.0,10.0,0.0,1319.0,1398.0,0.0,809.0,0.0,1408.0
0.0,1408.0,0.0,1398.0,0.0,10.0,0.0,1321.0,1399.0,0.0,809.0
0.0,1409.0,0.0,1409.0,0.0,1399.0,0.0,10.0,0.0,1323.0,1400.0
0.0,809.0,0.0,1410.0,0.0,1410.0,0.0,1400.0,0.0,10.0,0.0
1325.0,1401.0,0.0,809.0,0.0,1411.0,0.0,1411.0,0.0,1401.0,0.0
10.0,0.0,1327.0,1402.0,0.0,809.0,0.0,1412.0,0.0,1412.0,0.0
1402.0,0.0,10.0,0.0,1329.0,1403.0,0.0,809.0,0.0,1413.0,0.0
1413.0,0.0,1403.0,0.0,10.0,0.0,1331.0,810.0,0.0,779.0,0.0
1414.0,0.0,1415.0,0.0,1416.0,0.0,1417.0,0.0,1418.0,0.0,1419.0
0.0,1420.0,0.0,1421.0,0.0,1422.0,0.0,1423.0,0.0,1414.0,0.0
810.0,0.0,1424.0,0.0,1424.0,0.0,1414.0,0.0,10.0,0.0,1334.0
1415.0,0.0,810.0,0.0,1425.0,0.0,1425.0,0.0,1415.0,0.0,10.0
0.0,1336.0,1416.0,0.0,810.0,0.0,1426.0,0.0,1426.0,0.0,1416.0
0.0,10.0,0.0,1338.0,1417.0,0.0,810.0,0.0,1427.0,0.0,1427.0
0.0,1417.0,0.0,10.0,0.0,1340.0,1418.0,0.0,810.0,0.0,1428.0
0.0,1428.0,0.0,1418.0,0.0,10.0,0.0,1342.0,1419.0,0.0,810.0
0.0,1429.0,0.0,1429.0,0.0,1419.0,0.0,10.0,0.0,1344.0,1420.0
0.0,810.0,0.0,1430.0,0.0,1430.0,0.0,1420.0,0.0,10.0,0.0
1346.0,1421.0,0.0,810.0,0.0,1431.0,0.0,1431.0,0.0,1421.0,0.0
10.0,0.0,1348.0,1422.0,0.0,810.0,0.0,1432.0,0.0,1432.0,0.0
1422.0,0.0,10.0,0.0,1350.0,1423.0,0.0,810.0,0.0,1433.0,0.0
1433.0,0.0,1423.0,0.0,10.0,0.0,1352.0,811.0,0.0,779.0,0.0
1434.0,0.0,1435.0,0.0,1436.0,0.0,1437.0,0.0,1438.0,0.0,1439.0
0.0,1440.0,0.0,1441.0,0.0,1442.0,0.0,1443.0,0.0,1434.0,0.0
811.0,0.0,1444.0,0.0,1444.0,0.0,1434.0,0.0,10.0,0.0,1355.0
1435.0,0.0,811.0,0.0,1445.0,0.0,1445.0,0.0,1435.0,0.0,10.0
0.0,1357.0,1436.0,0.0,811.0,0.0,1446.0,0.0,1446.0,0.0,1436.0
0.0,10.0,0.0,1359.0,1437.0,0.0,811.0,0.0,1447.0,0.0,1447.0
0.0,1437.0,0.0,10.0,0.0,1361.0,1438.0,0.0,811.0,0.0,1448.0
0.0,1448.0,0.0,1438.0,0.0,10.0,0.0,1363.0,1439.0,0.0,811.0
0.0,1449.0,0.0,1449.0,0.0,1439.0,0.0,10.0,0.0,1365.0,1440.0
0.0,811.0,0.0,1450.0,0.0,1450.0,0.0,1440.0,0.0,10.0,0.0
1367.0,1441.0,0.0,811.0,0.0,1451.0,0.0,1451.0,0.0,1441.0,0.0
10.0,0.0,1369.0,1442.0,0.0,811.0,0.0,1452.0,0.0,1452.0,0.0
1442.0,0.0,10.0,0.0,1371.0,1443.0,0.0,811.0,0.0,1453.0,0.0
1453.0,0.0,1443.0,0.0,10.0,0.0,1373.0,812.0,0.0,779.0,0.0
1454.0,0.0,1455.0,0.0,1456.0,0.0,1457.0,0.0,1458.0,0.0,1459.0
0.0,1460.0,0.0,1461.0,0.0,1462.0,0.0,1463.0,0.0,1454.0,0.0
812.0,0.0,1464.0,0.0,1464.0,0.0,1454.0,0.0,10.0,0.0,1376.0
1455.0,0.0,812.0,0.0,1465.0,0.0,1465.0,0.0,1455.0,0.0,10.0
0.0,1378.0,1456.0,0.0,812.0,0.0,1466.0,0.0,1466.0,0.0,1456.0
0.0,10.0,0.0,1380.0,1457.0,0.0,812.0,0.0,1467.0,0.0,1467.0
0.0,1457.0,0.0,10.0,0.0,1382.0,1458.0,0.0,812.0,0.0,1468.0
0.0,1468.0,0.0,1458.0,0.0,10.0,0.0,1384.0,1459.0,0.0,812.0
0.0,1469.0,0.0,1469.0,0.0,1459.0,0.0,10.0,0.0,1386.0,1460.0
0.0,812.0,0.0,1470.0,0.0,1470.0,0.0,1460.0,0.0,10.0,0.0
1388.0,1461.0,0.0,812.0,0.0,1471.0,0.0,1471.0,0.0,1461.0,0.0
10.0,0.0,1390.0,1462.0,0.0,812.0,0.0,1472.0,0.0,1472.0,0.0
1462.0,0.0,10.0,0.0,1392.0,1463.0,0.0,812.0,0.0,1473.0,0.0
1473.0,0.0,1463.0,0.0,10.0,0.0,1394.0,813.0,0.0,779.0,0.0
1474.0,0.0,1475.0,0.0,1476.0,0.0,1477.0,0.0,1478.0,0.0,1479.0
0.0,1480.0,0.0,1481.0,0.0,1482.0,0.0,1483.0,0.0,1474.0,0.0
813.0,0.0,1484.0,0.0,1484.0,0.0,1474.0,0.0,10.0,0.0,1397.0
1475.0,0.0,813.0,0.0,1485.0,0.0,1485.0,0.0,1475.0,0.0,10.0
0.0,1399.0,1476.0,0.0,813.0,0.0,1486.0,0.0,1486.0,0.0,1476.0
0.0,10.0,0.0,1401.0,1477.0,0.0,813.0,0.0,1487.0,0.0,1487.0
0.0,1477.0,0.0,10.0,0.0,1403.0,1478.0,0.0,813.0,0.0,1488.0
0.0,1488.0,0.0,1478.0,0.0,10.0,0.0,1405.0,1479.0,0.0,813.0
0.0,1489.0,0.0,1489.0,0.0,1479.0,0.0,10.0,0.0,1407.0,1480.0
0.0,813.0,0.0,1490.0,0.0,1490.0,0.0,1480.0,0.0,10.0,0.0
1409.0,1481.0,0.0,813.0,0.0,1491.0,0.0,1491.0,0.0,1481.0,0.0
10.0,0.0,1411.0,1482.0,0.0,813.0,0.0,1492.0,0.0,1492.0,0.0
1482.0,0.0,10.0,0.0,1413.0,1483.0,0.0,813.0,0.0,1493.0,0.0
1493.0,0.0,1483.0,0.0,10.0,0.0,1415.0,57.0,0.0,50.0,0.0
10.0,0.0,1416.0,58.0,0.0,50.0,0.0,1494.0,0.0,1494.0,0.0
58.0,0.0,1495.0,0.0,1496.0,0.0,1497.0,0.0,1498.0,0.0,1499.0
0.0,1500.0,0.0,1501.0,0.0,1502.0,0.0,1503.0,0.0,1504.0,0.0
1505.0,0.0,1506.0,0.0,1507.0,0.0,1508.0,0.0,1509.0,0.0,1510.0
0.0,1511.0,0.0,1512.0,0.0,1513.0,0.0,1514.0,0.0,1515.0,0.0
1516.0,0.0,1517.0,0.0,1518.0,0.0,1519.0,0.0,1520.0,0.0,1521.0
0.0,1522.0,0.0,1523.0,0.0,1524.0,0.0,1525.0,0.0,1526.0,0.0
1527.0,0.0,1528.0,0.0,1495.0,0.0,1494.0,0.0,1529.0,0.0,1530.0
0.0,1531.0,0.0,1532.0,0.0,1533.0,0.0,1534.0,0.0,1535.0,0.0
1536.0,0.0,1537.0,0.0,1538.0,0.0,1529.0,0.0,1495.0,0.0,1539.0
0.0,1539.0,0.0,1529.0,0.0,13.0,0.0,1421.0,1530.0,0.0,1495.0
0.0,1540.0,0.0,1540.0,0.0,1530.0,0.0,13.0,0.0,1423.0,1531.0
0.0,1495.0,0.0,1541.0,0.0,1541.0,0.0,1531.0,0.0,13.0,0.0
1425.0,1532.0,0.0,1495.0,0.0,1542.0,0.0,1542.0,0.0,1532.0,0.0
13.0,0.0,1427.0,1533.0,0.0,1495.0,0.0,1543.0,0.0,1543.0,0.0
1533.0,0.0,13.0,0.0,1429.0,1534.0,0.0,1495.0,0.0,1544.0,0.0
1544.0,0.0,1534.0,0.0,13.0,0.0,1431.0,1535.0,0.0,1495.0,0.0
1545.0,0.0,1545.0,0.0,1535.0,0.0,13.0,0.0,1433.0,1536.0,0.0
1495.0,0.0,1546.0,0.0,1546.0,0.0,1536.0,0.0,13.0,0.0,1435.0
1537.0,0.0,1495.0,0.0,1547.0,0.0,1547.0,0.0,1537.0,0.0,13.0
0.0,1437.0,1538.0,0.0,1495.0,0.0,1548.0,0.0,1548.0,0.0,1538.0
0.0,13.0,0.0,1439.0,1496.0,0.0,1494.0,0.0,1549.0,0.0,1550.0
0.0,1551.0,0.0,1552.0,0.0,1553.0,0.0,1554.0,0.0,1555.0,0.0
1556.0,0.0,1557.0,0.0,1558.0,0.0,1549.0,0.0,1496.0,0.0,1559.0
0.0,1559.0,0.0,1549.0,0.0,13.0,0.0,1442.0,1550.0,0.0,1496.0
0.0,1560.0,0.0,1560.0,0.0,1550.0,0.0,13.0,0.0,1444.0,1551.0
0.0,1496.0,0.0,1561.0,0.0,1561.0,0.0,1551.0,0.0,13.0,0.0
1446.0,1552.0,0.0,1496.0,0.0,1562.0,0.0,1562.0,0.0,1552.0,0.0
13.0,0.0,1448.0,1553.0,0.0,1496.0,0.0,1563.0,0.0,1563.0,0.0
1553.0,0.0,13.0,0.0,1450.0,1554.0,0.0,1496.0,0.0,1564.0,0.0
1564.0,0.0,1554.0,0.0,13.0,0.0,1452.0,1555.0,0.0,1496.0,0.0
1565.0,0.0,1565.0,0.0,1555.0,0.0,13.0,0.0,1454.0,1556.0,0.0
1496.0,0.0,1566.0,0.0,1566.0,0.0,1556.0,0.0,13.0,0.0,1456.0
1557.0,0.0,1496.0,0.0,1567.0,0.0,1567.0,0.0,1557.0,0.0,13.0
0.0,1458.0,1558.0,0.0,1496.0,0.0,1568.0,0.0,1568.0,0.0,1558.0
0.0,13.0,0.0,1460.0,1497.0,0.0,1494.0,0.0,1569.0,0.0,1570.0
0.0,1571.0,0.0,1572.0,0.0,1573.0,0.0,1574.0,0.0,1575.0,0.0
1576.0,0.0,1577.0,0.0,1578.0,0.0,1569.0,0.0,1497.0,0.0,1579.0
0.0,1579.0,0.0,1569.0,0.0,13.0,0.0,1463.0,1570.0,0.0,1497.0
0.0,1580.0,0.0,1580.0,0.0,1570.0,0.0,13.0,0.0,1465.0,1571.0
0.0,1497.0,0.0,1581.0,0.0,1581.0,0.0,1571.0,0.0,13.0,0.0
1467.0,1572.0,0.0,1497.0,0.0,1582.0,0.0,1582.0,0.0,1572.0,0.0
13.0,0.0,1469.0,1573.0,0.0,1497.0,0.0,1583.0,0.0,1583.0,0.0
1573.0,0.0,13.0,0.0,1471.0,1574.0,0.0,1497.0,0.0,1584.0,0.0
1584.0,0.0,1574.0,0.0,13.0,0.0,1473.0,1575.0,0.0,1497.0,0.0
1585.0,0.0,1585.0,0.0,1575.0,0.0,13.0,0.0,1475.0,1576.0,0.0
1497.0,0.0,1586.0,0.0,1586.0,0.0,1576.0,0.0,13.0,0.0,1477.0
1577.0,0.0,1497.0,0.0,1587.0,0.0,1587.0,0.0,1577.0,0.0,13.0
0.0,1479.0,1578.0,0.0,1497.0,0.0,1588.0,0.0,1588.0,0.0,1578.0
0.0,13.0,0.0,1481.0,1498.0,0.0,1494.0,0.0,1589.0,0.0,1590.0
0.0,1591.0,0.0,1592.0,0.0,1593.0,0.0,1594.0,0.0,1595.0,0.0
1596.0,0.0,1597.0,0.0,1598.0,0.0,1589.0,0.0,1498.0,0.0,1599.0
0.0,1599.0,0.0,1589.0,0.0,13.0,0.0,1484.0,1590.0,0.0,1498.0
0.0,1600.0,0.0,1600.0,0.0,1590.0,0.0,13.0,0.0,1486.0,1591.0
0.0,1498.0,0.0,1601.0,0.0,1601.0,0.0,1591.0,0.0,13.0,0.0
1488.0,1592.0,0.0,1498.0,0.0,1602.0,0.0,1602.0,0.0,1592.0,0.0
13.0,0.0,1490.0,1593.0,0.0,1498.0,0.0,1603.0,0.0,1603.0,0.0
1593.0,0.0,13.0,0.0,1492.0,1594.0,0.0,1498.0,0.0,1604.0,0.0
1604.0,0.0,1594.0,0.0,13.0,0.0,1494.0,1595.0,0.0,1498.0,0.0
1605.0,0.0,1605.0,0.0,1595.0,0.0,13.0,0.0,1496.0,1596.0,0.0
1498.0,0.0,1606.0,0.0,1606.0,0.0,1596.0,0.0,13.0,0.0,1498.0
1597.0,0.0,1498.0,0.0,1607.0,0.0,1607.0,0.0,1597.0,0.0,13.0
0.0,1500.0,1598.0,0.0,1498.0,0.0,1608.0,0.0,1608.0,0.0,1598.0
0.0,13.0,0.0,1502.0,1499.0,0.0,1494.0,0.0,1609.0,0.0,1610.0
0.0,1611.0,0.0,1612.0,0.0,1613.0,0.0,1614.0,0.0,1615.0,0.0
1616.0,0.0,1617.0,0.0,1618.0,0.0,1609.0,0.0,1499.0,0.0,1619.0
0.0,1619.0,0.0,1609.0,0.0,13.0,0.0,1505.0,1610.0,0.0,1499.0
0.0,1620.0,0.0,1620.0,0.0,1610.0,0.0,13.0,0.0,1507.0,1611.0
0.0,1499.0,0.0,1621.0,0.0,1621.0,0.0,1611.0,0.0,13.0,0.0
1509.0,1612.0,0.0,1499.0,0.0,1622.0,0.0,1622.0,0.0,1612.0,0.0
13.0,0.0,1511.0,1613.0,0.0,1499.0,0.0,1623.0,0.0,1623.0,0.0
1613.0,0.0,13.0,0.0,1513.0,1614.0,0.0,1499.0,0.0,1624.0,0.0
1624.0,0.0,1614.0,0.0,13.0,0.0,1515.0,1615.0,0.0,1499.0,0.0
1625.0,0.0,1625.0,0.0,1615.0,0.0,13.0,0.0,1517.0,1616.0,0.0
1499.0,0.0,1626.0,0.0,1626.0,0.0,1616.0,0.0,13.0,0.0,1519.0
1617.0,0.0,1499.0,0.0,1627.0,0.0,1627.0,0.0,1617.0,0.0,13.0
0.0,1521.0,1618.0,0.0,1499.0,0.0,1628.0,0.0,1628.0,0.0,1618.0
0.0,13.0,0.0,1523.0,1500.0,0.0,1494.0,0.0,1629.0,0.0,1630.0
0.0,1631.0,0.0,1632.0,0.0,1633.0,0.0,1634.0,0.0,1635.0,0.0
1636.0,0.0,1637.0,0.0,1638.0,0.0,1629.0,0.0,1500.0,0.0,1639.0
0.0,1639.0,0.0,1629.0,0.0,13.0,0.0,1526.0,1630.0,0.0,1500.0
0.0,1640.0,0.0,1640.0,0.0,1630.0,0.0,13.0,0.0,1528.0,1631.0
0.0,1500.0,0.0,1641.0,0.0,1641.0,0.0,1631.0,0.0,13.0,0.0
1530.0,1632.0,0.0,1500.0,0.0,1642.0,0.0,1642.0,0.0,1632.0,0.0
13.0,0.0,1532.0,1633.0,0.0,1500.0,0.0,1643.0,0.0,1643.0,0.0
1633.0,0.0,13.0,0.0,1534.0,1634.0,0.0,1500.0,0.0,1644.0,0.0
1644.0,0.0,1634.0,0.0,13.0,0.0,1536.0,1635.0,0.0,1500.0,0.0
1645.0,0.0,1645.0,0.0,1635.0,0.0,13.0,0.0,1538.0,1636.0,0.0
1500.0,0.0,1646.0,0.0,1646.0,0.0,1636.0,0.0,13.0,0.0,1540.0
1637.0,0.0,1500.0,0.0,1647.0,0.0,1647.0,0.0,1637.0,0.0,13.0
0.0,1542.0,1638.0,0.0,1500.0,0.0,1648.0,0.0,1648.0,0.0,1638.0
0.0,13.0,0.0,1544.0,1501.0,0.0,1494.0,0.0,1649.0,0.0,1650.0
0.0,1651.0,0.0,1652.0,0.0,1653.0,0.0,1654.0,0.0,1655.0,0.0
1656.0,0.0,1657.0,0.0,1658.0,0.0,1649.0,0.0,1501.0,0.0,1659.0
0.0,1659.0,0.0,1649.0,0.0,13.0,0.0,1547.0,1650.0,0.0,1501.0
0.0,1660.0,0.0,1660.0,0.0,1650.0,0.0,13.0,0.0,1549.0,1651.0
0.0,1501.0,0.0,1661.0,0.0,1661.0,0.0,1651.0,0.0,13.0,0.0
1551.0,1652.0,0.0,1501.0,0.0,1662.0,0.0,1662.0,0.0,1652.0,0.0
13.0,0.0,1553.0,1653.0,0.0,1501.0,0.0,1663.0,0.0,1663.0,0.0
1653.0,0.0,13.0,0.0,1555.0,1654.0,0.0,1501.0,0.0,1664.0,0.0
1664.0,0.0,1654.0,0.0,13.0,0.0,1557.0,1655.0,0.0,1501.0,0.0
1665.0,0.0,1665.0,0.0,1655.0,0.0,13.0,0.0,1559.0,1656.0,0.0
1501.0,0.0,1666.0,0.0,1666.0,0.0,1656.0,0.0,13.0,0.0,1561.0
1657.0,0.0,1501.0,0.0,1667.0,0.0,1667.0,0.0,1657.0,0.0,13.0
0.0,1563.0,1658.0,0.0,1501.0,0.0,1668.0,0.0,1668.0,0.0,1658.0
0.0,13.0,0.0,1565.0,1502.0,0.0,1494.0,0.0,1669.0,0.0,1670.0
0.0,1671.0,0.0,1672.0,0.0,1673.0,0.0,1674.0,0.0,1675.0,0.0
1676.0,0.0,1677.0,0.0,1678.0,0.0,1669.0,0.0,1502.0,0.0,1679.0
0.0,1679.0,0.0,1669.0,0.0,13.0,0.0,1568.0,1670.0,0.0,1502.0
0.0,1680.0,0.0,1680.0,0.0,1670.0,0.0,13.0,0.0,1570.0,1671.0
0.0,1502.0,0.0,1681.0,0.0,1681.0,0.0,1671.0,0.0,13.0,0.0
1572.0,1672.0,0.0,1502.0,0.0,1682.0,0.0,1682.0,0.0,1672.0,0.0
13.0,0.0,1574.0,1673.0,0.0,1502.0,0.0,1683.0,0.0,1683.0,0.0
1673.0,0.0,13.0,0.0,1576.0,1674.0,0.0,1502.0,0.0,1684.0,0.0
1684.0,0.0,1674.0,0.0,13.0,0.0,1578.0,1675.0,0.0,1502.0,0.0
1685.0,0.0,1685.0,0.0,1675.0,0.0,13.0,0.0,1580.0,1676.0,0.0
1502.0,0.0,1686.0,0.0,1686.0,0.0,1676.0,0.0,13.0,0.0,1582.0
1677.0,0.0,1502.0,0.0,1687.0,0.0,1687.0,0.0,1677.0,0.0,13.0
0.0,1584.0,1678.0,0.0,1502.0,0.0,1688.0,0.0,1688.0,0.0,1678.0
0.0,13.0,0.0,1586.0,1503.0,0.0,1494.0,0.0,1689.0,0.0,1690.0
0.0,1691.0,0.0,1692.0,0.0,1693.0,0.0,1694.0,0.0,1695.0,0.0
1696.0,0.0,1697.0,0.0,1698.0,0.0,1689.0,0.0,1503.0,0.0,1699.0
0.0,1699.0,0.0,1689.0,0.0,13.0,0.0,1589.0,1690.0,0.0,1503.0
0.0,1700.0,0.0,1700.0,0.0,1690.0,0.0,13.0,0.0,1591.0,1691.0
0.0,1503.0,0.0,1701.0,0.0,1701.0,0.0,1691.0,0.0,13.0,0.0
1593.0,1692.0,0.0,1503.0,0.0,1702.0,0.0,1702.0,0.0,1692.0,0.0
13.0,0.0,1595.0,1693.0,0.0,1503.0,0.0,1703.0,0.0,1703.0,0.0
1693.0,0.0,13.0,0.0,1597.0,1694.0,0.0,1503.0,0.0,1704.0,0.0
1704.0,0.0,1694.0,0.0,13.0,0.0,1599.0,1695.0,0.0,1503.0,0.0
1705.0,0.0,1705.0,0.0,1695.0,0.0,13.0,0.0,1601.0,1696.0,0.0
1503.0,0.0,1706.0,0.0,1706.0,0.0,1696.0,0.0,13.0,0.0,1603.0
1697.0,0.0,1503.0,0.0,1707.0,0.0,1707.0,0.0,1697.0,0.0,13.0
0.0,1605.0,1698.0,0.0,1503.0,0.0,1708.0,0.0,1708.0,0.0,1698.0
0.0,13.0,0.0,1607.0,1504.0,0.0,1494.0,0.0,1709.0,0.0,1710.0
0.0,1711.0,0.0,1712.0,0.0,1713.0,0.0,1714.0,0.0,1715.0,0.0
1716.0,0.0,1717.0,0.0,1718.0,0.0,1709.0,0.0,1504.0,0.0,1719.0
0.0,1719.0,0.0,1709.0,0.0,13.0,0.0,1610.0,1710.0,0.0,1504.0
0.0,1720.0,0.0,1720.0,0.0,1710.0,0.0,13.0,0.0,1612.0,1711.0
0.0,1504.0,0.0,1721.0,0.0,1721.0,0.0,1711.0,0.0,13.0,0.0
1614.0,1712.0,0.0,1504.0,0.0,1722.0,0.0,1722.0,0.0,1712.0,0.0
13.0,0.0,1616.0,1713.0,0.0,1504.0,0.0,1723.0,0.0,1723.0,0.0
1713.0,0.0,13.0,0.0,1618.0,1714.0,0.0,1504.0,0.0,1724.0,0.0
1724.0,0.0,1714.0,0.0,13.0,0.0,1620.0,1715.0,0.0,1504.0,0.0
1725.0,0.0,1725.0,0.0,1715.0,0.0,13.0,0.0,1622.0,1716.0,0.0
1504.0,0.0,1726.0,0.0,1726.0,0.0,1716.0,0.0,13.0,0.0,1624.0
1717.0,0.0,1504.0,0.0,1727.0,0.0,1727.0,0.0,1717.0,0.0,13.0
0.0,1626.0,1718.0,0.0,1504.0,0.0,1728.0,0.0,1728.0,0.0,1718.0
0.0,13.0,0.0,1628.0,1505.0,0.0,1494.0,0.0,1729.0,0.0,1730.0
0.0,1731.0,0.0,1732.0,0.0,1733.0,0.0,1734.0,0.0,1735.0,0.0
1736.0,0.0,1737.0,0.0,1738.0,0.0,1729.0,0.0,1505.0,0.0,1739.0
0.0,1739.0,0.0,1729.0,0.0,13.0,0.0,1631.0,1730.0,0.0,1505.0
0.0,1740.0,0.0,1740.0,0.0,1730.0,0.0,13.0,0.0,1633.0,1731.0
0.0,1505.0,0.0,1741.0,0.0,1741.0,0.0,1731.0,0.0,13.0,0.0
1635.0,1732.0,0.0,1505.0,0.0,1742.0,0.0,1742.0,0.0,1732.0,0.0
13.0,0.0,1637.0,1733.0,0.0,1505.0,0.0,1743.0,0.0,1743.0,0.0
1733.0,0.0,13.0,0.0,1639.0,1734.0,0.0,1505.0,0.0,1744.0,0.0
1744.0,0.0,1734.0,0.0,13.0,0.0,1641.0,1735.0,0.0,1505.0,0.0
1745.0,0.0,1745.0,0.0,1735.0,0.0,13.0,0.0,1643.0,1736.0,0.0
1505.0,0.0,1746.0,0.0,1746.0,0.0,1736.0,0.0,13.0,0.0,1645.0
1737.0,0.0,1505.0,0.0,1747.0,0.0,1747.0,0.0,1737.0,0.0,13.0
0.0,1647.0,1738.0,0.0,1505.0,0.0,1748.0,0.0,1748.0,0.0,1738.0
0.0,13.0,0.0,1649.0,1506.0,0.0,1494.0,0.0,1749.0,0.0,1750.0
0.0,1751.0,0.0,1752.0,0.0,1753.0,0.0,1754.0,0.0,1755.0,0.0
1756.0,0.0,1757.0,0.0,1758.0,0.0,1749.0,0.0,1506.0,0.0,1759.0
0.0,1759.0,0.0,1749.0,0.0,13.0,0.0,1652.0,1750.0,0.0,1506.0
0.0,1760.0,0.0,1760.0,0.0,1750.0,0.0,13.0,0.0,1654.0,1751.0
0.0,1506.0,0.0,1761.0,0.0,1761.0,0.0,1751.0,0.0,13.0,0.0
1656.0,1752.0,0.0,1506.0,0.0,1762.0,0.0,1762.0,0.0,1752.0,0.0
13.0,0.0,1658.0,1753.0,0.0,1506.0,0.0,1763.0,0.0,1763.0,0.0
1753.0,0.0,13.0,0.0,1660.0,1754.0,0.0,1506.0,0.0,1764.0,0.0
1764.0,0.0,1754.0,0.0,13.0,0.0,1662.0,1755.0,0.0,1506.0,0.0
1765.0,0.0,1765.0,0.0,1755.0,0.0,13.0,0.0,1664.0,1756.0,0.0
1506.0,0.0,1766.0,0.0,1766.0,0.0,1756.0,0.0,13.0,0.0,1666.0
1757.0,0.0,1506.0,0.0,1767.0,0.0,1767.0,0.0,1757.0,0.0,13.0
0.0,1668.0,1758.0,0.0,1506.0,0.0,1768.0,0.0,1768.0,0.0,1758.0
0.0,13.0,0.0,1670.0,1507.0,0.0,1494.0,0.0,1769.0,0.0,1770.0
0.0,1771.0,0.0,1772.0,0.0,1773.0,0.0,1774.0,0.0,1775.0,0.0
1776.0,0.0,1777.0,0.0,1778.0,0.0,1769.0,0.0,1507.0,0.0,1779.0
0.0,1779.0,0.0,1769.0,0.0,13.0,0.0,1673.0,1770.0,0.0,1507.0
0.0,1780.0,0.0,1780.0,0.0,1770.0,0.0,13.0,0.0,1675.0,1771.0
0.0,1507.0,0.0,1781.0,0.0,1781.0,0.0,1771.0,0.0,13.0,0.0
1677.0,1772.0,0.0,1507.0,0.0,1782.0,0.0,1782.0,0.0,1772.0,0.0
13.0,0.0,1679.0,1773.0,0.0,1507.0,0.0,1783.0,0.0,1783.0,0.0
1773.0,0.0,13.0,0.0,1681.0,1774.0,0.0,1507.0,0.0,1784.0,0.0
1784.0,0.0,1774.0,0.0,13.0,0.0,1683.0,1775.0,0.0,1507.0,0.0
1785.0,0.0,1785.0,0.0,1775.0,0.0,13.0,0.0,1685.0,1776.0,0.0
1507.0,0.0,1786.0,0.0,1786.0,0.0,1776.0,0.0,13.0,0.0,1687.0
1777.0,0.0,1507.0,0.0,1787.0,0.0,1787.0,0.0,1777.0,0.0,13.0
0.0,1689.0,1778.0,0.0,1507.0,0.0,1788.0,0.0,1788.0,0.0,1778.0
0.0,13.0,0.0,1691.0,1508.0,0.0,1494.0,0.0,1789.0,0.0,1790.0
0.0,1791.0,0.0,1792.0,0.0,1793.0,0.0,1794.0,0.0,1795.0,0.0
1796.0,0.0,1797.0,0.0,1798.0,0.0,1789.0,0.0,1508.0,0.0,1799.0
0.0,1799.0,0.0,1789.0,0.0,13.0,0.0,1694.0,1790.0,0.0,1508.0
0.0,1800.0,0.0,1800.0,0.0,1790.0,0.0,13.0,0.0,1696.0,1791.0
0.0,1508.0,0.0,1801.0,0.0,1801.0,0.0,1791.0,0.0,13.0,0.0
1698.0,1792.0,0.0,1508.0,0.0,1802.0,0.0,1802.0,0.0,1792.0,0.0
13.0,0.0,1700.0,1793.0,0.0,1508.0,0.0,1803.0,0.0,1803.0,0.0
1793.0,0.0,13.0,0.0,1702.0,1794.0,0.0,1508.0,0.0,1804.0,0.0
1804.0,0.0,1794.0,0.0,13.0,0.0,1704.0,1795.0,0.0,1508.0,0.0
1805.0,0.0,1805.0,0.0,1795.0,0.0,13.0,0.0,1706.0,1796.0,0.0
1508.0,0.0,1806.0,0.0,1806.0,0.0,1796.0,0.0,13.0,0.0,1708.0
1797.0,0.0,1508.0,0.0,1807.0,0.0,1807.0,0.0,1797.0,0.0,13.0
0.0,1710.0,1798.0,0.0,1508.0,0.0,1808.0,0.0,1808.0,0.0,1798.0
0.0,13.0,0.0,1712.0,1509.0,0.0,1494.0,0.0,1809.0,0.0,1810.0
0.0,1811.0,0.0,1812.0,0.0,1813.0,0.0,1814.0,0.0,1815.0,0.0
1816.0,0.0,1817.0,0.0,1818.0,0.0,1809.0,0.0,1509.0,0.0,1819.0
0.0,1819.0,0.0,1809.0,0.0,13.0,0.0,1715.0,1810.0,0.0,1509.0
0.0,1820.0,0.0,1820.0,0.0,1810.0,0.0,13.0,0.0,1717.0,1811.0
0.0,1509.0,0.0,1821.0,0.0,1821.0,0.0,1811.0,0.0,13.0,0.0
1719.0,1812.0,0.0,1509.0,0.0,1822.0,0.0,1822.0,0.0,1812.0,0.0
13.0,0.0,1721.0,1813.0,0.0,1509.0,0.0,1823.0,0.0,1823.0,0.0
1813.0,0.0,13.0,0.0,1723.0,1814.0,0.0,1509.0,0.0,1824.0,0.0
1824.0,0.0,1814.0,0.0,13.0,0.0,1725.0,1815.0,0.0,1509.0,0.0
1825.0,0.0,1825.0,0.0,1815.0,0.0,13.0,0.0,1727.0,1816.0,0.0
1509.0,0.0,1826.0,0.0,1826.0,0.0,1816.0,0.0,13.0,0.0,1729.0
1817.0,0.0,1509.0,0.0,1827.0,0.0,1827.0,0.0,1817.0,0.0,13.0
0.0,1731.0,1818.0,0.0,1509.0,0.0,1828.0,0.0,1828.0,0.0,1818.0
0.0,13.0,0.0,1733.0,1510.0,0.0,1494.0,0.0,1829.0,0.0,1830.0
0.0,1831.0,0.0,1832.0,0.0,1833.0,0.0,1834.0,0.0,1835.0,0.0
1836.0,0.0,1837.0,0.0,1838.0,0.0,1829.0,0.0,1510.0,0.0,1839.0
0.0,1839.0,0.0,1829.0,0.0,13.0,0.0,1736.0,1830.0,0.0,1510.0
0.0,1840.0,0.0,1840.0,0.0,1830.0,0.0,13.0,0.0,1738.0,1831.0
0.0,1510.0,0.0,1841.0,0.0,1841.0,0.0,1831.0,0.0,13.0,0.0
1740.0,1832.0,0.0,1510.0,0.0,1842.0,0.0,1842.0,0.0,1832.0,0.0
13.0,0.0,1742.0,1833.0,0.0,1510.0,0.0,1843.0,0.0,1843.0,0.0
1833.0,0.0,13.0,0.0,1744.0,1834.0,0.0,1510.0,0.0,1844.0,0.0
1844.0,0.0,1834.0,0.0,13.0,0.0,1746.0,1835.0,0.0,1510.0,0.0
1845.0,0.0,1845.0,0.0,1835.0,0.0,13.0,0.0,1748.0,1836.0,0.0
1510.0,0.0,1846.0,0.0,1846.0,0.0,1836.0,0.0,13.0,0.0,1750.0
1837.0,0.0,1510.0,0.0,1847.0,0.0,1847.0,0.0,1837.0,0.0,13.0
0.0,1752.0,1838.0,0.0,1510.0,0.0,1848.0,0.0,1848.0,0.0,1838.0
0.0,13.0,0.0,1754.0,1511.0,0.0,1494.0,0.0,1849.0,0.0,1850.0
0.0,1851.0,0.0,1852.0,0.0,1853.0,0.0,1854.0,0.0,1855.0,0.0
1856.0,0.0,1857.0,0.0,1858.0,0.0,1849.0,0.0,1511.0,0.0,1859.0
0.0,1859.0,0.0,1849.0,0.0,13.0,0.0,1757.0,1850.0,0.0,1511.0
0.0,1860.0,0.0,1860.0,0.0,1850.0,0.0,13.0,0.0,1759.0,1851.0
0.0,1511.0,0.0,1861.0,0.0,1861.0,0.0,1851.0,0.0,13.0,0.0
1761.0,1852.0,0.0,1511.0,0.0,1862.0,0.0,1862.0,0.0,1852.0,0.0
13.0,0.0,1763.0,1853.0,0.0,1511.0,0.0,1863.0,0.0,1863.0,0.0
1853.0,0.0,13.0,0.0,1765.0,1854.0,0.0,1511.0,0.0,1864.0,0.0
1864.0,0.0,1854.0,0.0,13.0,0.0,1767.0,1855.0,0.0,1511.0,0.0
1865.0,0.0,1865.0,0.0,1855.0,0.0,13.0,0.0,1769.0,1856.0,0.0
1511.0,0.0,1866.0,0.0,1866.0,0.0,1856.0,0.0,13.0,0.0,1771.0
1857.0,0.0,1511.0,0.0,1867.0,0.0,1867.0,0.0,1857.0,0.0,13.0
0.0,1773.0,1858.0,0.0,1511.0,0.0,1868.0,0.0,1868.0,0.0,1858.0
0.0,13.0,0.0,1775.0,1512.0,0.0,1494.0,0.0,1869.0,0.0,1870.0
0.0,1871.0,0.0,1872.0,0.0,1873.0,0.0,1874.0,0.0,1875.0,0.0
1876.0,0.0,1877.0,0.0,1878.0,0.0,1869.0,0.0,1512.0,0.0,1879.0
0.0,1879.0,0.0,1869.0,0.0,13.0,0.0,1778.0,1870.0,0.0,1512.0
0.0,1880.0,0.0,1880.0,0.0,1870.0,0.0,13.0,0.0,1780.0,1871.0
0.0,1512.0,0.0,1881.0,0.0,1881.0,0.0,1871.0,0.0,13.0,0.0
1782.0,1872.0,0.0,1512.0,0.0,1882.0,0.0,1882.0,0.0,1872.0,0.0
13.0,0.0,1784.0,1873.0,0.0,1512.0,0.0,1883.0,0.0,1883.0,0.0
1873.0,0.0,13.0,0.0,1786.0,1874.0,0.0,1512.0,0.0,1884.0,0.0
1884.0,0.0,1874.0,0.0,13.0,0.0,1788.0,1875.0,0.0,1512.0,0.0
1885.0,0.0,1885.0,0.0,1875.0,0.0,13.0,0.0,1790.0,1876.0,0.0
1512.0,0.0,1886.0,0.0,1886.0,0.0,1876.0,0.0,13.0,0.0,1792.0
1877.0,0.0,1512.0,0.0,1887.0,0.0,1887.0,0.0,1877.0,0.0,13.0
0.0,1794.0,1878.0,0.0,1512.0,0.0,1888.0,0.0,1888.0,0.0,1878.0
0.0,13.0,0.0,1796.0,1513.0,0.0,1494.0,0.0,1889.0,0.0,1890.0
0.0,1891.0,0.0,1892.0,0.0,1893.0,0.0,1894.0,0.0,1895.0,0.0
1896.0,0.0,1897.0,0.0,1898.0,0.0,1889.0,0.0,1513.0,0.0,1899.0
0.0,1899.0,0.0,1889.0,0.0,13.0,0.0,1799.0,1890.0,0.0,1513.0
0.0,1900.0,0.0,1900.0,0.0,1890.0,0.0,13.0,0.0,1801.0,1891.0
0.0,1513.0,0.0,1901.0,0.0,1901.0,0.0,1891.0,0.0,13.0,0.0
1803.0,1892.0,0.0,1513.0,0.0,1902.0,0.0,1902.0,0.0,1892.0,0.0
13.0,0.0,1805.0,1893.0,0.0,1513.0,0.0,1903.0,0.0,1903.0,0.0
1893.0,0.0,13.0,0.0,1807.0,1894.0,0.0,1513.0,0.0,1904.0,0.0
1904.0,0.0,1894.0,0.0,13.0,0.0,1809.0,1895.0,0.0,1513.0,0.0
1905.0,0.0,1905.0,0.0,1895.0,0.0,13.0,0.0,1811.0,1896.0,0.0
1513.0,0.0,1906.0,0.0,1906.0,0.0,1896.0,0.0,13.0,0.0,1813.0
1897.0,0.0,1513.0,0.0,1907.0,0.0,1907.0,0.0,1897.0,0.0,13.0
0.0,1815.0,1898.0,0.0,1513.0,0.0,1908.0,0.0,1908.0,0.0,1898.0
0.0,13.0,0.0,1817.0,1514.0,0.0,1494.0,0.0,1909.0,0.0,1910.0
0.0,1911.0,0.0,1912.0,0.0,1913.0,0.0,1914.0,0.0,1915.0,0.0
1916.0,0.0,1917.0,0.0,1918.0,0.0,1909.0,0.0,1514.0,0.0,1919.0
0.0,1919.0,0.0,1909.0,0.0,13.0,0.0,1820.0,1910.0,0.0,1514.0
0.0,1920.0,0.0,1920.0,0.0,1910.0,0.0,13.0,0.0,1822.0,1911.0
0.0,1514.0,0.0,1921.0,0.0,1921.0,0.0,1911.0,0.0,13.0,0.0
1824.0,1912.0,0.0,1514.0,0.0,1922.0,0.0,1922.0,0.0,1912.0,0.0
13.0,0.0,1826.0,1913.0,0.0,1514.0,0.0,1923.0,0.0,1923.0,0.0
1913.0,0.0,13.0,0.0,1828.0,1914.0,0.0,1514.0,0.0,1924.0,0.0
1924.0,0.0,1914.0,0.0,13.0,0.0,1830.0,1915.0,0.0,1514.0,0.0
1925.0,0.0,1925.0,0.0,1915.0,0.0,13.0,0.0,1832.0,1916.0,0.0
1514.0,0.0,1926.0,0.0,1926.0,0.0,1916.0,0.0,13.0,0.0,1834.0
1917.0,0.0,1514.0,0.0,1927.0,0.0,1927.0,0.0,1917.0,0.0,13.0
0.0,1836.0,1918.0,0.0,1514.0,0.0,1928.0,0.0,1928.0,0.0,1918.0
0.0,13.0,0.0,1838.0,1515.0,0.0,1494.0,0.0,1929.0,0.0,1930.0
0.0,1931.0,0.0,1932.0,0.0,1933.0,0.0,1934.0,0.0,1935.0,0.0
1936.0,0.0,1937.0,0.0,1938.0,0.0,1929.0,0.0,1515.0,0.0,1939.0
0.0,1939.0,0.0,1929.0,0.0,13.0,0.0,1841.0,1930.0,0.0,1515.0
0.0,1940.0,0.0,1940.0,0.0,1930.0,0.0,13.0,0.0,1843.0,1931.0
0.0,1515.0,0.0,1941.0,0.0,1941.0,0.0,1931.0,0.0,13.0,0.0
1845.0,1932.0,0.0,1515.0,0.0,1942.0,0.0,1942.0,0.0,1932.0,0.0
13.0,0.0,1847.0,1933.0,0.0,1515.0,0.0,1943.0,0.0,1943.0,0.0
1933.0,0.0,13.0,0.0,1849.0,1934.0,0.0,1515.0,0.0,1944.0,0.0
1944.0,0.0,1934.0,0.0,13.0,0.0,1851.0,1935.0,0.0,1515.0,0.0
1945.0,0.0,1945.0,0.0,1935.0,0.0,13.0,0.0,1853.0,1936.0,0.0
1515.0,0.0,1946.0,0.0,1946.0,0.0,1936.0,0.0,13.0,0.0,1855.0
1937.0,0.0,1515.0,0.0,1947.0,0.0,1947.0,0.0,1937.0,0.0,13.0
0.0,1857.0,1938.0,0.0,1515.0,0.0,1948.0,0.0,1948.0,0.0,1938.0
0.0,13.0,0.0,1859.0,1516.0,0.0,1494.0,0.0,1949.0,0.0,1950.0
0.0,1951.0,0.0,1952.0,0.0,1953.0,0.0,1954.0,0.0,1955.0,0.0
1956.0,0.0,1957.0,0.0,1958.0,0.0,1949.0,0.0,1516.0,0.0,1959.0
0.0,1959.0,0.0,1949.0,0.0,13.0,0.0,1862.0,1950.0,0.0,1516.0
0.0,1960.0,0.0,1960.0,0.0,1950.0,0.0,13.0,0.0,1864.0,1951.0
0.0,1516.0,0.0,1961.0,0.0,1961.0,0.0,1951.0,0.0,13.0,0.0
1866.0,1952.0,0.0,1516.0,0.0,1962.0,0.0,1962.0,0.0,1952.0,0.0
13.0,0.0,1868.0,1953.0,0.0,1516.0,0.0,1963.0,0.0,1963.0,0.0
1953.0,0.0,13.0,0.0,1870.0,1954.0,0.0,1516.0,0.0,1964.0,0.0
1964.0,0.0,1954.0,0.0,13.0,0.0,1872.0,1955.0,0.0,1516.0,0.0
1965.0,0.0,1965.0,0.0,1955.0,0.0,13.0,0.0,1874.0,1956.0,0.0
1516.0,0.0,1966.0,0.0,1966.0,0.0,1956.0,0.0,13.0,0.0,1876.0
1957.0,0.0,1516.0,0.0,1967.0,0.0,1967.0,0.0,1957.0,0.0,13.0
0.0,1878.0,1958.0,0.0,1516.0,0.0,1968.0,0.0,1968.0,0.0,1958.0
0.0,13.0,0.0,1880.0,1517.0,0.0,1494.0,0.0,1969.0,0.0,1970.0
0.0,1971.0,0.0,1972.0,0.0,1973.0,0.0,1974.0,0.0,1975.0,0.0
1976.0,0.0,1977.0,0.0,1978.0,0.0,1969.0,0.0,1517.0,0.0,1979.0
0.0,1979.0,0.0,1969.0,0.0,13.0,0.0,1883.0,1970.0,0.0,1517.0
0.0,1980.0,0.0,1980.0,0.0,1970.0,0.0,13.0,0.0,1885.0,1971.0
0.0,1517.0,0.0,1981.0,0.0,1981.0,0.0,1971.0,0.0,13.0,0.0
1887.0,1972.0,0.0,1517.0,0.0,1982.0,0.0,1982.0,0.0,1972.0,0.0
13.0,0.0,1889.0,1973.0,0.0,1517.0,0.0,1983.0,0.0,1983.0,0.0
1973.0,0.0,13.0,0.0,1891.0,1974.0,0.0,1517.0,0.0,1984.0,0.0
1984.0,0.0,1974.0,0.0,13.0,0.0,1893.0,1975.0,0.0,1517.0,0.0
1985.0,0.0,1985.0,0.0,1975.0,0.0,13.0,0.0,1895.0,1976.0,0.0
1517.0,0.0,1986.0,0.0,1986.0,0.0,1976.0,0.0,13.0,0.0,1897.0
1977.0,0.0,1517.0,0.0,1987.0,0.0,1987.0,0.0,1977.0,0.0,13.0
0.0,1899.0,1978.0,0.0,1517.0,0.0,1988.0,0.0,1988.0,0.0,1978.0
0.0,13.0,0.0,1901.0,1518.0,0.0,1494.0,0.0,1989.0,0.0,1990.0
0.0,1991.0,0.0,1992.0,0.0,1993.0,0.0,1994.0,0.0,1995.0,0.0
1996.0,0.0,1997.0,0.0,1998.0,0.0,1989.0,0.0,1518.0,0.0,1999.0
0.0,1999.0,0.0,1989.0,0.0,13.0,0.0,1904.0,1990.0,0.0,1518.0
0.0,2000.0,0.0,2000.0,0.0,1990.0,0.0,13.0,0.0,1906.0,1991.0
0.0,1518.0,0.0,2001.0,0.0,2001.0,0.0,1991.0,0.0,13.0,0.0
1908.0,1992.0,0.0,1518.0,0.0,2002.0,0.0,2002.0,0.0,1992.0,0.0
13.0,0.0,1910.0,1993.0,0.0,1518.0,0.0,2003.0,0.0,2003.0,0.0
1993.0,0.0,13.0,0.0,1912.0,1994.0,0.0,1518.0,0.0,2004.0,0.0
2004.0,0.0,1994.0,0.0,13.0,0.0,1914.0,1995.0,0.0,1518.0,0.0
2005.0,0.0,2005.0,0.0,1995.0,0.0,13.0,0.0,1916.0,1996.0,0.0
1518.0,0.0,2006.0,0.0,2006.0,0.0,1996.0,0.0,13.0,0.0,1918.0
1997.0,0.0,1518.0,0.0,2007.0,0.0,2007.0,0.0,1997.0,0.0,13.0
0.0,1920.0,1998.0,0.0,1518.0,0.0,2008.0,0.0,2008.0,0.0,1998.0
0.0,13.0,0.0,1922.0,1519.0,0.0,1494.0,0.0,2009.0,0.0,2010.0
0.0,2011.0,0.0,2012.0,0.0,2013.0,0.0,2014.0,0.0,2015.0,0.0
2016.0,0.0,2017.0,0.0,2018.0,0.0,2009.0,0.0,1519.0,0.0,2019.0
0.0,2019.0,0.0,2009.0,0.0,13.0,0.0,1925.0,2010.0,0.0,1519.0
0.0,2020.0,0.0,2020.0,0.0,2010.0,0.0,13.0,0.0,1927.0,2011.0
0.0,1519.0,0.0,2021.0,0.0,2021.0,0.0,2011.0,0.0,13.0,0.0
1929.0,2012.0,0.0,1519.0,0.0,2022.0,0.0,2022.0,0.0,2012.0,0.0
13.0,0.0,1931.0,2013.0,0.0,1519.0,0.0,2023.0,0.0,2023.0,0.0
2013.0,0.0,13.0,0.0,1933.0,2014.0,0.0,1519.0,0.0,2024.0,0.0
2024.0,0.0,2014.0,0.0,13.0,0.0,1935.0,2015.0,0.0,1519.0,0.0
2025.0,0.0,2025.0,0.0,2015.0,0.0,13.0,0.0,1937.0,2016.0,0.0
1519.0,0.0,2026.0,0.0,2026.0,0.0,2016.0,0.0,13.0,0.0,1939.0
2017.0,0.0,1519.0,0.0,2027.0,0.0,2027.0,0.0,2017.0,0.0,13.0
0.0,1941.0,2018.0,0.0,1519.0,0.0,2028.0,0.0,2028.0,0.0,2018.0
0.0,13.0,0.0,1943.0,1520.0,0.0,1494.0,0.0,2029.0,0.0,2030.0
0.0,2031.0,0.0,2032.0,0.0,2033.0,0.0,2034.0,0.0,2035.0,0.0
2036.0,0.0,2037.0,0.0,2038.0,0.0,2029.0,0.0,1520.0,0.0,2039.0
0.0,2039.0,0.0,2029.0,0.0,13.0,0.0,1946.0,2030.0,0.0,1520.0
0.0,2040.0,0.0,2040.0,0.0,2030.0,0.0,13.0,0.0,1948.0,2031.0
0.0,1520.0,0.0,2041.0,0.0,2041.0,0.0,2031.0,0.0,13.0,0.0
1950.0,2032.0,0.0,1520.0,0.0,2042.0,0.0,2042.0,0.0,2032.0,0.0
13.0,0.0,1952.0,2033.0,0.0,1520.0,0.0,2043.0,0.0,2043.0,0.0
2033.0,0.0,13.0,0.0,1954.0,2034.0,0.0,1520.0,0.0,2044.0,0.0
2044.0,0.0,2034.0,0.0,13.0,0.0,1956.0,2035.0,0.0,1520.0,0.0
2045.0,0.0,2045.0,0.0,2035.0,0.0,13.0,0.0,1958.0,2036.0,0.0
1520.0,0.0,2046.0,0.0,2046.0,0.0,2036.0,0.0,13.0,0.0,1960.0
2037.0,0.0,1520.0,0.0,2047.0,0.0,2047.0,0.0,2037.0,0.0,13.0
0.0,1962.0,2038.0,0.0,1520.0,0.0,2048.0,0.0,2048.0,0.0,2038.0
0.0,13.0,0.0,1964.0,1521.0,0.0,1494.0,0.0,2049.0,0.0,2050.0
0.0,2051.0,0.0,2052.0,0.0,2053.0,0.0,2054.0,0.0,2055.0,0.0
2056.0,0.0,2057.0,0.0,2058.0,0.0,2049.0,0.0,1521.0,0.0,2059.0
0.0,2059.0,0.0,2049.0,0.0,13.0,0.0,1967.0,2050.0,0.0,1521.0
0.0,2060.0,0.0,2060.0,0.0,2050.0,0.0,13.0,0.0,1969.0,2051.0
0.0,1521.0,0.0,2061.0,0.0,2061.0,0.0,2051.0,0.0,13.0,0.0
1971.0,2052.0,0.0,1521.0,0.0,2062.0,0.0,2062.0,0.0,2052.0,0.0
13.0,0.0,1973.0,2053.0,0.0,1521.0,0.0,2063.0,0.0,2063.0,0.0
2053.0,0.0,13.0,0.0,1975.0,2054.0,0.0,1521.0,0.0,2064.0,0.0
2064.0,0.0,2054.0,0.0,13.0,0.0,1977.0,2055.0,0.0,1521.0,0.0
2065.0,0.0,2065.0,0.0,2055.0,0.0,13.0,0.0,1979.0,2056.0,0.0
1521.0,0.0,2066.0,0.0,2066.0,0.0,2056.0,0.0,13.0,0.0,1981.0
2057.0,0.0,1521.0,0.0,2067.0,0.0,2067.0,0.0,2057.0,0.0,13.0
0.0,1983.0,2058.0,0.0,1521.0,0.0,2068.0,0.0,2068.0,0.0,2058.0
0.0,13.0,0.0,1985.0,1522.0,0.0,1494.0,0.0,2069.0,0.0,2070.0
0.0,2071.0,0.0,2072.0,0.0,2073.0,0.0,2074.0,0.0,2075.0,0.0
2076.0,0.0,2077.0,0.0,2078.0,0.0,2069.0,0.0,1522.0,0.0,2079.0
0.0,2079.0,0.0,2069.0,0.0,13.0,0.0,1988.0,2070.0,0.0,1522.0
0.0,2080.0,0.0,2080.0,0.0,2070.0,0.0,13.0,0.0,1990.0,2071.0
0.0,1522.0,0.0,2081.0,0.0,2081.0,0.0,2071.0,0.0,13.0,0.0
1992.0,2072.0,0.0,1522.0,0.0,2082.0,0.0,2082.0,0.0,2072.0,0.0
13.0,0.0,1994.0,2073.0,0.0,1522.0,0.0,2083.0,0.0,2083.0,0.0
2073.0,0.0,13.0,0.0,1996.0,2074.0,0.0,1522.0,0.0,2084.0,0.0
2084.0,0.0,2074.0,0.0,13.0,0.0,1998.0,2075.0,0.0,1522.0,0.0
2085.0,0.0,2085.0,0.0,2075.0,0.0,13.0,0.0,2000.0,2076.0,0.0
1522.0,0.0,2086.0,0.0,2086.0,0.0,2076.0,0.0,13.0,0.0,2002.0
2077.0,0.0,1522.0,0.0,2087.0,0.0,2087.0,0.0,2077.0,0.0,13.0
0.0,2004.0,2078.0,0.0,1522.0,0.0,2088.0,0.0,2088.0,0.0,2078.0
0.0,13.0,0.0,2006.0,1523.0,0.0,1494.0,0.0,2089.0,0.0,2090.0
0.0,2091.0,0.0,2092.0,0.0,2093.0,0.0,2094.0,0.0,2095.0,0.0
2096.0,0.0,2097.0,0.0,2098.0,0.0,2089.0,0.0,1523.0,0.0,2099.0
0.0,2099.0,0.0,2089.0,0.0,13.0,0.0,2009.0,2090.0,0.0,1523.0
0.0,2100.0,0.0,2100.0,0.0,2090.0,0.0,13.0,0.0,2011.0,2091.0
0.0,1523.0,0.0,2101.0,0.0,2101.0,0.0,2091.0,0.0,13.0,0.0
2013.0,2092.0,0.0,1523.0,0.0,2102.0,0.0,2102.0,0.0,2092.0,0.0
13.0,0.0,2015.0,2093.0,0.0,1523.0,0.0,2103.0,0.0,2103.0,0.0
2093.0,0.0,13.0,0.0,2017.0,2094.0,0.0,1523.0,0.0,2104.0,0.0
2104.0,0.0,2094.0,0.0,13.0,0.0,2019.0,2095.0,0.0,1523.0,0.0
2105.0,0.0,2105.0,0.0,2095.0,0.0,13.0,0.0,2021.0,2096.0,0.0
1523.0,0.0,2106.0,0.0,2106.0,0.0,2096.0,0.0,13.0,0.0,2023.0
2097.0,0.0,1523.0,0.0,2107.0,0.0,2107.0,0.0,2097.0,0.0,13.0
0.0,2025.0,2098.0,0.0,1523.0,0.0,2108.0,0.0,2108.0,0.0,2098.0
0.0,13.0,0.0,2027.0,1524.0,0.0,1494.0,0.0,2109.0,0.0,2110.0
0.0,2111.0,0.0,2112.0,0.0,2113.0,0.0,2114.0,0.0,2115.0,0.0
2116.0,0.0,2117.0,0.0,2118.0,0.0,2109.0,0.0,1524.0,0.0,2119.0
0.0,2119.0,0.0,2109.0,0.0,13.0,0.0,2030.0,2110.0,0.0,1524.0
0.0,2120.0,0.0,2120.0,0.0,2110.0,0.0,13.0,0.0,2032.0,2111.0
0.0,1524.0,0.0,2121.0,0.0,2121.0,0.0,2111.0,0.0,13.0,0.0
2034.0,2112.0,0.0,1524.0,0.0,2122.0,0.0,2122.0,0.0,2112.0,0.0
13.0,0.0,2036.0,2113.0,0.0,1524.0,0.0,2123.0,0.0,2123.0,0.0
2113.0,0.0,13.0,0.0,2038.0,2114.0,0.0,1524.0,0.0,2124.0,0.0
2124.0,0.0,2114.0,0.0,13.0,0.0,2040.0,2115.0,0.0,1524.0,0.0
2125.0,0.0,2125.0,0.0,2115.0,0.0,13.0,0.0,2042.0,2116.0,0.0
1524.0,0.0,2126.0,0.0,2126.0,0.0,2116.0,0.0,13.0,0.0,2044.0
2117.0,0.0,1524.0,0.0,2127.0,0.0,2127.0,0.0,2117.0,0.0,13.0
0.0,2046.0,2118.0,0.0,1524.0,0.0,2128.0,0.0,2128.0,0.0,2118.0
0.0,13.0,0.0,2048.0,1525.0,0.0,1494.0,0.0,2129.0,0.0,2130.0
0.0,2131.0,0.0,2132.0,0.0,2133.0,0.0,2134.0,0.0,2135.0,0.0
2136.0,0.0,2137.0,0.0,2138.0,0.0,2129.0,0.0,1525.0,0.0,2139.0
0.0,2139.0,0.0,2129.0,0.0,13.0,0.0,2051.0,2130.0,0.0,1525.0
0.0,2140.0,0.0,2140.0,0.0,2130.0,0.0,13.0,0.0,2053.0,2131.0
0.0,1525.0,0.0,2141.0,0.0,2141.0,0.0,2131.0,0.0,13.0,0.0
2055.0,2132.0,0.0,1525.0,0.0,2142.0,0.0,2142.0,0.0,2132.0,0.0
13.0,0.0,2057.0,2133.0,0.0,1525.0,0.0,2143.0,0.0,2143.0,0.0
2133.0,0.0,13.0,0.0,2059.0,2134.0,0.0,1525.0,0.0,2144.0,0.0
2144.0,0.0,2134.0,0.0,13.0,0.0,2061.0,2135.0,0.0,1525.0,0.0
2145.0,0.0,2145.0,0.0,2135.0,0.0,13.0,0.0,2063.0,2136.0,0.0
1525.0,0.0,2146.0,0.0,2146.0,0.0,2136.0,0.0,13.0,0.0,2065.0
2137.0,0.0,1525.0,0.0,2147.0,0.0,2147.0,0.0,2137.0,0.0,13.0
0.0,2067.0,2138.0,0.0,1525.0,0.0,2148.0,0.0,2148.0,0.0,2138.0
0.0,13.0,0.0,2069.0,1526.0,0.0,1494.0,0.0,2149.0,0.0,2150.0
0.0,2151.0,0.0,2152.0,0.0,2153.0,0.0,2154.0,0.0,2155.0,0.0
2156.0,0.0,2157.0,0.0,2158.0,0.0,2149.0,0.0,1526.0,0.0,2159.0
0.0,2159.0,0.0,2149.0,0.0,13.0,0.0,2072.0,2150.0,0.0,1526.0
0.0,2160.0,0.0,2160.0,0.0,2150.0,0.0,13.0,0.0,2074.0,2151.0
0.0,1526.0,0.0,2161.0,0.0,2161.0,0.0,2151.0,0.0,13.0,0.0
2076.0,2152.0,0.0,1526.0,0.0,2162.0,0.0,2162.0,0.0,2152.0,0.0
13.0,0.0,2078.0,2153.0,0.0,1526.0,0.0,2163.0,0.0,2163.0,0.0
2153.0,0.0,13.0,0.0,2080.0,2154.0,0.0,1526.0,0.0,2164.0,0.0
2164.0,0.0,2154.0,0.0,13.0,0.0,2082.0,2155.0,0.0,1526.0,0.0
2165.0,0.0,2165.0,0.0,2155.0,0.0,13.0,0.0,2084.0,2156.0,0.0
1526.0,0.0,2166.0,0.0,2166.0,0.0,2156.0,0.0,13.0,0.0,2086.0
2157.0,0.0,1526.0,0.0,2167.0,0.0,2167.0,0.0,2157.0,0.0,13.0
0.0,2088.0,2158.0,0.0,1526.0,0.0,2168.0,0.0,2168.0,0.0,2158.0
0.0,13.0,0.0,2090.0,1527.0,0.0,1494.0,0.0,2169.0,0.0,2170.0
0.0,2171.0,0.0,2172.0,0.0,2173.0,0.0,2174.0,0.0,2175.0,0.0
2176.0,0.0,2177.0,0.0,2178.0,0.0,2169.0,0.0,1527.0,0.0,2179.0
0.0,2179.0,0.0,2169.0,0.0,13.0,0.0,2093.0,2170.0,0.0,1527.0
0.0,2180.0,0.0,2180.0,0.0,2170.0,0.0,13.0,0.0,2095.0,2171.0
0.0,1527.0,0.0,2181.0,0.0,2181.0,0.0,2171.0,0.0,13.0,0.0
2097.0,2172.0,0.0,1527.0,0.0,2182.0,0.0,2182.0,0.0,2172.0,0.0
13.0,0.0,2099.0,2173.0,0.0,1527.0,0.0,2183.0,0.0,2183.0,0.0
2173.0,0.0,13.0,0.0,2101.0,2174.0,0.0,1527.0,0.0,2184.0,0.0
2184.0,0.0,2174.0,0.0,13.0,0.0,2103.0,2175.0,0.0,1527.0,0.0
2185.0,0.0,2185.0,0.0,2175.0,0.0,13.0,0.0,2105.0,2176.0,0.0
1527.0,0.0,2186.0,0.0,2186.0,0.0,2176.0,0.0,13.0,0.0,2107.0
2177.0,0.0,1527.0,0.0,2187.0,0.0,2187.0,0.0,2177.0,0.0,13.0
0.0,2109.0,2178.0,0.0,1527.0,0.0,2188.0,0.0,2188.0,0.0,2178.0
0.0,13.0,0.0,2111.0,1528.0,0.0,1494.0,0.0,2189.0,0.0,2190.0
0.0,2191.0,0.0,2192.0,0.0,2193.0,0.0,2194.0,0.0,2195.0,0.0
2196.0,0.0,2197.0,0.0,2198.0,0.0,2189.0,0.0,1528.0,0.0,2199.0
0.0,2199.0,0.0,2189.0,0.0,13.0,0.0,2114.0,2190.0,0.0,1528.0
0.0,2200.0,0.0,2200.0,0.0,2190.0,0.0,13.0,0.0,2116.0,2191.0
0.0,1528.0,0.0,2201.0,0.0,2201.0,0.0,2191.0,0.0,13.0,0.0
2118.0,2192.0,0.0,1528.0,0.0,2202.0,0.0,2202.0,0.0,2192.0,0.0
13.0,0.0,2120.0,2193.0,0.0,1528.0,0.0,2203.0,0.0,2203.0,0.0
2193.0,0.0,13.0,0.0,2122.0,2194.0,0.0,1528.0,0.0,2204.0,0.0
2204.0,0.0,2194.0,0.0,13.0,0.0,2124.0,2195.0,0.0,1528.0,0.0
2205.0,0.0,2205.0,0.0,2195.0,0.0,13.0,0.0,2126.0,2196.0,0.0
1528.0,0.0,2206.0,0.0,2206.0,0.0,2196.0,0.0,13.0,0.0,2128.0
2197.0,0.0,1528.0,0.0,2207.0,0.0,2207.0,0.0,2197.0,0.0,13.0
0.0,2130.0,2198.0,0.0,1528.0,0.0,2208.0,0.0,2208.0,0.0,2198.0
0.0,13.0,0.0,2132.0,59.0,0.0,50.0,0.0,13.0,0.0,2133.0
60.0,0.0,50.0,0.0,2209.0,0.0,2209.0,0.0,60.0,0.0,2210.0
0.0,2211.0,0.0,2212.0,0.0,2213.0,0.0,2214.0,0.0,2215.0,0.0
2216.0,0.0,2217.0,0.0,2218.0,0.0,2219.0,0.0,2220.0,0.0,2221.0
0.0,2222.0,0.0,2223.0,0.0,2224.0,0.0,2225.0,0.0,2226.0,0.0
2227.0,0.0,2228.0,0.0,2229.0,0.0,2230.0,0.0,2231.0,0.0,2232.0
0.0,2233.0,0.0,2234.0,0.0,2235.0,0.0,2236.0,0.0,2237.0,0.0
2238.0,0.0,2239.0,0.0,2240.0,0.0,2241.0,0.0,2242.0,0.0,2243.0
0.0,2210.0,0.0,2209.0,0.0,2244.0,0.0,2245.0,0.0,2246.0,0.0
2247.0,0.0,2248.0,0.0,2249.0,0.0,2250.0,0.0,2251.0,0.0,2252.0
0.0,2253.0,0.0,2244.0,0.0,2210.0,0.0,2254.0,0.0,2254.0,0.0
2244.0,0.0,16.0,0.0,2138.0,2245.0,0.0,2210.0,0.0,2255.0,0.0
2255.0,0.0,2245.0,0.0,16.0,0.0,2140.0,2246.0,0.0,2210.0,0.0
2256.0,0.0,2256.0,0.0,2246.0,0.0,16.0,0.0,2142.0,2247.0,0.0
2210.0,0.0,2257.0,0.0,2257.0,0.0,2247.0,0.0,16.0,0.0,2144.0
2248.0,0.0,2210.0,0.0,2258.0,0.0,2258.0,0.0,2248.0,0.0,16.0
0.0,2146.0,2249.0,0.0,2210.0,0.0,2259.0,0.0,2259.0,0.0,2249.0
0.0,16.0,0.0,2148.0,2250.0,0.0,2210.0,0.0,2260.0,0.0,2260.0
0.0,2250.0,0.0,16.0,0.0,2150.0,2251.0,0.0,2210.0,0.0,2261.0
0.0,2261.0,0.0,2251.0,0.0,16.0,0.0,2152.0,2252.0,0.0,2210.0
0.0,2262.0,0.0,2262.0,0.0,2252.0,0.0,16.0,0.0,2154.0,2253.0
0.0,2210.0,0.0,2263.0,0.0,2263.0,0.0,2253.0,0.0,16.0,0.0
2156.0,2211.0,0.0,2209.0,0.0,2264.0,0.0,2265.0,0.0,2266.0,0.0
2267.0,0.0,2268.0,0.0,2269.0,0.0,2270.0,0.0,2271.0,0.0,2272.0
0.0,2273.0,0.0,2264.0,0.0,2211.0,0.0,2274.0,0.0,2274.0,0.0
2264.0,0.0,16.0,0.0,2159.0,2265.0,0.0,2211.0,0.0,2275.0,0.0
2275.0,0.0,2265.0,0.0,16.0,0.0,2161.0,2266.0,0.0,2211.0,0.0
2276.0,0.0,2276.0,0.0,2266.0,0.0,16.0,0.0,2163.0,2267.0,0.0
2211.0,0.0,2277.0,0.0,2277.0,0.0,2267.0,0.0,16.0,0.0,2165.0
2268.0,0.0,2211.0,0.0,2278.0,0.0,2278.0,0.0,2268.0,0.0,16.0
0.0,2167.0,2269.0,0.0,2211.0,0.0,2279.0,0.0,2279.0,0.0,2269.0
0.0,16.0,0.0,2169.0,2270.0,0.0,2211.0,0.0,2280.0,0.0,2280.0
0.0,2270.0,0.0,16.0,0.0,2171.0,2271.0,0.0,2211.0,0.0,2281.0
0.0,2281.0,0.0,2271.0,0.0,16.0,0.0,2173.0,2272.0,0.0,2211.0
0.0,2282.0,0.0,2282.0,0.0,2272.0,0.0,16.0,0.0,2175.0,2273.0
0.0,2211.0,0.0,2283.0,0.0,2283.0,0.0,2273.0,0.0,16.0,0.0
2177.0,2212.0,0.0,2209.0,0.0,2284.0,0.0,2285.0,0.0,2286.0,0.0
2287.0,0.0,2288.0,0.0,2289.0,0.0,2290.0,0.0,2291.0,0.0,2292.0
0.0,2293.0,0.0,2284.0,0.0,2212.0,0.0,2294.0,0.0,2294.0,0.0
2284.0,0.0,16.0,0.0,2180.0,2285.0,0.0,2212.0,0.0,2295.0,0.0
2295.0,0.0,2285.0,0.0,16.0,0.0,2182.0,2286.0,0.0,2212.0,0.0
2296.0,0.0,2296.0,0.0,2286.0,0.0,16.0,0.0,2184.0,2287.0,0.0
2212.0,0.0,2297.0,0.0,2297.0,0.0,2287.0,0.0,16.0,0.0,2186.0
2288.0,0.0,2212.0,0.0,2298.0,0.0,2298.0,0.0,2288.0,0.0,16.0
0.0,2188.0,2289.0,0.0,2212.0,0.0,2299.0,0.0,2299.0,0.0,2289.0
0.0,16.0,0.0,2190.0,2290.0,0.0,2212.0,0.0,2300.0,0.0,2300.0
0.0,2290.0,0.0,16.0,0.0,2192.0,2291.0,0.0,2212.0,0.0,2301.0
0.0,2301.0,0.0,2291.0,0.0,16.0,0.0,2194.0,2292.0,0.0,2212.0
0.0,2302.0,0.0,2302.0,0.0,2292.0,0.0,16.0,0.0,2196.0,2293.0
0.0,2212.0,0.0,2303.0,0.0,2303.0,0.0,2293.0,0.0,16.0,0.0
2198.0,2213.0,0.0,2209.0,0.0,2304.0,0.0,2305.0,0.0,2306.0,0.0
2307.0,0.0,2308.0,0.0,2309.0,0.0,2310.0,0.0,2311.0,0.0,2312.0
0.0,2313.0,0.0,2304.0,0.0,2213.0,0.0,2314.0,0.0,2314.0,0.0
2304.0,0.0,16.0,0.0,2201.0,2305.0,0.0,2213.0,0.0,2315.0,0.0
2315.0,0.0,2305.0,0.0,16.0,0.0,2203.0,2306.0,0.0,2213.0,0.0
2316.0,0.0,2316.0,0.0,2306.0,0.0,16.0,0.0,2205.0,2307.0,0.0
2213.0,0.0,2317.0,0.0,2317.0,0.0,2307.0,0.0,16.0,0.0,2207.0
2308.0,0.0,2213.0,0.0,2318.0,0.0,2318.0,0.0,2308.0,0.0,16.0
0.0,2209.0,2309.0,0.0,2213.0,0.0,2319.0,0.0,2319.0,0.0,2309.0
0.0,16.0,0.0,2211.0,2310.0,0.0,2213.0,0.0,2320.0,0.0,2320.0
0.0,2310.0,0.0,16.0,0.0,2213.0,2311.0,0.0,2213.0,0.0,2321.0
0.0,2321.0,0.0,2311.0,0.0,16.0,0.0,2215.0,2312.0,0.0,2213.0
0.0,2322.0,0.0,2322.0,0.0,2312.0,0.0,16.0,0.0,2217.0,2313.0
0.0,2213.0,0.0,2323.0,0.0,2323.0,0.0,2313.0,0.0,16.0,0.0
2219.0,2214.0,0.0,2209.0,0.0,2324.0,0.0,2325.0,0.0,2326.0,0.0
2327.0,0.0,2328.0,0.0,2329.0,0.0,2330.0,0.0,2331.0,0.0,2332.0
0.0,2333.0,0.0,2324.0,0.0,2214.0,0.0,2334.0,0.0,2334.0,0.0
2324.0,0.0,16.0,0.0,2222.0,2325.0,0.0,2214.0,0.0,2335.0,0.0
2335.0,0.0,2325.0,0.0,16.0,0.0,2224.0,2326.0,0.0,2214.0,0.0
2336.0,0.0,2336.0,0.0,2326.0,0.0,16.0,0.0,2226.0,2327.0,0.0
2214.0,0.0,2337.0,0.0,2337.0,0.0,2327.0,0.0,16.0,0.0,2228.0
2328.0,0.0,2214.0,0.0,2338.0,0.0,2338.0,0.0,2328.0,0.0,16.0
0.0,2230.0,2329.0,0.0,2214.0,0.0,2339.0,0.0,2339.0,0.0,2329.0
0.0,16.0,0.0,2232.0,2330.0,0.0,2214.0,0.0,2340.0,0.0,2340.0
0.0,2330.0,0.0,16.0,0.0,2234.0,2331.0,0.0,2214.0,0.0,2341.0
0.0,2341.0,0.0,2331.0,0.0,16.0,0.0,2236.0,2332.0,0.0,2214.0
0.0,2342.0,0.0,2342.0,0.0,2332.0,0.0,16.0,0.0,2238.0,2333.0
0.0,2214.0,0.0,2343.0,0.0,2343.0,0.0,2333.0,0.0,16.0,0.0
2240.0,2215.0,0.0,2209.0,0.0,2344.0,0.0,2345.0,0.0,2346.0,0.0
2347.0,0.0,2348.0,0.0,2349.0,0.0,2350.0,0.0,2351.0,0.0,2352.0
0.0,2353.0,0.0,2344.0,0.0,2215.0,0.0,2354.0,0.0,2354.0,0.0
2344.0,0.0,16.0,0.0,2243.0,2345.0,0.0,2215.0,0.0,2355.0,0.0
2355.0,0.0,2345.0,0.0,16.0,0.0,2245.0,2346.0,0.0,2215.0,0.0
2356.0,0.0,2356.0,0.0,2346.0,0.0,16.0,0.0,2247.0,2347.0,0.0
2215.0,0.0,2357.0,0.0,2357.0,0.0,2347.0,0.0,16.0,0.0,2249.0
2348.0,0.0,2215.0,0.0,2358.0,0.0,2358.0,0.0,2348.0,0.0,16.0
0.0,2251.0,2349.0,0.0,2215.0,0.0,2359.0,0.0,2359.0,0.0,2349.0
0.0,16.0,0.0,2253.0,2350.0,0.0,2215.0,0.0,2360.0,0.0,2360.0
0.0,2350.0,0.0,16.0,0.0,2255.0,2351.0,0.0,2215.0,0.0,2361.0
0.0,2361.0,0.0,2351.0,0.0,16.0,0.0,2257.0,2352.0,0.0,2215.0
0.0,2362.0,0.0,2362.0,0.0,2352.0,0.0,16.0,0.0,2259.0,2353.0
0.0,2215.0,0.0,2363.0,0.0,2363.0,0.0,2353.0,0.0,16.0,0.0
2261.0,2216.0,0.0,2209.0,0.0,2364.0,0.0,2365.0,0.0,2366.0,0.0
2367.0,0.0,2368.0,0.0,2369.0,0.0,2370.0,0.0,2371.0,0.0,2372.0
0.0,2373.0,0.0,2364.0,0.0,2216.0,0.0,2374.0,0.0,2374.0,0.0
2364.0,0.0,16.0,0.0,2264.0,2365.0,0.0,2216.0,0.0,2375.0,0.0
2375.0,0.0,2365.0,0.0,16.0,0.0,2266.0,2366.0,0.0,2216.0,0.0
2376.0,0.0,2376.0,0.0,2366.0,0.0,16.0,0.0,2268.0,2367.0,0.0
2216.0,0.0,2377.0,0.0,2377.0,0.0,2367.0,0.0,16.0,0.0,2270.0
2368.0,0.0,2216.0,0.0,2378.0,0.0,2378.0,0.0,2368.0,0.0,16.0
0.0,2272.0,2369.0,0.0,2216.0,0.0,2379.0,0.0,2379.0,0.0,2369.0
0.0,16.0,0.0,2274.0,2370.0,0.0,2216.0,0.0,2380.0,0.0,2380.0
0.0,2370.0,0.0,16.0,0.0,2276.0,2371.0,0.0,2216.0,0.0,2381.0
0.0,2381.0,0.0,2371.0,0.0,16.0,0.0,2278.0,2372.0,0.0,2216.0
0.0,2382.0,0.0,2382.0,0.0,2372.0,0.0,16.0,0.0,2280.0,2373.0
0.0,2216.0,0.0,2383.0,0.0,2383.0,0.0,2373.0,0.0,16.0,0.0
2282.0,2217.0,0.0,2209.0,0.0,2384.0,0.0,2385.0,0.0,2386.0,0.0
2387.0,0.0,2388.0,0.0,2389.0,0.0,2390.0,0.0,2391.0,0.0,2392.0
0.0,2393.0,0.0,2384.0,0.0,2217.0,0.0,2394.0,0.0,2394.0,0.0
2384.0,0.0,16.0,0.0,2285.0,2385.0,0.0,2217.0,0.0,2395.0,0.0
2395.0,0.0,2385.0,0.0,16.0,0.0,2287.0,2386.0,0.0,2217.0,0.0
2396.0,0.0,2396.0,0.0,2386.0,0.0,16.0,0.0,2289.0,2387.0,0.0
2217.0,0.0,2397.0,0.0,2397.0,0.0,2387.0,0.0,16.0,0.0,2291.0
2388.0,0.0,2217.0,0.0,2398.0,0.0,2398.0,0.0,2388.0,0.0,16.0
0.0,2293.0,2389.0,0.0,2217.0,0.0,2399.0,0.0,2399.0,0.0,2389.0
0.0,16.0,0.0,2295.0,2390.0,0.0,2217.0,0.0,2400.0,0.0,2400.0
0.0,2390.0,0.0,16.0,0.0,2297.0,2391.0,0.0,2217.0,0.0,2401.0
0.0,2401.0,0.0,2391.0,0.0,16.0,0.0,2299.0,2392.0,0.0,2217.0
0.0,2402.0,0.0,2402.0,0.0,2392.0,0.0,16.0,0.0,2301.0,2393.0
0.0,2217.0,0.0,2403.0,0.0,2403.0,0.0,2393.0,0.0,16.0,0.0
2303.0,2218.0,0.0,2209.0,0.0,2404.0,0.0,2405.0,0.0,2406.0,0.0
2407.0,0.0,2408.0,0.0,2409.0,0.0,2410.0,0.0,2411.0,0.0,2412.0
0.0,2413.0,0.0,2404.0,0.0,2218.0,0.0,2414.0,0.0,2414.0,0.0
2404.0,0.0,16.0,0.0,2306.0,2405.0,0.0,2218.0,0.0,2415.0,0.0
2415.0,0.0,2405.0,0.0,16.0,0.0,2308.0,2406.0,0.0,2218.0,0.0
2416.0,0.0,2416.0,0.0,2406.0,0.0,16.0,0.0,2310.0,2407.0,0.0
2218.0,0.0,2417.0,0.0,2417.0,0.0,2407.0,0.0,16.0,0.0,2312.0
2408.0,0.0,2218.0,0.0,2418.0,0.0,2418.0,0.0,2408.0,0.0,16.0
0.0,2314.0,2409.0,0.0,2218.0,0.0,2419.0,0.0,2419.0,0.0,2409.0
0.0,16.0,0.0,2316.0,2410.0,0.0,2218.0,0.0,2420.0,0.0,2420.0
0.0,2410.0,0.0,16.0,0.0,2318.0,2411.0,0.0,2218.0,0.0,2421.0
0.0,2421.0,0.0,2411.0,0.0,16.0,0.0,2320.0,2412.0,0.0,2218.0
0.0,2422.0,0.0,2422.0,0.0,2412.0,0.0,16.0,0.0,2322.0,2413.0
0.0,2218.0,0.0,2423.0,0.0,2423.0,0.0,2413.0,0.0,16.0,0.0
2324.0,2219.0,0.0,2209.0,0.0,2424.0,0.0,2425.0,0.0,2426.0,0.0
2427.0,0.0,2428.0,0.0,2429.0,0.0,2430.0,0.0,2431.0,0.0,2432.0
0.0,2433.0,0.0,2424.0,0.0,2219.0,0.0,2434.0,0.0,2434.0,0.0
2424.0,0.0,16.0,0.0,2327.0,2425.0,0.0,2219.0,0.0,2435.0,0.0
2435.0,0.0,2425.0,0.0,16.0,0.0,2329.0,2426.0,0.0,2219.0,0.0
2436.0,0.0,2436.0,0.0,2426.0,0.0,16.0,0.0,2331.0,2427.0,0.0
2219.0,0.0,2437.0,0.0,2437.0,0.0,2427.0,0.0,16.0,0.0,2333.0
2428.0,0.0,2219.0,0.0,2438.0,0.0,2438.0,0.0,2428.0,0.0,16.0
0.0,2335.0,2429.0,0.0,2219.0,0.0,2439.0,0.0,2439.0,0.0,2429.0
0.0,16.0,0.0,2337.0,2430.0,0.0,2219.0,0.0,2440.0,0.0,2440.0
0.0,2430.0,0.0,16.0,0.0,2339.0,2431.0,0.0,2219.0,0.0,2441.0
0.0,2441.0,0.0,2431.0,0.0,16.0,0.0,2341.0,2432.0,0.0,2219.0
0.0,2442.0,0.0,2442.0,0.0,2432.0,0.0,16.0,0.0,2343.0,2433.0
0.0,2219.0,0.0,2443.0,0.0,2443.0,0.0,2433.0,0.0,16.0,0.0
2345.0,2220.0,0.0,2209.0,0.0,2444.0,0.0,2445.0,0.0,2446.0,0.0
2447.0,0.0,2448.0,0.0,2449.0,0.0,2450.0,0.0,2451.0,0.0,2452.0
0.0,2453.0,0.0,2444.0,0.0,2220.0,0.0,2454.0,0.0,2454.0,0.0
2444.0,0.0,16.0,0.0,2348.0,2445.0,0.0,2220.0,0.0,2455.0,0.0
2455.0,0.0,2445.0,0.0,16.0,0.0,2350.0,2446.0,0.0,2220.0,0.0
2456.0,0.0,2456.0,0.0,2446.0,0.0,16.0,0.0,2352.0,2447.0,0.0
2220.0,0.0,2457.0,0.0,2457.0,0.0,2447.0,0.0,16.0,0.0,2354.0
2448.0,0.0,2220.0,0.0,2458.0,0.0,2458.0,0.0,2448.0,0.0,16.0
0.0,2356.0,2449.0,0.0,2220.0,0.0,2459.0,0.0,2459.0,0.0,2449.0
0.0,16.0,0.0,2358.0,2450.0,0.0,2220.0,0.0,2460.0,0.0,2460.0
0.0,2450.0,0.0,16.0,0.0,2360.0,2451.0,0.0,2220.0,0.0,2461.0
0.0,2461.0,0.0,2451.0,0.0,16.0,0.0,2362.0,2452.0,0.0,2220.0
0.0,2462.0,0.0,2462.0,0.0,2452.0,0.0,16.0,0.0,2364.0,2453.0
0.0,2220.0,0.0,2463.0,0.0,2463.0,0.0,2453.0,0.0,16.0,0.0
2366.0,2221.0,0.0,2209.0,0.0,2464.0,0.0,2465.0,0.0,2466.0,0.0
2467.0,0.0,2468.0,0.0,2469.0,0.0,2470.0,0.0,2471.0,0.0,2472.0
0.0,2473.0,0.0,2464.0,0.0,2221.0,0.0,2474.0,0.0,2474.0,0.0
2464.0,0.0,16.0,0.0,2369.0,2465.0,0.0,2221.0,0.0,2475.0,0.0
2475.0,0.0,2465.0,0.0,16.0,0.0,2371.0,2466.0,0.0,2221.0,0.0
2476.0,0.0,2476.0,0.0,2466.0,0.0,16.0,0.0,2373.0,2467.0,0.0
2221.0,0.0,2477.0,0.0,2477.0,0.0,2467.0,0.0,16.0,0.0,2375.0
2468.0,0.0,2221.0,0.0,2478.0,0.0,2478.0,0.0,2468.0,0.0,16.0
0.0,2377.0,2469.0,0.0,2221.0,0.0,2479.0,0.0,2479.0,0.0,2469.0
0.0,16.0,0.0,2379.0,2470.0,0.0,2221.0,0.0,2480.0,0.0,2480.0
0.0,2470.0,0.0,16.0,0.0,2381.0,2471.0,0.0,2221.0,0.0,2481.0
0.0,2481.0,0.0,2471.0,0.0,16.0,0.0,2383.0,2472.0,0.0,2221.0
0.0,2482.0,0.0,2482.0,0.0,2472.0,0.0,16.0,0.0,2385.0,2473.0
0.0,2221.0,0.0,2483.0,0.0,2483.0,0.0,2473.0,0.0,16.0,0.0
2387.0,2222.0,0.0,2209.0,0.0,2484.0,0.0,2485.0,0.0,2486.0,0.0
2487.0,0.0,2488.0,0.0,2489.0,0.0,2490.0,0.0,2491.0,0.0,2492.0
0.0,2493.0,0.0,2484.0,0.0,2222.0,0.0,2494.0,0.0,2494.0,0.0
2484.0,0.0,16.0,0.0,2390.0,2485.0,0.0,2222.0,0.0,2495.0,0.0
2495.0,0.0,2485.0,0.0,16.0,0.0,2392.0,2486.0,0.0,2222.0,0.0
2496.0,0.0,2496.0,0.0,2486.0,0.0,16.0,0.0,2394.0,2487.0,0.0
2222.0,0.0,2497.0,0.0,2497.0,0.0,2487.0,0.0,16.0,0.0,2396.0
2488.0,0.0,2222.0,0.0,2498.0,0.0,2498.0,0.0,2488.0,0.0,16.0
0.0,2398.0,2489.0,0.0,2222.0,0.0,2499.0,0.0,2499.0,0.0,2489.0
0.0,16.0,0.0,2400.0,2490.0,0.0,2222.0,0.0,2500.0,0.0,2500.0
0.0,2490.0,0.0,16.0,0.0,2402.0,2491.0,0.0,2222.0,0.0,2501.0
0.0,2501.0,0.0,2491.0,0.0,16.0,0.0,2404.0,2492.0,0.0,2222.0
0.0,2502.0,0.0,2502.0,0.0,2492.0,0.0,16.0,0.0,2406.0,2493.0
0.0,2222.0,0.0,2503.0,0.0,2503.0,0.0,2493.0,0.0,16.0,0.0
2408.0,2223.0,0.0,2209.0,0.0,2504.0,0.0,2505.0,0.0,2506.0,0.0
2507.0,0.0,2508.0,0.0,2509.0,0.0,2510.0,0.0,2511.0,0.0,2512.0
0.0,2513.0,0.0,2504.0,0.0,2223.0,0.0,2514.0,0.0,2514.0,0.0
2504.0,0.0,16.0,0.0,2411.0,2505.0,0.0,2223.0,0.0,2515.0,0.0
2515.0,0.0,2505.0,0.0,16.0,0.0,2413.0,2506.0,0.0,2223.0,0.0
2516.0,0.0,2516.0,0.0,2506.0,0.0,16.0,0.0,2415.0,2507.0,0.0
2223.0,0.0,2517.0,0.0,2517.0,0.0,2507.0,0.0,16.0,0.0,2417.0
2508.0,0.0,2223.0,0.0,2518.0,0.0,2518.0,0.0,2508.0,0.0,16.0
0.0,2419.0,2509.0,0.0,2223.0,0.0,2519.0,0.0,2519.0,0.0,2509.0
0.0,16.0,0.0,2421.0,2510.0,0.0,2223.0,0.0,2520.0,0.0,2520.0
0.0,2510.0,0.0,16.0,0.0,2423.0,2511.0,0.0,2223.0,0.0,2521.0
0.0,2521.0,0.0,2511.0,0.0,16.0,0.0,2425.0,2512.0,0.0,2223.0
0.0,2522.0,0.0,2522.0,0.0,2512.0,0.0,16.0,0.0,2427.0,2513.0
0.0,2223.0,0.0,2523.0,0.0,2523.0,0.0,2513.0,0.0,16.0,0.0
2429.0,2224.0,0.0,2209.0,0.0,2524.0,0.0,2525.0,0.0,2526.0,0.0
2527.0,0.0,2528.0,0.0,2529.0,0.0,2530.0,0.0,2531.0,0.0,2532.0
0.0,2533.0,0.0,2524.0,0.0,2224.0,0.0,2534.0,0.0,2534.0,0.0
2524.0,0.0,16.0,0.0,2432.0,2525.0,0.0,2224.0,0.0,2535.0,0.0
2535.0,0.0,2525.0,0.0,16.0,0.0,2434.0,2526.0,0.0,2224.0,0.0
2536.0,0.0,2536.0,0.0,2526.0,0.0,16.0,0.0,2436.0,2527.0,0.0
2224.0,0.0,2537.0,0.0,2537.0,0.0,2527.0,0.0,16.0,0.0,2438.0
2528.0,0.0,2224.0,0.0,2538.0,0.0,2538.0,0.0,2528.0,0.0,16.0
0.0,2440.0,2529.0,0.0,2224.0,0.0,2539.0,0.0,2539.0,0.0,2529.0
0.0,16.0,0.0,2442.0,2530.0,0.0,2224.0,0.0,2540.0,0.0,2540.0
0.0,2530.0,0.0,16.0,0.0,2444.0,2531.0,0.0,2224.0,0.0,2541.0
0.0,2541.0,0.0,2531.0,0.0,16.0,0.0,2446.0,2532.0,0.0,2224.0
0.0,2542.0,0.0,2542.0,0.0,2532.0,0.0,16.0,0.0,2448.0,2533.0
0.0,2224.0,0.0,2543.0,0.0,2543.0,0.0,2533.0,0.0,16.0,0.0
2450.0,2225.0,0.0,2209.0,0.0,2544.0,0.0,2545.0,0.0,2546.0,0.0
2547.0,0.0,2548.0,0.0,2549.0,0.0,2550.0,0.0,2551.0,0.0,2552.0
0.0,2553.0,0.0,2544.0,0.0,2225.0,0.0,2554.0,0.0,2554.0,0.0
2544.0,0.0,16.0,0.0,2453.0,2545.0,0.0,2225.0,0.0,2555.0,0.0
2555.0,0.0,2545.0,0.0,16.0,0.0,2455.0,2546.0,0.0,2225.0,0.0
2556.0,0.0,2556.0,0.0,2546.0,0.0,16.0,0.0,2457.0,2547.0,0.0
2225.0,0.0,2557.0,0.0,2557.0,0.0,2547.0,0.0,16.0,0.0,2459.0
2548.0,0.0,2225.0,0.0,2558.0,0.0,2558.0,0.0,2548.0,0.0,16.0
0.0,2461.0,2549.0,0.0,2225.0,0.0,2559.0,0.0,2559.0,0.0,2549.0
0.0,16.0,0.0,2463.0,2550.0,0.0,2225.0,0.0,2560.0,0.0,2560.0
0.0,2550.0,0.0,16.0,0.0,2465.0,2551.0,0.0,2225.0,0.0,2561.0
0.0,2561.0,0.0,2551.0,0.0,16.0,0.0,2467.0,2552.0,0.0,2225.0
0.0,2562.0,0.0,2562.0,0.0,2552.0,0.0,16.0,0.0,2469.0,2553.0
0.0,2225.0,0.0,2563.0,0.0,2563.0,0.0,2553.0,0.0,16.0,0.0
2471.0,2226.0,0.0,2209.0,0.0,2564.0,0.0,2565.0,0.0,2566.0,0.0
2567.0,0.0,2568.0,0.0,2569.0,0.0,2570.0,0.0,2571.0,0.0,2572.0
0.0,2573.0,0.0,2564.0,0.0,2226.0,0.0,2574.0,0.0,2574.0,0.0
2564.0,0.0,16.0,0.0,2474.0,2565.0,0.0,2226.0,0.0,2575.0,0.0
2575.0,0.0,2565.0,0.0,16.0,0.0,2476.0,2566.0,0.0,2226.0,0.0
2576.0,0.0,2576.0,0.0,2566.0,0.0,16.0,0.0,2478.0,2567.0,0.0
2226.0,0.0,2577.0,0.0,2577.0,0.0,2567.0,0.0,16.0,0.0,2480.0
2568.0,0.0,2226.0,0.0,2578.0,0.0,2578.0,0.0,2568.0,0.0,16.0
0.0,2482.0,2569.0,0.0,2226.0,0.0,2579.0,0.0,2579.0,0.0,2569.0
0.0,16.0,0.0,2484.0,2570.0,0.0,2226.0,0.0,2580.0,0.0,2580.0
0.0,2570.0,0.0,16.0,0.0,2486.0,2571.0,0.0,2226.0,0.0,2581.0
0.0,2581.0,0.0,2571.0,0.0,16.0,0.0,2488.0,2572.0,0.0,2226.0
0.0,2582.0,0.0,2582.0,0.0,2572.0,0.0,16.0,0.0,2490.0,2573.0
0.0,2226.0,0.0,2583.0,0.0,2583.0,0.0,2573.0,0.0,16.0,0.0
2492.0,2227.0,0.0,2209.0,0.0,2584.0,0.0,2585.0,0.0,2586.0,0.0
2587.0,0.0,2588.0,0.0,2589.0,0.0,2590.0,0.0,2591.0,0.0,2592.0
0.0,2593.0,0.0,2584.0,0.0,2227.0,0.0,2594.0,0.0,2594.0,0.0
2584.0,0.0,16.0,0.0,2495.0,2585.0,0.0,2227.0,0.0,2595.0,0.0
2595.0,0.0,2585.0,0.0,16.0,0.0,2497.0,2586.0,0.0,2227.0,0.0
2596.0,0.0,2596.0,0.0,2586.0,0.0,16.0,0.0,2499.0,2587.0,0.0
2227.0,0.0,2597.0,0.0,2597.0,0.0,2587.0,0.0,16.0,0.0,2501.0
2588.0,0.0,2227.0,0.0,2598.0,0.0,2598.0,0.0,2588.0,0.0,16.0
0.0,2503.0,2589.0,0.0,2227.0,0.0,2599.0,0.0,2599.0,0.0,2589.0
0.0,16.0,0.0,2505.0,2590.0,0.0,2227.0,0.0,2600.0,0.0,2600.0
0.0,2590.0,0.0,16.0,0.0,2507.0,2591.0,0.0,2227.0,0.0,2601.0
0.0,2601.0,0.0,2591.0,0.0,16.0,0.0,2509.0,2592.0,0.0,2227.0
0.0,2602.0,0.0,2602.0,0.0,2592.0,0.0,16.0,0.0,2511.0,2593.0
0.0,2227.0,0.0,2603.0,0.0,2603.0,0.0,2593.0,0.0,16.0,0.0
2513.0,2228.0,0.0,2209.0,0.0,2604.0,0.0,2605.0,0.0,2606.0,0.0
2607.0,0.0,2608.0,0.0,2609.0,0.0,2610.0,0.0,2611.0,0.0,2612.0
0.0,2613.0,0.0,2604.0,0.0,2228.0,0.0,2614.0,0.0,2614.0,0.0
2604.0,0.0,16.0,0.0,2516.0,2605.0,0.0,2228.0,0.0,2615.0,0.0
2615.0,0.0,2605.0,0.0,16.0,0.0,2518.0,2606.0,0.0,2228.0,0.0
2616.0,0.0,2616.0,0.0,2606.0,0.0,16.0,0.0,2520.0,2607.0,0.0
2228.0,0.0,2617.0,0.0,2617.0,0.0,2607.0,0.0,16.0,0.0,2522.0
2608.0,0.0,2228.0,0.0,2618.0,0.0,2618.0,0.0,2608.0,0.0,16.0
0.0,2524.0,2609.0,0.0,2228.0,0.0,2619.0,0.0,2619.0,0.0,2609.0
0.0,16.0,0.0,2526.0,2610.0,0.0,2228.0,0.0,2620.0,0.0,2620.0
0.0,2610.0,0.0,16.0,0.0,2528.0,2611.0,0.0,2228.0,0.0,2621.0
0.0,2621.0,0.0,2611.0,0.0,16.0,0.0,2530.0,2612.0,0.0,2228.0
0.0,2622.0,0.0,2622.0,0.0,2612.0,0.0,16.0,0.0,2532.0,2613.0
0.0,2228.0,0.0,2623.0,0.0,2623.0,0.0,2613.0,0.0,16.0,0.0
2534.0,2229.0,0.0,2209.0,0.0,2624.0,0.0,2625.0,0.0,2626.0,0.0
2627.0,0.0,2628.0,0.0,2629.0,0.0,2630.0,0.0,2631.0,0.0,2632.0
0.0,2633.0,0.0,2624.0,0.0,2229.0,0.0,2634.0,0.0,2634.0,0.0
2624.0,0.0,16.0,0.0,2537.0,2625.0,0.0,2229.0,0.0,2635.0,0.0
2635.0,0.0,2625.0,0.0,16.0,0.0,2539.0,2626.0,0.0,2229.0,0.0
2636.0,0.0,2636.0,0.0,2626.0,0.0,16.0,0.0,2541.0,2627.0,0.0
2229.0,0.0,2637.0,0.0,2637.0,0.0,2627.0,0.0,16.0,0.0,2543.0
2628.0,0.0,2229.0,0.0,2638.0,0.0,2638.0,0.0,2628.0,0.0,16.0
0.0,2545.0,2629.0,0.0,2229.0,0.0,2639.0,0.0,2639.0,0.0,2629.0
0.0,16.0,0.0,2547.0,2630.0,0.0,2229.0,0.0,2640.0,0.0,2640.0
0.0,2630.0,0.0,16.0,0.0,2549.0,2631.0,0.0,2229.0,0.0,2641.0
0.0,2641.0,0.0,2631.0,0.0,16.0,0.0,2551.0,2632.0,0.0,2229.0
0.0,2642.0,0.0,2642.0,0.0,2632.0,0.0,16.0,0.0,2553.0,2633.0
0.0,2229.0,0.0,2643.0,0.0,2643.0,0.0,2633.0,0.0,16.0,0.0
2555.0,2230.0,0.0,2209.0,0.0,2644.0,0.0,2645.0,0.0,2646.0,0.0
2647.0,0.0,2648.0,0.0,2649.0,0.0,2650.0,0.0,2651.0,0.0,2652.0
0.0,2653.0,0.0,2644.0,0.0,2230.0,0.0,2654.0,0.0,2654.0,0.0
2644.0,0.0,16.0,0.0,2558.0,2645.0,0.0,2230.0,0.0,2655.0,0.0
2655.0,0.0,2645.0,0.0,16.0,0.0,2560.0,2646.0,0.0,2230.0,0.0
2656.0,0.0,2656.0,0.0,2646.0,0.0,16.0,0.0,2562.0,2647.0,0.0
2230.0,0.0,2657.0,0.0,2657.0,0.0,2647.0,0.0,16.0,0.0,2564.0
2648.0,0.0,2230.0,0.0,2658.0,0.0,2658.0,0.0,2648.0,0.0,16.0
0.0,2566.0,2649.0,0.0,2230.0,0.0,2659.0,0.0,2659.0,0.0,2649.0
0.0,16.0,0.0,2568.0,2650.0,0.0,2230.0,0.0,2660.0,0.0,2660.0
0.0,2650.0,0.0,16.0,0.0,2570.0,2651.0,0.0,2230.0,0.0,2661.0
0.0,2661.0,0.0,2651.0,0.0,16.0,0.0,2572.0,2652.0,0.0,2230.0
0.0,2662.0,0.0,2662.0,0.0,2652.0,0.0,16.0,0.0,2574.0,2653.0
0.0,2230.0,0.0,2663.0,0.0,2663.0,0.0,2653.0,0.0,16.0,0.0
2576.0,2231.0,0.0,2209.0,0.0,2664.0,0.0,2665.0,0.0,2666.0,0.0
2667.0,0.0,2668.0,0.0,2669.0,0.0,2670.0,0.0,2671.0,0.0,2672.0
0.0,2673.0,0.0,2664.0,0.0,2231.0,0.0,2674.0,0.0,2674.0,0.0
2664.0,0.0,16.0,0.0,2579.0,2665.0,0.0,2231.0,0.0,2675.0,0.0
2675.0,0.0,2665.0,0.0,16.0,0.0,2581.0,2666.0,0.0,2231.0,0.0
2676.0,0.0,2676.0,0.0,2666.0,0.0,16.0,0.0,2583.0,2667.0,0.0
2231.0,0.0,2677.0,0.0,2677.0,0.0,2667.0,0.0,16.0,0.0,2585.0
2668.0,0.0,2231.0,0.0,2678.0,0.0,2678.0,0.0,2668.0,0.0,16.0
0.0,2587.0,2669.0,0.0,2231.0,0.0,2679.0,0.0,2679.0,0.0,2669.0
0.0,16.0,0.0,2589.0,2670.0,0.0,2231.0,0.0,2680.0,0.0,2680.0
0.0,2670.0,0.0,16.0,0.0,2591.0,2671.0,0.0,2231.0,0.0,2681.0
0.0,2681.0,0.0,2671.0,0.0,16.0,0.0,2593.0,2672.0,0.0,2231.0
0.0,2682.0,0.0,2682.0,0.0,2672.0,0.0,16.0,0.0,2595.0,2673.0
0.0,2231.0,0.0,2683.0,0.0,2683.0,0.0,2673.0,0.0,16.0,0.0
2597.0,2232.0,0.0,2209.0,0.0,2684.0,0.0,2685.0,0.0,2686.0,0.0
2687.0,0.0,2688.0,0.0,2689.0,0.0,2690.0,0.0,2691.0,0.0,2692.0
0.0,2693.0,0.0,2684.0,0.0,2232.0,0.0,2694.0,0.0,2694.0,0.0
2684.0,0.0,16.0,0.0,2600.0,2685.0,0.0,2232.0,0.0,2695.0,0.0
2695.0,0.0,2685.0,0.0,16.0,0.0,2602.0,2686.0,0.0,2232.0,0.0
2696.0,0.0,2696.0,0.0,2686.0,0.0,16.0,0.0,2604.0,2687.0,0.0
2232.0,0.0,2697.0,0.0,2697.0,0.0,2687.0,0.0,16.0,0.0,2606.0
2688.0,0.0,2232.0,0.0,2698.0,0.0,2698.0,0.0,2688.0,0.0,16.0
0.0,2608.0,2689.0,0.0,2232.0,0.0,2699.0,0.0,2699.0,0.0,2689.0
0.0,16.0,0.0,2610.0,2690.0,0.0,2232.0,0.0,2700.0,0.0,2700.0
0.0,2690.0,0.0,16.0,0.0,2612.0,2691.0,0.0,2232.0,0.0,2701.0
0.0,2701.0,0.0,2691.0,0.0,16.0,0.0,2614.0,2692.0,0.0,2232.0
0.0,2702.0,0.0,2702.0,0.0,2692.0,0.0,16.0,0.0,2616.0,2693.0
0.0,2232.0,0.0,2703.0,0.0,2703.0,0.0,2693.0,0.0,16.0,0.0
2618.0,2233.0,0.0,2209.0,0.0,2704.0,0.0,2705.0,0.0,2706.0,0.0
2707.0,0.0,2708.0,0.0,2709.0,0.0,2710.0,0.0,2711.0,0.0,2712.0
0.0,2713.0,0.0,2704.0,0.0,2233.0,0.0,2714.0,0.0,2714.0,0.0
2704.0,0.0,16.0,0.0,2621.0,2705.0,0.0,2233.0,0.0,2715.0,0.0
2715.0,0.0,2705.0,0.0,16.0,0.0,2623.0,2706.0,0.0,2233.0,0.0
2716.0,0.0,2716.0,0.0,2706.0,0.0,16.0,0.0,2625.0,2707.0,0.0
2233.0,0.0,2717.0,0.0,2717.0,0.0,2707.0,0.0,16.0,0.0,2627.0
2708.0,0.0,2233.0,0.0,2718.0,0.0,2718.0,0.0,2708.0,0.0,16.0
0.0,2629.0,2709.0,0.0,2233.0,0.0,2719.0,0.0,2719.0,0.0,2709.0
0.0,16.0,0.0,2631.0,2710.0,0.0,2233.0,0.0,2720.0,0.0,2720.0
0.0,2710.0,0.0,16.0,0.0,2633.0,2711.0,0.0,2233.0,0.0,2721.0
0.0,2721.0,0.0,2711.0,0.0,16.0,0.0,2635.0,2712.0,0.0,2233.0
0.0,2722.0,0.0,2722.0,0.0,2712.0,0.0,16.0,0.0,2637.0,2713.0
0.0,2233.0,0.0,2723.0,0.0,2723.0,0.0,2713.0,0.0,16.0,0.0
2639.0,2234.0,0.0,2209.0,0.0,2724.0,0.0,2725.0,0.0,2726.0,0.0
2727.0,0.0,2728.0,0.0,2729.0,0.0,2730.0,0.0,2731.0,0.0,2732.0
0.0,2733.0,0.0,2724.0,0.0,2234.0,0.0,2734.0,0.0,2734.0,0.0
2724.0,0.0,16.0,0.0,2642.0,2725.0,0.0,2234.0,0.0,2735.0,0.0
2735.0,0.0,2725.0,0.0,16.0,0.0,2644.0,2726.0,0.0,2234.0,0.0
2736.0,0.0,2736.0,0.0,2726.0,0.0,16.0,0.0,2646.0,2727.0,0.0
2234.0,0.0,2737.0,0.0,2737.0,0.0,2727.0,0.0,16.0,0.0,2648.0
2728.0,0.0,2234.0,0.0,2738.0,0.0,2738.0,0.0,2728.0,0.0,16.0
0.0,2650.0,2729.0,0.0,2234.0,0.0,2739.0,0.0,2739.0,0.0,2729.0
0.0,16.0,0.0,2652.0,2730.0,0.0,2234.0,0.0,2740.0,0.0,2740.0
0.0,2730.0,0.0,16.0,0.0,2654.0,2731.0,0.0,2234.0,0.0,2741.0
0.0,2741.0,0.0,2731.0,0.0,16.0,0.0,2656.0,2732.0,0.0,2234.0
0.0,2742.0,0.0,2742.0,0.0,2732.0,0.0,16.0,0.0,2658.0,2733.0
0.0,2234.0,0.0,2743.0,0.0,2743.0,0.0,2733.0,0.0,16.0,0.0
2660.0,2235.0,0.0,2209.0,0.0,2744.0,0.0,2745.0,0.0,2746.0,0.0
2747.0,0.0,2748.0,0.0,2749.0,0.0,2750.0,0.0,2751.0,0.0,2752.0
0.0,2753.0,0.0,2744.0,0.0,2235.0,0.0,2754.0,0.0,2754.0,0.0
2744.0,0.0,16.0,0.0,2663.0,2745.0,0.0,2235.0,0.0,2755.0,0.0
2755.0,0.0,2745.0,0.0,16.0,0.0,2665.0,2746.0,0.0,2235.0,0.0
2756.0,0.0,2756.0,0.0,2746.0,0.0,16.0,0.0,2667.0,2747.0,0.0
2235.0,0.0,2757.0,0.0,2757.0,0.0,2747.0,0.0,16.0,0.0,2669.0
2748.0,0.0,2235.0,0.0,2758.0,0.0,2758.0,0.0,2748.0,0.0,16.0
0.0,2671.0,2749.0,0.0,2235.0,0.0,2759.0,0.0,2759.0,0.0,2749.0
0.0,16.0,0.0,2673.0,2750.0,0.0,2235.0,0.0,2760.0,0.0,2760.0
0.0,2750.0,0.0,16.0,0.0,2675.0,2751.0,0.0,2235.0,0.0,2761.0
0.0,2761.0,0.0,2751.0,0.0,16.0,0.0,2677.0,2752.0,0.0,2235.0
0.0,2762.0,0.0,2762.0,0.0,2752.0,0.0,16.0,0.0,2679.0,2753.0
0.0,2235.0,0.0,2763.0,0.0,2763.0,0.0,2753.0,0.0,16.0,0.0
2681.0,2236.0,0.0,2209.0,0.0,2764.0,0.0,2765.0,0.0,2766.0,0.0
2767.0,0.0,2768.0,0.0,2769.0,0.0,2770.0,0.0,2771.0,0.0,2772.0
0.0,2773.0,0.0,2764.0,0.0,2236.0,0.0,2774.0,0.0,2774.0,0.0
2764.0,0.0,16.0,0.0,2684.0,2765.0,0.0,2236.0,0.0,2775.0,0.0
2775.0,0.0,2765.0,0.0,16.0,0.0,2686.0,2766.0,0.0,2236.0,0.0
2776.0,0.0,2776.0,0.0,2766.0,0.0,16.0,0.0,2688.0,2767.0,0.0
2236.0,0.0,2777.0,0.0,2777.0,0.0,2767.0,0.0,16.0,0.0,2690.0
2768.0,0.0,2236.0,0.0,2778.0,0.0,2778.0,0.0,2768.0,0.0,16.0
0.0,2692.0,2769.0,0.0,2236.0,0.0,2779.0,0.0,2779.0,0.0,2769.0
0.0,16.0,0.0,2694.0,2770.0,0.0,2236.0,0.0,2780.0,0.0,2780.0
0.0,2770.0,0.0,16.0,0.0,2696.0,2771.0,0.0,2236.0,0.0,2781.0
0.0,2781.0,0.0,2771.0,0.0,16.0,0.0,2698.0,2772.0,0.0,2236.0
0.0,2782.0,0.0,2782.0,0.0,2772.0,0.0,16.0,0.0,2700.0,2773.0
0.0,2236.0,0.0,2783.0,0.0,2783.0,0.0,2773.0,0.0,16.0,0.0
2702.0,2237.0,0.0,2209.0,0.0,2784.0,0.0,2785.0,0.0,2786.0,0.0
2787.0,0.0,2788.0,0.0,2789.0,0.0,2790.0,0.0,2791.0,0.0,2792.0
0.0,2793.0,0.0,2784.0,0.0,2237.0,0.0,2794.0,0.0,2794.0,0.0
2784.0,0.0,16.0,0.0,2705.0,2785.0,0.0,2237.0,0.0,2795.0,0.0
2795.0,0.0,2785.0,0.0,16.0,0.0,2707.0,2786.0,0.0,2237.0,0.0
2796.0,0.0,2796.0,0.0,2786.0,0.0,16.0,0.0,2709.0,2787.0,0.0
2237.0,0.0,2797.0,0.0,2797.0,0.0,2787.0,0.0,16.0,0.0,2711.0
2788.0,0.0,2237.0,0.0,2798.0,0.0,2798.0,0.0,2788.0,0.0,16.0
0.0,2713.0,2789.0,0.0,2237.0,0.0,2799.0,0.0,2799.0,0.0,2789.0
0.0,16.0,0.0,2715.0,2790.0,0.0,2237.0,0.0,2800.0,0.0,2800.0
0.0,2790.0,0.0,16.0,0.0,2717.0,2791.0,0.0,2237.0,0.0,2801.0
0.0,2801.0,0.0,2791.0,0.0,16.0,0.0,2719.0,2792.0,0.0,2237.0
0.0,2802.0,0.0,2802.0,0.0,2792.0,0.0,16.0,0.0,2721.0,2793.0
0.0,2237.0,0.0,2803.0,0.0,2803.0,0.0,2793.0,0.0,16.0,0.0
2723.0,2238.0,0.0,2209.0,0.0,2804.0,0.0,2805.0,0.0,2806.0,0.0
2807.0,0.0,2808.0,0.0,2809.0,0.0,2810.0,0.0,2811.0,0.0,2812.0
0.0,2813.0,0.0,2804.0,0.0,2238.0,0.0,2814.0,0.0,2814.0,0.0
2804.0,0.0,16.0,0.0,2726.0,2805.0,0.0,2238.0,0.0,2815.0,0.0
2815.0,0.0,2805.0,0.0,16.0,0.0,2728.0,2806.0,0.0,2238.0,0.0
2816.0,0.0,2816.0,0.0,2806.0,0.0,16.0,0.0,2730.0,2807.0,0.0
2238.0,0.0,2817.0,0.0,2817.0,0.0,2807.0,0.0,16.0,0.0,2732.0
2808.0,0.0,2238.0,0.0,2818.0,0.0,2818.0,0.0,2808.0,0.0,16.0
0.0,2734.0,2809.0,0.0,2238.0,0.0,2819.0,0.0,2819.0,0.0,2809.0
0.0,16.0,0.0,2736.0,2810.0,0.0,2238.0,0.0,2820.0,0.0,2820.0
0.0,2810.0,0.0,16.0,0.0,2738.0,2811.0,0.0,2238.0,0.0,2821.0
0.0,2821.0,0.0,2811.0,0.0,16.0,0.0,2740.0,2812.0,0.0,2238.0
0.0,2822.0,0.0,2822.0,0.0,2812.0,0.0,16.0,0.0,2742.0,2813.0
0.0,2238.0,0.0,2823.0,0.0,2823.0,0.0,2813.0,0.0,16.0,0.0
2744.0,2239.0,0.0,2209.0,0.0,2824.0,0.0,2825.0,0.0,2826.0,0.0
2827.0,0.0,2828.0,0.0,2829.0,0.0,2830.0,0.0,2831.0,0.0,2832.0
0.0,2833.0,0.0,2824.0,0.0,2239.0,0.0,2834.0,0.0,2834.0,0.0
2824.0,0.0,16.0,0.0,2747.0,2825.0,0.0,2239.0,0.0,2835.0,0.0
2835.0,0.0,2825.0,0.0,16.0,0.0,2749.0,2826.0,0.0,2239.0,0.0
2836.0,0.0,2836.0,0.0,2826.0,0.0,16.0,0.0,2751.0,2827.0,0.0
2239.0,0.0,2837.0,0.0,2837.0,0.0,2827.0,0.0,16.0,0.0,2753.0
2828.0,0.0,2239.0,0.0,2838.0,0.0,2838.0,0.0,2828.0,0.0,16.0
0.0,2755.0,2829.0,0.0,2239.0,0.0,2839.0,0.0,2839.0,0.0,2829.0
0.0,16.0,0.0,2757.0,2830.0,0.0,2239.0,0.0,2840.0,0.0,2840.0
0.0,2830.0,0.0,16.0,0.0,2759.0,2831.0,0.0,2239.0,0.0,2841.0
0.0,2841.0,0.0,2831.0,0.0,16.0,0.0,2761.0,2832.0,0.0,2239.0
0.0,2842.0,0.0,2842.0,0.0,2832.0,0.0,16.0,0.0,2763.0,2833.0
0.0,2239.0,0.0,2843.0,0.0,2843.0,0.0,2833.0,0.0,16.0,0.0
2765.0,2240.0,0.0,2209.0,0.0,2844.0,0.0,2845.0,0.0,2846.0,0.0
2847.0,0.0,2848.0,0.0,2849.0,0.0,2850.0,0.0,2851.0,0.0,2852.0
0.0,2853.0,0.0,2844.0,0.0,2240.0,0.0,2854.0,0.0,2854.0,0.0
2844.0,0.0,16.0,0.0,2768.0,2845.0,0.0,2240.0,0.0,2855.0,0.0
2855.0,0.0,2845.0,0.0,16.0,0.0,2770.0,2846.0,0.0,2240.0,0.0
2856.0,0.0,2856.0,0.0,2846.0,0.0,16.0,0.0,2772.0,2847.0,0.0
2240.0,0.0,2857.0,0.0,2857.0,0.0,2847.0,0.0,16.0,0.0,2774.0
2848.0,0.0,2240.0,0.0,2858.0,0.0,2858.0,0.0,2848.0,0.0,16.0
0.0,2776.0,2849.0,0.0,2240.0,0.0,2859.0,0.0,2859.0,0.0,2849.0
0.0,16.0,0.0,2778.0,2850.0,0.0,2240.0,0.0,2860.0,0.0,2860.0
0.0,2850.0,0.0,16.0,0.0,2780.0,2851.0,0.0,2240.0,0.0,2861.0
0.0,2861.0,0.0,2851.0,0.0,16.0,0.0,2782.0,2852.0,0.0,2240.0
0.0,2862.0,0.0,2862.0,0.0,2852.0,0.0,16.0,0.0,2784.0,2853.0
0.0,2240.0,0.0,2863.0,0.0,2863.0,0.0,2853.0,0.0,16.0,0.0
2786.0,2241.0,0.0,2209.0,0.0,2864.0,0.0,2865.0,0.0,2866.0,0.0
2867.0,0.0,2868.0,0.0,2869.0,0.0,2870.0,0.0,2871.0,0.0,2872.0
0.0,2873.0,0.0,2864.0,0.0,2241.0,0.0,2874.0,0.0,2874.0,0.0
2864.0,0.0,16.0,0.0,2789.0,2865.0,0.0,2241.0,0.0,2875.0,0.0
2875.0,0.0,2865.0,0.0,16.0,0.0,2791.0,2866.0,0.0,2241.0,0.0
2876.0,0.0,2876.0,0.0,2866.0,0.0,16.0,0.0,2793.0,2867.0,0.0
2241.0,0.0,2877.0,0.0,2877.0,0.0,2867.0,0.0,16.0,0.0,2795.0
2868.0,0.0,2241.0,0.0,2878.0,0.0,2878.0,0.0,2868.0,0.0,16.0
0.0,2797.0,2869.0,0.0,2241.0,0.0,2879.0,0.0,2879.0,0.0,2869.0
0.0,16.0,0.0,2799.0,2870.0,0.0,2241.0,0.0,2880.0,0.0,2880.0
0.0,2870.0,0.0,16.0,0.0,2801.0,2871.0,0.0,2241.0,0.0,2881.0
0.0,2881.0,0.0,2871.0,0.0,16.0,0.0,2803.0,2872.0,0.0,2241.0
0.0,2882.0,0.0,2882.0,0.0,2872.0,0.0,16.0,0.0,2805.0,2873.0
0.0,2241.0,0.0,2883.0,0.0,2883.0,0.0,2873.0,0.0,16.0,0.0
2807.0,2242.0,0.0,2209.0,0.0,2884.0,0.0,2885.0,0.0,2886.0,0.0
2887.0,0.0,2888.0,0.0,2889.0,0.0,2890.0,0.0,2891.0,0.0,2892.0
0.0,2893.0,0.0,2884.0,0.0,2242.0,0.0,2894.0,0.0,2894.0,0.0
2884.0,0.0,16.0,0.0,2810.0,2885.0,0.0,2242.0,0.0,2895.0,0.0
2895.0,0.0,2885.0,0.0,16.0,0.0,2812.0,2886.0,0.0,2242.0,0.0
2896.0,0.0,2896.0,0.0,2886.0,0.0,16.0,0.0,2814.0,2887.0,0.0
2242.0,0.0,2897.0,0.0,2897.0,0.0,2887.0,0.0,16.0,0.0,2816.0
2888.0,0.0,2242.0,0.0,2898.0,0.0,2898.0,0.0,2888.0,0.0,16.0
0.0,2818.0,2889.0,0.0,2242.0,0.0,2899.0,0.0,2899.0,0.0,2889.0
0.0,16.0,0.0,2820.0,2890.0,0.0,2242.0,0.0,2900.0,0.0,2900.0
0.0,2890.0,0.0,16.0,0.0,2822.0,2891.0,0.0,2242.0,0.0,2901.0
0.0,2901.0,0.0,2891.0,0.0,16.0,0.0,2824.0,2892.0,0.0,2242.0
0.0,2902.0,0.0,2902.0,0.0,2892.0,0.0,16.0,0.0,2826.0,2893.0
0.0,2242.0,0.0,2903.0,0.0,2903.0,0.0,2893.0,0.0,16.0,0.0
2828.0,2243.0,0.0,2209.0,0.0,2904.0,0.0,2905.0,0.0,2906.0,0.0
2907.0,0.0,2908.0,0.0,2909.0,0.0,2910.0,0.0,2911.0,0.0,2912.0
0.0,2913.0,0.0,2904.0,0.0,2243.0,0.0,2914.0,0.0,2914.0,0.0
2904.0,0.0,16.0,0.0,2831.0,2905.0,0.0,2243.0,0.0,2915.0,0.0
2915.0,0.0,2905.0,0.0,16.0,0.0,2833.0,2906.0,0.0,2243.0,0.0
2916.0,0.0,2916.0,0.0,2906.0,0.0,16.0,0.0,2835.0,2907.0,0.0
2243.0,0.0,2917.0,0.0,2917.0,0.0,2907.0,0.0,16.0,0.0,2837.0
2908.0,0.0,2243.0,0.0,2918.0,0.0,2918.0,0.0,2908.0,0.0,16.0
0.0,2839.0,2909.0,0.0,2243.0,0.0,2919.0,0.0,2919.0,0.0,2909.0
0.0,16.0,0.0,2841.0,2910.0,0.0,2243.0,0.0,2920.0,0.0,2920.0
0.0,2910.0,0.0,16.0,0.0,2843.0,2911.0,0.0,2243.0,0.0,2921.0
0.0,2921.0,0.0,2911.0,0.0,16.0,0.0,2845.0,2912.0,0.0,2243.0
0.0,2922.0,0.0,2922.0,0.0,2912.0,0.0,16.0,0.0,2847.0,2913.0
0.0,2243.0,0.0,2923.0,0.0,2923.0,0.0,2913.0,0.0,16.0,0.0
2849.0,61.0,0.0,50.0,0.0,16.0,0.0,2850.0,62.0,0.0,50.0
0.0,2924.0,0.0,2924.0,0.0,62.0,0.0,2925.0,0.0,2926.0,0.0
2927.0,0.0,2928.0,0.0,2929.0,0.0,2930.0,0.0,2931.0,0.0,2932.0
0.0,2933.0,0.0,2934.0,0.0,2935.0,0.0,2936.0,0.0,2937.0,0.0
2938.0,0.0,2939.0,0.0,2940.0,0.0,2941.0,0.0,2942.0,0.0,2943.0
0.0,2944.0,0.0,2945.0,0.0,2946.0,0.0,2947.0,0.0,2948.0,0.0
2949.0,0.0,2950.0,0.0,2951.0,0.0,2952.0,0.0,2953.0,0.0,2954.0
0.0,2955.0,0.0,2956.0,0.0,2957.0,0.0,2958.0,0.0,2925.0,0.0
2924.0,0.0,2959.0,0.0,2960.0,0.0,2961.0,0.0,2962.0,0.0,2963.0
0.0,2964.0,0.0,2965.0,0.0,2966.0,0.0,2967.0,0.0,2968.0,0.0
2959.0,0.0,2925.0,0.0,2969.0,0.0,2969.0,0.0,2959.0,0.0,19.0
0.0,2855.0,2960.0,0.0,2925.0,0.0,2970.0,0.0,2970.0,0.0,2960.0
0.0,19.0,0.0,2857.0,2961.0,0.0,2925.0,0.0,2971.0,0.0,2971.0
0.0,2961.0,0.0,19.0,0.0,2859.0,2962.0,0.0,2925.0,0.0,2972.0
0.0,2972.0,0.0,2962.0,0.0,19.0,0.0,2861.0,2963.0,0.0,2925.0
0.0,2973.0,0.0,2973.0,0.0,2963.0,0.0,19.0,0.0,2863.0,2964.0
0.0,2925.0,0.0,2974.0,0.0,2974.0,0.0,2964.0,0.0,19.0,0.0
2865.0,2965.0,0.0,2925.0,0.0,2975.0,0.0,2975.0,0.0,2965.0,0.0
19.0,0.0,2867.0,2966.0,0.0,2925.0,0.0,2976.0,0.0,2976.0,0.0
2966.0,0.0,19.0,0.0,2869.0,2967.0,0.0,2925.0,0.0,2977.0,0.0
2977.0,0.0,2967.0,0.0,19.0,0.0,2871.0,2968.0,0.0,2925.0,0.0
2978.0,0.0,2978.0,0.0,2968.0,0.0,19.0,0.0,2873.0,2926.0,0.0
2924.0,0.0,2979.0,0.0,2980.0,0.0,2981.0,0.0,2982.0,0.0,2983.0
0.0,2984.0,0.0,2985.0,0.0,2986.0,0.0,2987.0,0.0,2988.0,0.0
2979.0,0.0,2926.0,0.0,2989.0,0.0,2989.0,0.0,2979.0,0.0,19.0
0.0,2876.0,2980.0,0.0,2926.0,0.0,2990.0,0.0,2990.0,0.0,2980.0
0.0,19.0,0.0,2878.0,2981.0,0.0,2926.0,0.0,2991.0,0.0,2991.0
0.0,2981.0,0.0,19.0,0.0,2880.0,2982.0,0.0,2926.0,0.0,2992.0
0.0,2992.0,0.0,2982.0,0.0,19.0,0.0,2882.0,2983.0,0.0,2926.0
0.0,2993.0,0.0,2993.0,0.0,2983.0,0.0,19.0,0.0,2884.0,2984.0
0.0,2926.0,0.0,2994.0,0.0,2994.0,0.0,2984.0,0.0,19.0,0.0
2886.0,2985.0,0.0,2926.0,0.0,2995.0,0.0,2995.0,0.0,2985.0,0.0
19.0,0.0,2888.0,2986.0,0.0,2926.0,0.0,2996.0,0.0,2996.0,0.0
2986.0,0.0,19.0,0.0,2890.0,2987.0,0.0,2926.0,0.0,2997.0,0.0
2997.0,0.0,2987.0,0.0,19.0,0.0,2892.0,2988.0,0.0,2926.0,0.0
2998.0,0.0,2998.0,0.0,2988.0,0.0,19.0,0.0,2894.0,2927.0,0.0
2924.0,0.0,2999.0,0.0,3000.0,0.0,3001.0,0.0,3002.0,0.0,3003.0
0.0,3004.0,0.0,3005.0,0.0,3006.0,0.0,3007.0,0.0,3008.0,0.0
2999.0,0.0,2927.0,0.0,3009.0,0.0,3009.0,0.0,2999.0,0.0,19.0
0.0,2897.0,3000.0,0.0,2927.0,0.0,3010.0,0.0,3010.0,0.0,3000.0
0.0,19.0,0.0,2899.0,3001.0,0.0,2927.0,0.0,3011.0,0.0,3011.0
0.0,3001.0,0.0,19.0,0.0,2901.0,3002.0,0.0,2927.0,0.0,3012.0
0.0,3012.0,0.0,3002.0,0.0,19.0,0.0,2903.0,3003.0,0.0,2927.0
0.0,3013.0,0.0,3013.0,0.0,3003.0,0.0,19.0,0.0,2905.0,3004.0
0.0,2927.0,0.0,3014.0,0.0,3014.0,0.0,3004.0,0.0,19.0,0.0
2907.0,3005.0,0.0,2927.0,0.0,3015.0,0.0,3015.0,0.0,3005.0,0.0
19.0,0.0,2909.0,3006.0,0.0,2927.0,0.0,3016.0,0.0,3016.0,0.0
3006.0,0.0,19.0,0.0,2911.0,3007.0,0.0,2927.0,0.0,3017.0,0.0
3017.0,0.0,3007.0,0.0,19.0,0.0,2913.0,3008.0,0.0,2927.0,0.0
3018.0,0.0,3018.0,0.0,3008.0,0.0,19.0,0.0,2915.0,2928.0,0.0
2924.0,0.0,3019.0,0.0,3020.0,0.0,3021.0,0.0,3022.0,0.0,3023.0
0.0,3024.0,0.0,3025.0,0.0,3026.0,0.0,3027.0,0.0,3028.0,0.0
3019.0,0.0,2928.0,0.0,3029.0,0.0,3029.0,0.0,3019.0,0.0,19.0
0.0,2918.0,3020.0,0.0,2928.0,0.0,3030.0,0.0,3030.0,0.0,3020.0
0.0,19.0,0.0,2920.0,3021.0,0.0,2928.0,0.0,3031.0,0.0,3031.0
0.0,3021.0,0.0,19.0,0.0,2922.0,3022.0,0.0,2928.0,0.0,3032.0
0.0,3032.0,0.0,3022.0,0.0,19.0,0.0,2924.0,3023.0,0.0,2928.0
0.0,3033.0,0.0,3033.0,0.0,3023.0,0.0,19.0,0.0,2926.0,3024.0
0.0,2928.0,0.0,3034.0,0.0,3034.0,0.0,3024.0,0.0,19.0,0.0
2928.0,3025.0,0.0,2928.0,0.0,3035.0,0.0,3035.0,0.0,3025.0,0.0
19.0,0.0,2930.0,3026.0,0.0,2928.0,0.0,3036.0,0.0,3036.0,0.0
3026.0,0.0,19.0,0.0,2932.0,3027.0,0.0,2928.0,0.0,3037.0,0.0
3037.0,0.0,3027.0,0.0,19.0,0.0,2934.0,3028.0,0.0,2928.0,0.0
3038.0,0.0,3038.0,0.0,3028.0,0.0,19.0,0.0,2936.0,2929.0,0.0
2924.0,0.0,3039.0,0.0,3040.0,0.0,3041.0,0.0,3042.0,0.0,3043.0
0.0,3044.0,0.0,3045.0,0.0,3046.0,0.0,3047.0,0.0,3048.0,0.0
3039.0,0.0,2929.0,0.0,3049.0,0.0,3049.0,0.0,3039.0,0.0,19.0
0.0,2939.0,3040.0,0.0,2929.0,0.0,3050.0,0.0,3050.0,0.0,3040.0
0.0,19.0,0.0,2941.0,3041.0,0.0,2929.0,0.0,3051.0,0.0,3051.0
0.0,3041.0,0.0,19.0,0.0,2943.0,3042.0,0.0,2929.0,0.0,3052.0
0.0,3052.0,0.0,3042.0,0.0,19.0,0.0,2945.0,3043.0,0.0,2929.0
0.0,3053.0,0.0,3053.0,0.0,3043.0,0.0,19.0,0.0,2947.0,3044.0
0.0,2929.0,0.0,3054.0,0.0,3054.0,0.0,3044.0,0.0,19.0,0.0
2949.0,3045.0,0.0,2929.0,0.0,3055.0,0.0,3055.0,0.0,3045.0,0.0
19.0,0.0,2951.0,3046.0,0.0,2929.0,0.0,3056.0,0.0,3056.0,0.0
3046.0,0.0,19.0,0.0,2953.0,3047.0,0.0,2929.0,0.0,3057.0,0.0
3057.0,0.0,3047.0,0.0,19.0,0.0,2955.0,3048.0,0.0,2929.0,0.0
3058.0,0.0,3058.0,0.0,3048.0,0.0,19.0,0.0,2957.0,2930.0,0.0
2924.0,0.0,3059.0,0.0,3060.0,0.0,3061.0,0.0,3062.0,0.0,3063.0
0.0,3064.0,0.0,3065.0,0.0,3066.0,0.0,3067.0,0.0,3068.0,0.0
3059.0,0.0,2930.0,0.0,3069.0,0.0,3069.0,0.0,3059.0,0.0,19.0
0.0,2960.0,3060.0,0.0,2930.0,0.0,3070.0,0.0,3070.0,0.0,3060.0
0.0,19.0,0.0,2962.0,3061.0,0.0,2930.0,0.0,3071.0,0.0,3071.0
0.0,3061.0,0.0,19.0,0.0,2964.0,3062.0,0.0,2930.0,0.0,3072.0
0.0,3072.0,0.0,3062.0,0.0,19.0,0.0,2966.0,3063.0,0.0,2930.0
0.0,3073.0,0.0,3073.0,0.0,3063.0,0.0,19.0,0.0,2968.0,3064.0
0.0,2930.0,0.0,3074.0,0.0,3074.0,0.0,3064.0,0.0,19.0,0.0
2970.0,3065.0,0.0,2930.0,0.0,3075.0,0.0,3075.0,0.0,3065.0,0.0
19.0,0.0,2972.0,3066.0,0.0,2930.0,0.0,3076.0,0.0,3076.0,0.0
3066.0,0.0,19.0,0.0,2974.0,3067.0,0.0,2930.0,0.0,3077.0,0.0
3077.0,0.0,3067.0,0.0,19.0,0.0,2976.0,3068.0,0.0,2930.0,0.0
3078.0,0.0,3078.0,0.0,3068.0,0.0,19.0,0.0,2978.0,2931.0,0.0
2924.0,0.0,3079.0,0.0,3080.0,0.0,3081.0,0.0,3082.0,0.0,3083.0
0.0,3084.0,0.0,3085.0,0.0,3086.0,0.0,3087.0,0.0,3088.0,0.0
3079.0,0.0,2931.0,0.0,3089.0,0.0,3089.0,0.0,3079.0,0.0,19.0
0.0,2981.0,3080.0,0.0,2931.0,0.0,3090.0,0.0,3090.0,0.0,3080.0
0.0,19.0,0.0,2983.0,3081.0,0.0,2931.0,0.0,3091.0,0.0,3091.0
0.0,3081.0,0.0,19.0,0.0,2985.0,3082.0,0.0,2931.0,0.0,3092.0
0.0,3092.0,0.0,3082.0,0.0,19.0,0.0,2987.0,3083.0,0.0,2931.0
0.0,3093.0,0.0,3093.0,0.0,3083.0,0.0,19.0,0.0,2989.0,3084.0
0.0,2931.0,0.0,3094.0,0.0,3094.0,0.0,3084.0,0.0,19.0,0.0
2991.0,3085.0,0.0,2931.0,0.0,3095.0,0.0,3095.0,0.0,3085.0,0.0
19.0,0.0,2993.0,3086.0,0.0,2931.0,0.0,3096.0,0.0,3096.0,0.0
3086.0,0.0,19.0,0.0,2995.0,3087.0,0.0,2931.0,0.0,3097.0,0.0
3097.0,0.0,3087.0,0.0,19.0,0.0,2997.0,3088.0,0.0,2931.0,0.0
3098.0,0.0,3098.0,0.0,3088.0,0.0,19.0,0.0,2999.0,2932.0,0.0
2924.0,0.0,3099.0,0.0,3100.0,0.0,3101.0,0.0,3102.0,0.0,3103.0
0.0,3104.0,0.0,3105.0,0.0,3106.0,0.0,3107.0,0.0,3108.0,0.0
3099.0,0.0,2932.0,0.0,3109.0,0.0,3109.0,0.0,3099.0,0.0,19.0
0.0,3002.0,3100.0,0.0,2932.0,0.0,3110.0,0.0,3110.0,0.0,3100.0
0.0,19.0,0.0,3004.0,3101.0,0.0,2932.0,0.0,3111.0,0.0,3111.0
0.0,3101.0,0.0,19.0,0.0,3006.0,3102.0,0.0,2932.0,0.0,3112.0
0.0,3112.0,0.0,3102.0,0.0,19.0,0.0,3008.0,3103.0,0.0,2932.0
0.0,3113.0,0.0,3113.0,0.0,3103.0,0.0,19.0,0.0,3010.0,3104.0
0.0,2932.0,0.0,3114.0,0.0,3114.0,0.0,3104.0,0.0,19.0,0.0
3012.0,3105.0,0.0,2932.0,0.0,3115.0,0.0,3115.0,0.0,3105.0,0.0
19.0,0.0,3014.0,3106.0,0.0,2932.0,0.0,3116.0,0.0,3116.0,0.0
3106.0,0.0,19.0,0.0,3016.0,3107.0,0.0,2932.0,0.0,3117.0,0.0
3117.0,0.0,3107.0,0.0,19.0,0.0,3018.0,3108.0,0.0,2932.0,0.0
3118.0,0.0,3118.0,0.0,3108.0,0.0,19.0,0.0,3020.0,2933.0,0.0
2924.0,0.0,3119.0,0.0,3120.0,0.0,3121.0,0.0,3122.0,0.0,3123.0
0.0,3124.0,0.0,3125.0,0.0,3126.0,0.0,3127.0,0.0,3128.0,0.0
3119.0,0.0,2933.0,0.0,3129.0,0.0,3129.0,0.0,3119.0,0.0,19.0
0.0,3023.0,3120.0,0.0,2933.0,0.0,3130.0,0.0,3130.0,0.0,3120.0
0.0,19.0,0.0,3025.0,3121.0,0.0,2933.0,0.0,3131.0,0.0,3131.0
0.0,3121.0,0.0,19.0,0.0,3027.0,3122.0,0.0,2933.0,0.0,3132.0
0.0,3132.0,0.0,3122.0,0.0,19.0,0.0,3029.0,3123.0,0.0,2933.0
0.0,3133.0,0.0,3133.0,0.0,3123.0,0.0,19.0,0.0,3031.0,3124.0
0.0,2933.0,0.0,3134.0,0.0,3134.0,0.0,3124.0,0.0,19.0,0.0
3033.0,3125.0,0.0,2933.0,0.0,3135.0,0.0,3135.0,0.0,3125.0,0.0
19.0,0.0,3035.0,3126.0,0.0,2933.0,0.0,3136.0,0.0,3136.0,0.0
3126.0,0.0,19.0,0.0,3037.0,3127.0,0.0,2933.0,0.0,3137.0,0.0
3137.0,0.0,3127.0,0.0,19.0,0.0,3039.0,3128.0,0.0,2933.0,0.0
3138.0,0.0,3138.0,0.0,3128.0,0.0,19.0,0.0,3041.0,2934.0,0.0
2924.0,0.0,3139.0,0.0,3140.0,0.0,3141.0,0.0,3142.0,0.0,3143.0
0.0,3144.0,0.0,3145.0,0.0,3146.0,0.0,3147.0,0.0,3148.0,0.0
3139.0,0.0,2934.0,0.0,3149.0,0.0,3149.0,0.0,3139.0,0.0,19.0
0.0,3044.0,3140.0,0.0,2934.0,0.0,3150.0,0.0,3150.0,0.0,3140.0
0.0,19.0,0.0,3046.0,3141.0,0.0,2934.0,0.0,3151.0,0.0,3151.0
0.0,3141.0,0.0,19.0,0.0,3048.0,3142.0,0.0,2934.0,0.0,3152.0
0.0,3152.0,0.0,3142.0,0.0,19.0,0.0,3050.0,3143.0,0.0,2934.0
0.0,3153.0,0.0,3153.0,0.0,3143.0,0.0,19.0,0.0,3052.0,3144.0
0.0,2934.0,0.0,3154.0,0.0,3154.0,0.0,3144.0,0.0,19.0,0.0
3054.0,3145.0,0.0,2934.0,0.0,3155.0,0.0,3155.0,0.0,3145.0,0.0
19.0,0.0,3056.0,3146.0,0.0,2934.0,0.0,3156.0,0.0,3156.0,0.0
3146.0,0.0,19.0,0.0,3058.0,3147.0,0.0,2934.0,0.0,3157.0,0.0
3157.0,0.0,3147.0,0.0,19.0,0.0,3060.0,3148.0,0.0,2934.0,0.0
3158.0,0.0,3158.0,0.0,3148.0,0.0,19.0,0.0,3062.0,2935.0,0.0
2924.0,0.0,3159.0,0.0,3160.0,0.0,3161.0,0.0,3162.0,0.0,3163.0
0.0,3164.0,0.0,3165.0,0.0,3166.0,0.0,3167.0,0.0,3168.0,0.0
3159.0,0.0,2935.0,0.0,3169.0,0.0,3169.0,0.0,3159.0,0.0,19.0
0.0,3065.0,3160.0,0.0,2935.0,0.0,3170.0,0.0,3170.0,0.0,3160.0
0.0,19.0,0.0,3067.0,3161.0,0.0,2935.0,0.0,3171.0,0.0,3171.0
0.0,3161.0,0.0,19.0,0.0,3069.0,3162.0,0.0,2935.0,0.0,3172.0
0.0,3172.0,0.0,3162.0,0.0,19.0,0.0,3071.0,3163.0,0.0,2935.0
0.0,3173.0,0.0,3173.0,0.0,3163.0,0.0,19.0,0.0,3073.0,3164.0
0.0,2935.0,0.0,3174.0,0.0,3174.0,0.0,3164.0,0.0,19.0,0.0
3075.0,3165.0,0.0,2935.0,0.0,3175.0,0.0,3175.0,0.0,3165.0,0.0
19.0,0.0,3077.0,3166.0,0.0,2935.0,0.0,3176.0,0.0,3176.0,0.0
3166.0,0.0,19.0,0.0,3079.0,3167.0,0.0,2935.0,0.0,3177.0,0.0
3177.0,0.0,3167.0,0.0,19.0,0.0,3081.0,3168.0,0.0,2935.0,0.0
3178.0,0.0,3178.0,0.0,3168.0,0.0,19.0,0.0,3083.0,2936.0,0.0
2924.0,0.0,3179.0,0.0,3180.0,0.0,3181.0,0.0,3182.0,0.0,3183.0
0.0,3184.0,0.0,3185.0,0.0,3186.0,0.0,3187.0,0.0,3188.0,0.0
3179.0,0.0,2936.0,0.0,3189.0,0.0,3189.0,0.0,3179.0,0.0,19.0
0.0,3086.0,3180.0,0.0,2936.0,0.0,3190.0,0.0,3190.0,0.0,3180.0
0.0,19.0,0.0,3088.0,3181.0,0.0,2936.0,0.0,3191.0,0.0,3191.0
0.0,3181.0,0.0,19.0,0.0,3090.0,3182.0,0.0,2936.0,0.0,3192.0
0.0,3192.0,0.0,3182.0,0.0,19.0,0.0,3092.0,3183.0,0.0,2936.0
0.0,3193.0,0.0,3193.0,0.0,3183.0,0.0,19.0,0.0,3094.0,3184.0
0.0,2936.0,0.0,3194.0,0.0,3194.0,0.0,3184.0,0.0,19.0,0.0
3096.0,3185.0,0.0,2936.0,0.0,3195.0,0.0,3195.0,0.0,3185.0,0.0
19.0,0.0,3098.0,3186.0,0.0,2936.0,0.0,3196.0,0.0,3196.0,0.0
3186.0,0.0,19.0,0.0,3100.0,3187.0,0.0,2936.0,0.0,3197.0,0.0
3197.0,0.0,3187.0,0.0,19.0,0.0,3102.0,3188.0,0.0,2936.0,0.0
3198.0,0.0,3198.0,0.0,3188.0,0.0,19.0,0.0,3104.0,2937.0,0.0
2924.0,0.0,3199.0,0.0,3200.0,0.0,3201.0,0.0,3202.0,0.0,3203.0
0.0,3204.0,0.0,3205.0,0.0,3206.0,0.0,3207.0,0.0,3208.0,0.0
3199.0,0.0,2937.0,0.0,3209.0,0.0,3209.0,0.0,3199.0,0.0,19.0
0.0,3107.0,3200.0,0.0,2937.0,0.0,3210.0,0.0,3210.0,0.0,3200.0
0.0,19.0,0.0,3109.0,3201.0,0.0,2937.0,0.0,3211.0,0.0,3211.0
0.0,3201.0,0.0,19.0,0.0,3111.0,3202.0,0.0,2937.0,0.0,3212.0
0.0,3212.0,0.0,3202.0,0.0,19.0,0.0,3113.0,3203.0,0.0,2937.0
0.0,3213.0,0.0,3213.0,0.0,3203.0,0.0,19.0,0.0,3115.0,3204.0
0.0,2937.0,0.0,3214.0,0.0,3214.0,0.0,3204.0,0.0,19.0,0.0
3117.0,3205.0,0.0,2937.0,0.0,3215.0,0.0,3215.0,0.0,3205.0,0.0
19.0,0.0,3119.0,3206.0,0.0,2937.0,0.0,3216.0,0.0,3216.0,0.0
3206.0,0.0,19.0,0.0,3121.0,3207.0,0.0,2937.0,0.0,3217.0,0.0
3217.0,0.0,3207.0,0.0,19.0,0.0,3123.0,3208.0,0.0,2937.0,0.0
3218.0,0.0,3218.0,0.0,3208.0,0.0,19.0,0.0,3125.0,2938.0,0.0
2924.0,0.0,3219.0,0.0,3220.0,0.0,3221.0,0.0,3222.0,0.0,3223.0
0.0,3224.0,0.0,3225.0,0.0,3226.0,0.0,3227.0,0.0,3228.0,0.0
3219.0,0.0,2938.0,0.0,3229.0,0.0,3229.0,0.0,3219.0,0.0,19.0
0.0,3128.0,3220.0,0.0,2938.0,0.0,3230.0,0.0,3230.0,0.0,3220.0
0.0,19.0,0.0,3130.0,3221.0,0.0,2938.0,0.0,3231.0,0.0,3231.0
0.0,3221.0,0.0,19.0,0.0,3132.0,3222.0,0.0,2938.0,0.0,3232.0
0.0,3232.0,0.0,3222.0,0.0,19.0,0.0,3134.0,3223.0,0.0,2938.0
0.0,3233.0,0.0,3233.0,0.0,3223.0,0.0,19.0,0.0,3136.0,3224.0
0.0,2938.0,0.0,3234.0,0.0,3234.0,0.0,3224.0,0.0,19.0,0.0
3138.0,3225.0,0.0,2938.0,0.0,3235.0,0.0,3235.0,0.0,3225.0,0.0
19.0,0.0,3140.0,3226.0,0.0,2938.0,0.0,3236.0,0.0,3236.0,0.0
3226.0,0.0,19.0,0.0,3142.0,3227.0,0.0,2938.0,0.0,3237.0,0.0
3237.0,0.0,3227.0,0.0,19.0,0.0,3144.0,3228.0,0.0,2938.0,0.0
3238.0,0.0,3238.0,0.0,3228.0,0.0,19.0,0.0,3146.0,2939.0,0.0
2924.0,0.0,3239.0,0.0,3240.0,0.0,3241.0,0.0,3242.0,0.0,3243.0
0.0,3244.0,0.0,3245.0,0.0,3246.0,0.0,3247.0,0.0,3248.0,0.0
3239.0,0.0,2939.0,0.0,3249.0,0.0,3249.0,0.0,3239.0,0.0,19.0
0.0,3149.0,3240.0,0.0,2939.0,0.0,3250.0,0.0,3250.0,0.0,3240.0
0.0,19.0,0.0,3151.0,3241.0,0.0,2939.0,0.0,3251.0,0.0,3251.0
0.0,3241.0,0.0,19.0,0.0,3153.0,3242.0,0.0,2939.0,0.0,3252.0
0.0,3252.0,0.0,3242.0,0.0,19.0,0.0,3155.0,3243.0,0.0,2939.0
0.0,3253.0,0.0,3253.0,0.0,3243.0,0.0,19.0,0.0,3157.0,3244.0
0.0,2939.0,0.0,3254.0,0.0,3254.0,0.0,3244.0,0.0,19.0,0.0
3159.0,3245.0,0.0,2939.0,0.0,3255.0,0.0,3255.0,0.0,3245.0,0.0
19.0,0.0,3161.0,3246.0,0.0,2939.0,0.0,3256.0,0.0,3256.0,0.0
3246.0,0.0,19.0,0.0,3163.0,3247.0,0.0,2939.0,0.0,3257.0,0.0
3257.0,0.0,3247.0,0.0,19.0,0.0,3165.0,3248.0,0.0,2939.0,0.0
3258.0,0.0,3258.0,0.0,3248.0,0.0,19.0,0.0,3167.0,2940.0,0.0
2924.0,0.0,3259.0,0.0,3260.0,0.0,3261.0,0.0,3262.0,0.0,3263.0
0.0,3264.0,0.0,3265.0,0.0,3266.0,0.0,3267.0,0.0,3268.0,0.0
3259.0,0.0,2940.0,0.0,3269.0,0.0,3269.0,0.0,3259.0,0.0,19.0
0.0,3170.0,3260.0,0.0,2940.0,0.0,3270.0,0.0,3270.0,0.0,3260.0
0.0,19.0,0.0,3172.0,3261.0,0.0,2940.0,0.0,3271.0,0.0,3271.0
0.0,3261.0,0.0,19.0,0.0,3174.0,3262.0,0.0,2940.0,0.0,3272.0
0.0,3272.0,0.0,3262.0,0.0,19.0,0.0,3176.0,3263.0,0.0,2940.0
0.0,3273.0,0.0,3273.0,0.0,3263.0,0.0,19.0,0.0,3178.0,3264.0
0.0,2940.0,0.0,3274.0,0.0,3274.0,0.0,3264.0,0.0,19.0,0.0
3180.0,3265.0,0.0,2940.0,0.0,3275.0,0.0,3275.0,0.0,3265.0,0.0
19.0,0.0,3182.0,3266.0,0.0,2940.0,0.0,3276.0,0.0,3276.0,0.0
3266.0,0.0,19.0,0.0,3184.0,3267.0,0.0,2940.0,0.0,3277.0,0.0
3277.0,0.0,3267.0,0.0,19.0,0.0,3186.0,3268.0,0.0,2940.0,0.0
3278.0,0.0,3278.0,0.0,3268.0,0.0,19.0,0.0,3188.0,2941.0,0.0
2924.0,0.0,3279.0,0.0,3280.0,0.0,3281.0,0.0,3282.0,0.0,3283.0
0.0,3284.0,0.0,3285.0,0.0,3286.0,0.0,3287.0,0.0,3288.0,0.0
3279.0,0.0,2941.0,0.0,3289.0,0.0,3289.0,0.0,3279.0,0.0,19.0
0.0,3191.0,3280.0,0.0,2941.0,0.0,3290.0,0.0,3290.0,0.0,3280.0
0.0,19.0,0.0,3193.0,3281.0,0.0,2941.0,0.0,3291.0,0.0,3291.0
0.0,3281.0,0.0,19.0,0.0,3195.0,3282.0,0.0,2941.0,0.0,3292.0
0.0,3292.0,0.0,3282.0,0.0,19.0,0.0,3197.0,3283.0,0.0,2941.0
0.0,3293.0,0.0,3293.0,0.0,3283.0,0.0,19.0,0.0,3199.0,3284.0
0.0,2941.0,0.0,3294.0,0.0,3294.0,0.0,3284.0,0.0,19.0,0.0
3201.0,3285.0,0.0,2941.0,0.0,3295.0,0.0,3295.0,0.0,3285.0,0.0
19.0,0.0,3203.0,3286.0,0.0,2941.0,0.0,3296.0,0.0,3296.0,0.0
3286.0,0.0,19.0,0.0,3205.0,3287.0,0.0,2941.0,0.0,3297.0,0.0
3297.0,0.0,3287.0,0.0,19.0,0.0,3207.0,3288.0,0.0,2941.0,0.0
3298.0,0.0,3298.0,0.0,3288.0,0.0,19.0,0.0,3209.0,2942.0,0.0
2924.0,0.0,3299.0,0.0,3300.0,0.0,3301.0,0.0,3302.0,0.0,3303.0
0.0,3304.0,0.0,3305.0,0.0,3306.0,0.0,3307.0,0.0,3308.0,0.0
3299.0,0.0,2942.0,0.0,3309.0,0.0,3309.0,0.0,3299.0,0.0,19.0
0.0,3212.0,3300.0,0.0,2942.0,0.0,3310.0,0.0,3310.0,0.0,3300.0
0.0,19.0,0.0,3214.0,3301.0,0.0,2942.0,0.0,3311.0,0.0,3311.0
0.0,3301.0,0.0,19.0,0.0,3216.0,3302.0,0.0,2942.0,0.0,3312.0
0.0,3312.0,0.0,3302.0,0.0,19.0,0.0,3218.0,3303.0,0.0,2942.0
0.0,3313.0,0.0,3313.0,0.0,3303.0,0.0,19.0,0.0,3220.0,3304.0
0.0,2942.0,0.0,3314.0,0.0,3314.0,0.0,3304.0,0.0,19.0,0.0
3222.0,3305.0,0.0,2942.0,0.0,3315.0,0.0,3315.0,0.0,3305.0,0.0
19.0,0.0,3224.0,3306.0,0.0,2942.0,0.0,3316.0,0.0,3316.0,0.0
3306.0,0.0,19.0,0.0,3226.0,3307.0,0.0,2942.0,0.0,3317.0,0.0
3317.0,0.0,3307.0,0.0,19.0,0.0,3228.0,3308.0,0.0,2942.0,0.0
3318.0,0.0,3318.0,0.0,3308.0,0.0,19.0,0.0,3230.0,2943.0,0.0
2924.0,0.0,3319.0,0.0,3320.0,0.0,3321.0,0.0,3322.0,0.0,3323.0
0.0,3324.0,0.0,3325.0,0.0,3326.0,0.0,3327.0,0.0,3328.0,0.0
3319.0,0.0,2943.0,0.0,3329.0,0.0,3329.0,0.0,3319.0,0.0,19.0
0.0,3233.0,3320.0,0.0,2943.0,0.0,3330.0,0.0,3330.0,0.0,3320.0
0.0,19.0,0.0,3235.0,3321.0,0.0,2943.0,0.0,3331.0,0.0,3331.0
0.0,3321.0,0.0,19.0,0.0,3237.0,3322.0,0.0,2943.0,0.0,3332.0
0.0,3332.0,0.0,3322.0,0.0,19.0,0.0,3239.0,3323.0,0.0,2943.0
0.0,3333.0,0.0,3333.0,0.0,3323.0,0.0,19.0,0.0,3241.0,3324.0
0.0,2943.0,0.0,3334.0,0.0,3334.0,0.0,3324.0,0.0,19.0,0.0
3243.0,3325.0,0.0,2943.0,0.0,3335.0,0.0,3335.0,0.0,3325.0,0.0
19.0,0.0,3245.0,3326.0,0.0,2943.0,0.0,3336.0,0.0,3336.0,0.0
3326.0,0.0,19.0,0.0,3247.0,3327.0,0.0,2943.0,0.0,3337.0,0.0
3337.0,0.0,3327.0,0.0,19.0,0.0,3249.0,3328.0,0.0,2943.0,0.0
3338.0,0.0,3338.0,0.0,3328.0,0.0,19.0,0.0,3251.0,2944.0,0.0
2924.0,0.0,3339.0,0.0,3340.0,0.0,3341.0,0.0,3342.0,0.0,3343.0
0.0,3344.0,0.0,3345.0,0.0,3346.0,0.0,3347.0,0.0,3348.0,0.0
3339.0,0.0,2944.0,0.0,3349.0,0.0,3349.0,0.0,3339.0,0.0,19.0
0.0,3254.0,3340.0,0.0,2944.0,0.0,3350.0,0.0,3350.0,0.0,3340.0
0.0,19.0,0.0,3256.0,3341.0,0.0,2944.0,0.0,3351.0,0.0,3351.0
0.0,3341.0,0.0,19.0,0.0,3258.0,3342.0,0.0,2944.0,0.0,3352.0
0.0,3352.0,0.0,3342.0,0.0,19.0,0.0,3260.0,3343.0,0.0,2944.0
0.0,3353.0,0.0,3353.0,0.0,3343.0,0.0,19.0,0.0,3262.0,3344.0
0.0,2944.0,0.0,3354.0,0.0,3354.0,0.0,3344.0,0.0,19.0,0.0
3264.0,3345.0,0.0,2944.0,0.0,3355.0,0.0,3355.0,0.0,3345.0,0.0
19.0,0.0,3266.0,3346.0,0.0,2944.0,0.0,3356.0,0.0,3356.0,0.0
3346.0,0.0,19.0,0.0,3268.0,3347.0,0.0,2944.0,0.0,3357.0,0.0
3357.0,0.0,3347.0,0.0,19.0,0.0,3270.0,3348.0,0.0,2944.0,0.0
3358.0,0.0,3358.0,0.0,3348.0,0.0,19.0,0.0,3272.0,2945.0,0.0
2924.0,0.0,3359.0,0.0,3360.0,0.0,3361.0,0.0,3362.0,0.0,3363.0
0.0,3364.0,0.0,3365.0,0.0,3366.0,0.0,3367.0,0.0,3368.0,0.0
3359.0,0.0,2945.0,0.0,3369.0,0.0,3369.0,0.0,3359.0,0.0,19.0
0.0,3275.0,3360.0,0.0,2945.0,0.0,3370.0,0.0,3370.0,0.0,3360.0
0.0,19.0,0.0,3277.0,3361.0,0.0,2945.0,0.0,3371.0,0.0,3371.0
0.0,3361.0,0.0,19.0,0.0,3279.0,3362.0,0.0,2945.0,0.0,3372.0
0.0,3372.0,0.0,3362.0,0.0,19.0,0.0,3281.0,3363.0,0.0,2945.0
0.0,3373.0,0.0,3373.0,0.0,3363.0,0.0,19.0,0.0,3283.0,3364.0
0.0,2945.0,0.0,3374.0,0.0,3374.0,0.0,3364.0,0.0,19.0,0.0
3285.0,3365.0,0.0,2945.0,0.0,3375.0,0.0,3375.0,0.0,3365.0,0.0
19.0,0.0,3287.0,3366.0,0.0,2945.0,0.0,3376.0,0.0,3376.0,0.0
3366.0,0.0,19.0,0.0,3289.0,3367.0,0.0,2945.0,0.0,3377.0,0.0
3377.0,0.0,3367.0,0.0,19.0,0.0,3291.0,3368.0,0.0,2945.0,0.0
3378.0,0.0,3378.0,0.0,3368.0,0.0,19.0,0.0,3293.0,2946.0,0.0
2924.0,0.0,3379.0,0.0,3380.0,0.0,3381.0,0.0,3382.0,0.0,3383.0
0.0,3384.0,0.0,3385.0,0.0,3386.0,0.0,3387.0,0.0,3388.0,0.0
3379.0,0.0,2946.0,0.0,3389.0,0.0,3389.0,0.0,3379.0,0.0,19.0
0.0,3296.0,3380.0,0.0,2946.0,0.0,3390.0,0.0,3390.0,0.0,3380.0
0.0,19.0,0.0,3298.0,3381.0,0.0,2946.0,0.0,3391.0,0.0,3391.0
0.0,3381.0,0.0,19.0,0.0,3300.0,3382.0,0.0,2946.0,0.0,3392.0
0.0,3392.0,0.0,3382.0,0.0,19.0,0.0,3302.0,3383.0,0.0,2946.0
0.0,3393.0,0.0,3393.0,0.0,3383.0,0.0,19.0,0.0,3304.0,3384.0
0.0,2946.0,0.0,3394.0,0.0,3394.0,0.0,3384.0,0.0,19.0,0.0
3306.0,3385.0,0.0,2946.0,0.0,3395.0,0.0,3395.0,0.0,3385.0,0.0
19.0,0.0,3308.0,3386.0,0.0,2946.0,0.0,3396.0,0.0,3396.0,0.0
3386.0,0.0,19.0,0.0,3310.0,3387.0,0.0,2946.0,0.0,3397.0,0.0
3397.0,0.0,3387.0,0.0,19.0,0.0,3312.0,3388.0,0.0,2946.0,0.0
3398.0,0.0,3398.0,0.0,3388.0,0.0,19.0,0.0,3314.0,2947.0,0.0
2924.0,0.0,3399.0,0.0,3400.0,0.0,3401.0,0.0,3402.0,0.0,3403.0
0.0,3404.0,0.0,3405.0,0.0,3406.0,0.0,3407.0,0.0,3408.0,0.0
3399.0,0.0,2947.0,0.0,3409.0,0.0,3409.0,0.0,3399.0,0.0,19.0
0.0,3317.0,3400.0,0.0,2947.0,0.0,3410.0,0.0,3410.0,0.0,3400.0
0.0,19.0,0.0,3319.0,3401.0,0.0,2947.0,0.0,3411.0,0.0,3411.0
0.0,3401.0,0.0,19.0,0.0,3321.0,3402.0,0.0,2947.0,0.0,3412.0
0.0,3412.0,0.0,3402.0,0.0,19.0,0.0,3323.0,3403.0,0.0,2947.0
0.0,3413.0,0.0,3413.0,0.0,3403.0,0.0,19.0,0.0,3325.0,3404.0
0.0,2947.0,0.0,3414.0,0.0,3414.0,0.0,3404.0,0.0,19.0,0.0
3327.0,3405.0,0.0,2947.0,0.0,3415.0,0.0,3415.0,0.0,3405.0,0.0
19.0,0.0,3329.0,3406.0,0.0,2947.0,0.0,3416.0,0.0,3416.0,0.0
3406.0,0.0,19.0,0.0,3331.0,3407.0,0.0,2947.0,0.0,3417.0,0.0
3417.0,0.0,3407.0,0.0,19.0,0.0,3333.0,3408.0,0.0,2947.0,0.0
3418.0,0.0,3418.0,0.0,3408.0,0.0,19.0,0.0,3335.0,2948.0,0.0
2924.0,0.0,3419.0,0.0,3420.0,0.0,3421.0,0.0,3422.0,0.0,3423.0
0.0,3424.0,0.0,3425.0,0.0,3426.0,0.0,3427.0,0.0,3428.0,0.0
3419.0,0.0,2948.0,0.0,3429.0,0.0,3429.0,0.0,3419.0,0.0,19.0
0.0,3338.0,3420.0,0.0,2948.0,0.0,3430.0,0.0,3430.0,0.0,3420.0
0.0,19.0,0.0,3340.0,3421.0,0.0,2948.0,0.0,3431.0,0.0,3431.0
0.0,3421.0,0.0,19.0,0.0,3342.0,3422.0,0.0,2948.0,0.0,3432.0
0.0,3432.0,0.0,3422.0,0.0,19.0,0.0,3344.0,3423.0,0.0,2948.0
0.0,3433.0,0.0,3433.0,0.0,3423.0,0.0,19.0,0.0,3346.0,3424.0
0.0,2948.0,0.0,3434.0,0.0,3434.0,0.0,3424.0,0.0,19.0,0.0
3348.0,3425.0,0.0,2948.0,0.0,3435.0,0.0,3435.0,0.0,3425.0,0.0
19.0,0.0,3350.0,3426.0,0.0,2948.0,0.0,3436.0,0.0,3436.0,0.0
3426.0,0.0,19.0,0.0,3352.0,3427.0,0.0,2948.0,0.0,3437.0,0.0
3437.0,0.0,3427.0,0.0,19.0,0.0,3354.0,3428.0,0.0,2948.0,0.0
3438.0,0.0,3438.0,0.0,3428.0,0.0,19.0,0.0,3356.0,2949.0,0.0
2924.0,0.0,3439.0,0.0,3440.0,0.0,3441.0,0.0,3442.0,0.0,3443.0
0.0,3444.0,0.0,3445.0,0.0,3446.0,0.0,3447.0,0.0,3448.0,0.0
3439.0,0.0,2949.0,0.0,3449.0,0.0,3449.0,0.0,3439.0,0.0,19.0
0.0,3359.0,3440.0,0.0,2949.0,0.0,3450.0,0.0,3450.0,0.0,3440.0
0.0,19.0,0.0,3361.0,3441.0,0.0,2949.0,0.0,3451.0,0.0,3451.0
0.0,3441.0,0.0,19.0,0.0,3363.0,3442.0,0.0,2949.0,0.0,3452.0
0.0,3452.0,0.0,3442.0,0.0,19.0,0.0,3365.0,3443.0,0.0,2949.0
0.0,3453.0,0.0,3453.0,0.0,3443.0,0.0,19.0,0.0,3367.0,3444.0
0.0,2949.0,0.0,3454.0,0.0,3454.0,0.0,3444.0,0.0,19.0,0.0
3369.0,3445.0,0.0,2949.0,0.0,3455.0,0.0,3455.0,0.0,3445.0,0.0
19.0,0.0,3371.0,3446.0,0.0,2949.0,0.0,3456.0,0.0,3456.0,0.0
3446.0,0.0,19.0,0.0,3373.0,3447.0,0.0,2949.0,0.0,3457.0,0.0
3457.0,0.0,3447.0,0.0,19.0,0.0,3375.0,3448.0,0.0,2949.0,0.0
3458.0,0.0,3458.0,0.0,3448.0,0.0,19.0,0.0,3377.0,2950.0,0.0
2924.0,0.0,3459.0,0.0,3460.0,0.0,3461.0,0.0,3462.0,0.0,3463.0
0.0,3464.0,0.0,3465.0,0.0,3466.0,0.0,3467.0,0.0,3468.0,0.0
3459.0,0.0,2950.0,0.0,3469.0,0.0,3469.0,0.0,3459.0,0.0,19.0
0.0,3380.0,3460.0,0.0,2950.0,0.0,3470.0,0.0,3470.0,0.0,3460.0
0.0,19.0,0.0,3382.0,3461.0,0.0,2950.0,0.0,3471.0,0.0,3471.0
0.0,3461.0,0.0,19.0,0.0,3384.0,3462.0,0.0,2950.0,0.0,3472.0
0.0,3472.0,0.0,3462.0,0.0,19.0,0.0,3386.0,3463.0,0.0,2950.0
0.0,3473.0,0.0,3473.0,0.0,3463.0,0.0,19.0,0.0,3388.0,3464.0
0.0,2950.0,0.0,3474.0,0.0,3474.0,0.0,3464.0,0.0,19.0,0.0
3390.0,3465.0,0.0,2950.0,0.0,3475.0,0.0,3475.0,0.0,3465.0,0.0
19.0,0.0,3392.0,3466.0,0.0,2950.0,0.0,3476.0,0.0,3476.0,0.0
3466.0,0.0,19.0,0.0,3394.0,3467.0,0.0,2950.0,0.0,3477.0,0.0
3477.0,0.0,3467.0,0.0,19.0,0.0,3396.0,3468.0,0.0,2950.0,0.0
3478.0,0.0,3478.0,0.0,3468.0,0.0,19.0,0.0,3398.0,2951.0,0.0
2924.0,0.0,3479.0,0.0,3480.0,0.0,3481.0,0.0,3482.0,0.0,3483.0
0.0,3484.0,0.0,3485.0,0.0,3486.0,0.0,3487.0,0.0,3488.0,0.0
3479.0,0.0,2951.0,0.0,3489.0,0.0,3489.0,0.0,3479.0,0.0,19.0
0.0,3401.0,3480.0,0.0,2951.0,0.0,3490.0,0.0,3490.0,0.0,3480.0
0.0,19.0,0.0,3403.0,3481.0,0.0,2951.0,0.0,3491.0,0.0,3491.0
0.0,3481.0,0.0,19.0,0.0,3405.0,3482.0,0.0,2951.0,0.0,3492.0
0.0,3492.0,0.0,3482.0,0.0,19.0,0.0,3407.0,3483.0,0.0,2951.0
0.0,3493.0,0.0,3493.0,0.0,3483.0,0.0,19.0,0.0,3409.0,3484.0
0.0,2951.0,0.0,3494.0,0.0,3494.0,0.0,3484.0,0.0,19.0,0.0
3411.0,3485.0,0.0,2951.0,0.0,3495.0,0.0,3495.0,0.0,3485.0,0.0
19.0,0.0,3413.0,3486.0,0.0,2951.0,0.0,3496.0,0.0,3496.0,0.0
3486.0,0.0,19.0,0.0,3415.0,3487.0,0.0,2951.0,0.0,3497.0,0.0
3497.0,0.0,3487.0,0.0,19.0,0.0,3417.0,3488.0,0.0,2951.0,0.0
3498.0,0.0,3498.0,0.0,3488.0,0.0,19.0,0.0,3419.0,2952.0,0.0
2924.0,0.0,3499.0,0.0,3500.0,0.0,3501.0,0.0,3502.0,0.0,3503.0
0.0,3504.0,0.0,3505.0,0.0,3506.0,0.0,3507.0,0.0,3508.0,0.0
3499.0,0.0,2952.0,0.0,3509.0,0.0,3509.0,0.0,3499.0,0.0,19.0
0.0,3422.0,3500.0,0.0,2952.0,0.0,3510.0,0.0,3510.0,0.0,3500.0
0.0,19.0,0.0,3424.0,3501.0,0.0,2952.0,0.0,3511.0,0.0,3511.0
0.0,3501.0,0.0,19.0,0.0,3426.0,3502.0,0.0,2952.0,0.0,3512.0
0.0,3512.0,0.0,3502.0,0.0,19.0,0.0,3428.0,3503.0,0.0,2952.0
0.0,3513.0,0.0,3513.0,0.0,3503.0,0.0,19.0,0.0,3430.0,3504.0
0.0,2952.0,0.0,3514.0,0.0,3514.0,0.0,3504.0,0.0,19.0,0.0
3432.0,3505.0,0.0,2952.0,0.0,3515.0,0.0,3515.0,0.0,3505.0,0.0
19.0,0.0,3434.0,3506.0,0.0,2952.0,0.0,3516.0,0.0,3516.0,0.0
3506.0,0.0,19.0,0.0,3436.0,3507.0,0.0,2952.0,0.0,3517.0,0.0
3517.0,0.0,3507.0,0.0,19.0,0.0,3438.0,3508.0,0.0,2952.0,0.0
3518.0,0.0,3518.0,0.0,3508.0,0.0,19.0,0.0,3440.0,2953.0,0.0
2924.0,0.0,3519.0,0.0,3520.0,0.0,3521.0,0.0,3522.0,0.0,3523.0
0.0,3524.0,0.0,3525.0,0.0,3526.0,0.0,3527.0,0.0,3528.0,0.0
3519.0,0.0,2953.0,0.0,3529.0,0.0,3529.0,0.0,3519.0,0.0,19.0
0.0,3443.0,3520.0,0.0,2953.0,0.0,3530.0,0.0,3530.0,0.0,3520.0
0.0,19.0,0.0,3445.0,3521.0,0.0,2953.0,0.0,3531.0,0.0,3531.0
0.0,3521.0,0.0,19.0,0.0,3447.0,3522.0,0.0,2953.0,0.0,3532.0
0.0,3532.0,0.0,3522.0,0.0,19.0,0.0,3449.0,3523.0,0.0,2953.0
0.0,3533.0,0.0,3533.0,0.0,3523.0,0.0,19.0,0.0,3451.0,3524.0
0.0,2953.0,0.0,3534.0,0.0,3534.0,0.0,3524.0,0.0,19.0,0.0
3453.0,3525.0,0.0,2953.0,0.0,3535.0,0.0,3535.0,0.0,3525.0,0.0
19.0,0.0,3455.0,3526.0,0.0,2953.0,0.0,3536.0,0.0,3536.0,0.0
3526.0,0.0,19.0,0.0,3457.0,3527.0,0.0,2953.0,0.0,3537.0,0.0
3537.0,0.0,3527.0,0.0,19.0,0.0,3459.0,3528.0,0.0,2953.0,0.0
3538.0,0.0,3538.0,0.0,3528.0,0.0,19.0,0.0,3461.0,2954.0,0.0
2924.0,0.0,3539.0,0.0,3540.0,0.0,3541.0,0.0,3542.0,0.0,3543.0
0.0,3544.0,0.0,3545.0,0.0,3546.0,0.0,3547.0,0.0,3548.0,0.0
3539.0,0.0,2954.0,0.0,3549.0,0.0,3549.0,0.0,3539.0,0.0,19.0
0.0,3464.0,3540.0,0.0,2954.0,0.0,3550.0,0.0,3550.0,0.0,3540.0
0.0,19.0,0.0,3466.0,3541.0,0.0,2954.0,0.0,3551.0,0.0,3551.0
0.0,3541.0,0.0,19.0,0.0,3468.0,3542.0,0.0,2954.0,0.0,3552.0
0.0,3552.0,0.0,3542.0,0.0,19.0,0.0,3470.0,3543.0,0.0,2954.0
0.0,3553.0,0.0,3553.0,0.0,3543.0,0.0,19.0,0.0,3472.0,3544.0
0.0,2954.0,0.0,3554.0,0.0,3554.0,0.0,3544.0,0.0,19.0,0.0
3474.0,3545.0,0.0,2954.0,0.0,3555.0,0.0,3555.0,0.0,3545.0,0.0
19.0,0.0,3476.0,3546.0,0.0,2954.0,0.0,3556.0,0.0,3556.0,0.0
3546.0,0.0,19.0,0.0,3478.0,3547.0,0.0,2954.0,0.0,3557.0,0.0
3557.0,0.0,3547.0,0.0,19.0,0.0,3480.0,3548.0,0.0,2954.0,0.0
3558.0,0.0,3558.0,0.0,3548.0,0.0,19.0,0.0,3482.0,2955.0,0.0
2924.0,0.0,3559.0,0.0,3560.0,0.0,3561.0,0.0,3562.0,0.0,3563.0
0.0,3564.0,0.0,3565.0,0.0,3566.0,0.0,3567.0,0.0,3568.0,0.0
3559.0,0.0,2955.0,0.0,3569.0,0.0,3569.0,0.0,3559.0,0.0,19.0
0.0,3485.0,3560.0,0.0,2955.0,0.0,3570.0,0.0,3570.0,0.0,3560.0
0.0,19.0,0.0,3487.0,3561.0,0.0,2955.0,0.0,3571.0,0.0,3571.0
0.0,3561.0,0.0,19.0,0.0,3489.0,3562.0,0.0,2955.0,0.0,3572.0
0.0,3572.0,0.0,3562.0,0.0,19.0,0.0,3491.0,3563.0,0.0,2955.0
0.0,3573.0,0.0,3573.0,0.0,3563.0,0.0,19.0,0.0,3493.0,3564.0
0.0,2955.0,0.0,3574.0,0.0,3574.0,0.0,3564.0,0.0,19.0,0.0
3495.0,3565.0,0.0,2955.0,0.0,3575.0,0.0,3575.0,0.0,3565.0,0.0
19.0,0.0,3497.0,3566.0,0.0,2955.0,0.0,3576.0,0.0,3576.0,0.0
3566.0,0.0,19.0,0.0,3499.0,3567.0,0.0,2955.0,0.0,3577.0,0.0
3577.0,0.0,3567.0,0.0,19.0,0.0,3501.0,3568.0,0.0,2955.0,0.0
3578.0,0.0,3578.0,0.0,3568.0,0.0,19.0,0.0,3503.0,2956.0,0.0
2924.0,0.0,3579.0,0.0,3580.0,0.0,3581.0,0.0,3582.0,0.0,3583.0
0.0,3584.0,0.0,3585.0,0.0,3586.0,0.0,3587.0,0.0,3588.0,0.0
3579.0,0.0,2956.0,0.0,3589.0,0.0,3589.0,0.0,3579.0,0.0,19.0
0.0,3506.0,3580.0,0.0,2956.0,0.0,3590.0,0.0,3590.0,0.0,3580.0
0.0,19.0,0.0,3508.0,3581.0,0.0,2956.0,0.0,3591.0,0.0,3591.0
0.0,3581.0,0.0,19.0,0.0,3510.0,3582.0,0.0,2956.0,0.0,3592.0
0.0,3592.0,0.0,3582.0,0.0,19.0,0.0,3512.0,3583.0,0.0,2956.0
0.0,3593.0,0.0,3593.0,0.0,3583.0,0.0,19.0,0.0,3514.0,3584.0
0.0,2956.0,0.0,3594.0,0.0,3594.0,0.0,3584.0,0.0,19.0,0.0
3516.0,3585.0,0.0,2956.0,0.0,3595.0,0.0,3595.0,0.0,3585.0,0.0
19.0,0.0,3518.0,3586.0,0.0,2956.0,0.0,3596.0,0.0,3596.0,0.0
3586.0,0.0,19.0,0.0,3520.0,3587.0,0.0,2956.0,0.0,3597.0,0.0
3597.0,0.0,3587.0,0.0,19.0,0.0,3522.0,3588.0,0.0,2956.0,0.0
3598.0,0.0,3598.0,0.0,3588.0,0.0,19.0,0.0,3524.0,2957.0,0.0
2924.0,0.0,3599.0,0.0,3600.0,0.0,3601.0,0.0,3602.0,0.0,3603.0
0.0,3604.0,0.0,3605.0,0.0,3606.0,0.0,3607.0,0.0,3608.0,0.0
3599.0,0.0,2957.0,0.0,3609.0,0.0,3609.0,0.0,3599.0,0.0,19.0
0.0,3527.0,3600.0,0.0,2957.0,0.0,3610.0,0.0,3610.0,0.0,3600.0
0.0,19.0,0.0,3529.0,3601.0,0.0,2957.0,0.0,3611.0,0.0,3611.0
0.0,3601.0,0.0,19.0,0.0,3531.0,3602.0,0.0,2957.0,0.0,3612.0
0.0,3612.0,0.0,3602.0,0.0,19.0,0.0,3533.0,3603.0,0.0,2957.0
0.0,3613.0,0.0,3613.0,0.0,3603.0,0.0,19.0,0.0,3535.0,3604.0
0.0,2957.0,0.0,3614.0,0.0,3614.0,0.0,3604.0,0.0,19.0,0.0
3537.0,3605.0,0.0,2957.0,0.0,3615.0,0.0,3615.0,0.0,3605.0,0.0
19.0,0.0,3539.0,3606.0,0.0,2957.0,0.0,3616.0,0.0,3616.0,0.0
3606.0,0.0,19.0,0.0,3541.0,3607.0,0.0,2957.0,0.0,3617.0,0.0
3617.0,0.0,3607.0,0.0,19.0,0.0,3543.0,3608.0,0.0,2957.0,0.0
3618.0,0.0,3618.0,0.0,3608.0,0.0,19.0,0.0,3545.0,2958.0,0.0
2924.0,0.0,3619.0,0.0,3620.0,0.0,3621.0,0.0,3622.0,0.0,3623.0
0.0,3624.0,0.0,3625.0,0.0,3626.0,0.0,3627.0,0.0,3628.0,0.0
3619.0,0.0,2958.0,0.0,3629.0,0.0,3629.0,0.0,3619.0,0.0,19.0
0.0,3548.0,3620.0,0.0,2958.0,0.0,3630.0,0.0,3630.0,0.0,3620.0
0.0,19.0,0.0,3550.0,3621.0,0.0,2958.0,0.0,3631.0,0.0,3631.0
0.0,3621.0,0.0,19.0,0.0,3552.0,3622.0,0.0,2958.0,0.0,3632.0
0.0,3632.0,0.0,3622.0,0.0,19.0,0.0,3554.0,3623.0,0.0,2958.0
0.0,3633.0,0.0,3633.0,0.0,3623.0,0.0,19.0,0.0,3556.0,3624.0
0.0,2958.0,0.0,3634.0,0.0,3634.0,0.0,3624.0,0.0,19.0,0.0
3558.0,3625.0,0.0,2958.0,0.0,3635.0,0.0,3635.0,0.0,3625.0,0.0
19.0,0.0,3560.0,3626.0,0.0,2958.0,0.0,3636.0,0.0,3636.0,0.0
3626.0,0.0,19.0,0.0,3562.0,3627.0,0.0,2958.0,0.0,3637.0,0.0
3637.0,0.0,3627.0,0.0,19.0,0.0,3564.0,3628.0,0.0,2958.0,0.0
3638.0,0.0,3638.0,0.0,3628.0,0.0,19.0,0.0,3566.0,63.0,0.0
50.0,0.0,19.0,0.0,3567.0,64.0,0.0,50.0,0.0,3639.0,0.0
3639.0,0.0,64.0,0.0,3640.0,0.0,3641.0,0.0,3642.0,0.0,3643.0
0.0,3644.0,0.0,3645.0,0.0,3646.0,0.0,3647.0,0.0,3648.0,0.0
3649.0,0.0,3650.0,0.0,3651.0,0.0,3652.0,0.0,3653.0,0.0,3654.0
0.0,3655.0,0.0,3656.0,0.0,3657.0,0.0,3658.0,0.0,3659.0,0.0
3660.0,0.0,3661.0,0.0,3662.0,0.0,3663.0,0.0,3664.0,0.0,3665.0
0.0,3666.0,0.0,3667.0,0.0,3668.0,0.0,3669.0,0.0,3670.0,0.0
3671.0,0.0,3672.0,0.0,3673.0,0.0,3640.0,0.0,3639.0,0.0,3674.0
0.0,3675.0,0.0,3676.0,0.0,3677.0,0.0,3678.0,0.0,3679.0,0.0
3680.0,0.0,3681.0,0.0,3682.0,0.0,3683.0,0.0,3674.0,0.0,3640.0
0.0,3684.0,0.0,3684.0,0.0,3674.0,0.0,22.0,0.0,3572.0,3675.0
0.0,3640.0,0.0,3685.0,0.0,3685.0,0.0,3675.0,0.0,22.0,0.0
3574.0,3676.0,0.0,3640.0,0.0,3686.0,0.0,3686.0,0.0,3676.0,0.0
22.0,0.0,3576.0,3677.0,0.0,3640.0,0.0,3687.0,0.0,3687.0,0.0
3677.0,0.0,22.0,0.0,3578.0,3678.0,0.0,3640.0,0.0,3688.0,0.0
3688.0,0.0,3678.0,0.0,22.0,0.0,3580.0,3679.0,0.0,3640.0,0.0
3689.0,0.0,3689.0,0.0,3679.0,0.0,22.0,0.0,3582.0,3680.0,0.0
3640.0,0.0,3690.0,0.0,3690.0,0.0,3680.0,0.0,22.0,0.0,3584.0
3681.0,0.0,3640.0,0.0,3691.0,0.0,3691.0,0.0,3681.0,0.0,22.0
0.0,3586.0,3682.0,0.0,3640.0,0.0,3692.0,0.0,3692.0,0.0,3682.0
0.0,22.0,0.0,3588.0,3683.0,0.0,3640.0,0.0,3693.0,0.0,3693.0
0.0,3683.0,0.0,22.0,0.0,3590.0,3641.0,0.0,3639.0,0.0,3694.0
0.0,3695.0,0.0,3696.0,0.0,3697.0,0.0,3698.0,0.0,3699.0,0.0
3700.0,0.0,3701.0,0.0,3702.0,0.0,3703.0,0.0,3694.0,0.0,3641.0
0.0,3704.0,0.0,3704.0,0.0,3694.0,0.0,22.0,0.0,3593.0,3695.0
0.0,3641.0,0.0,3705.0,0.0,3705.0,0.0,3695.0,0.0,22.0,0.0
3595.0,3696.0,0.0,3641.0,0.0,3706.0,0.0,3706.0,0.0,3696.0,0.0
22.0,0.0,3597.0,3697.0,0.0,3641.0,0.0,3707.0,0.0,3707.0,0.0
3697.0,0.0,22.0,0.0,3599.0,3698.0,0.0,3641.0,0.0,3708.0,0.0
3708.0,0.0,3698.0,0.0,22.0,0.0,3601.0,3699.0,0.0,3641.0,0.0
3709.0,0.0,3709.0,0.0,3699.0,0.0,22.0,0.0,3603.0,3700.0,0.0
3641.0,0.0,3710.0,0.0,3710.0,0.0,3700.0,0.0,22.0,0.0,3605.0
3701.0,0.0,3641.0,0.0,3711.0,0.0,3711.0,0.0,3701.0,0.0,22.0
0.0,3607.0,3702.0,0.0,3641.0,0.0,3712.0,0.0,3712.0,0.0,3702.0
0.0,22.0,0.0,3609.0,3703.0,0.0,3641.0,0.0,3713.0,0.0,3713.0
0.0,3703.0,0.0,22.0,0.0,3611.0,3642.0,0.0,3639.0,0.0,3714.0
0.0,3715.0,0.0,3716.0,0.0,3717.0,0.0,3718.0,0.0,3719.0,0.0
3720.0,0.0,3721.0,0.0,3722.0,0.0,3723.0,0.0,3714.0,0.0,3642.0
0.0,3724.0,0.0,3724.0,0.0,3714.0,0.0,22.0,0.0,3614.0,3715.0
0.0,3642.0,0.0,3725.0,0.0,3725.0,0.0,3715.0,0.0,22.0,0.0
3616.0,3716.0,0.0,3642.0,0.0,3726.0,0.0,3726.0,0.0,3716.0,0.0
22.0,0.0,3618.0,3717.0,0.0,3642.0,0.0,3727.0,0.0,3727.0,0.0
3717.0,0.0,22.0,0.0,3620.0,3718.0,0.0,3642.0,0.0,3728.0,0.0
3728.0,0.0,3718.0,0.0,22.0,0.0,3622.0,3719.0,0.0,3642.0,0.0
3729.0,0.0,3729.0,0.0,3719.0,0.0,22.0,0.0,3624.0,3720.0,0.0
3642.0,0.0,3730.0,0.0,3730.0,0.0,3720.0,0.0,22.0,0.0,3626.0
3721.0,0.0,3642.0,0.0,3731.0,0.0,3731.0,0.0,3721.0,0.0,22.0
0.0,3628.0,3722.0,0.0,3642.0,0.0,3732.0,0.0,3732.0,0.0,3722.0
0.0,22.0,0.0,3630.0,3723.0,0.0,3642.0,0.0,3733.0,0.0,3733.0
0.0,3723.0,0.0,22.0,0.0,3632.0,3643.0,0.0,3639.0,0.0,3734.0
0.0,3735.0,0.0,3736.0,0.0,3737.0,0.0,3738.0,0.0,3739.0,0.0
3740.0,0.0,3741.0,0.0,3742.0,0.0,3743.0,0.0,3734.0,0.0,3643.0
0.0,3744.0,0.0,3744.0,0.0,3734.0,0.0,22.0,0.0,3635.0,3735.0
0.0,3643.0,0.0,3745.0,0.0,3745.0,0.0,3735.0,0.0,22.0,0.0
3637.0,3736.0,0.0,3643.0,0.0,3746.0,0.0,3746.0,0.0,3736.0,0.0
22.0,0.0,3639.0,3737.0,0.0,3643.0,0.0,3747.0,0.0,3747.0,0.0
3737.0,0.0,22.0,0.0,3641.0,3738.0,0.0,3643.0,0.0,3748.0,0.0
3748.0,0.0,3738.0,0.0,22.0,0.0,3643.0,3739.0,0.0,3643.0,0.0
3749.0,0.0,3749.0,0.0,3739.0,0.0,22.0,0.0,3645.0,3740.0,0.0
3643.0,0.0,3750.0,0.0,3750.0,0.0,3740.0,0.0,22.0,0.0,3647.0
3741.0,0.0,3643.0,0.0,3751.0,0.0,3751.0,0.0,3741.0,0.0,22.0
0.0,3649.0,3742.0,0.0,3643.0,0.0,3752.0,0.0,3752.0,0.0,3742.0
0.0,22.0,0.0,3651.0,3743.0,0.0,3643.0,0.0,3753.0,0.0,3753.0
0.0,3743.0,0.0,22.0,0.0,3653.0,3644.0,0.0,3639.0,0.0,3754.0
0.0,3755.0,0.0,3756.0,0.0,3757.0,0.0,3758.0,0.0,3759.0,0.0
3760.0,0.0,3761.0,0.0,3762.0,0.0,3763.0,0.0,3754.0,0.0,3644.0
0.0,3764.0,0.0,3764.0,0.0,3754.0,0.0,22.0,0.0,3656.0,3755.0
0.0,3644.0,0.0,3765.0,0.0,3765.0,0.0,3755.0,0.0,22.0,0.0
3658.0,3756.0,0.0,3644.0,0.0,3766.0,0.0,3766.0,0.0,3756.0,0.0
22.0,0.0,3660.0,3757.0,0.0,3644.0,0.0,3767.0,0.0,3767.0,0.0
3757.0,0.0,22.0,0.0,3662.0,3758.0,0.0,3644.0,0.0,3768.0,0.0
3768.0,0.0,3758.0,0.0,22.0,0.0,3664.0,3759.0,0.0,3644.0,0.0
3769.0,0.0,3769.0,0.0,3759.0,0.0,22.0,0.0,3666.0,3760.0,0.0
3644.0,0.0,3770.0,0.0,3770.0,0.0,3760.0,0.0,22.0,0.0,3668.0
3761.0,0.0,3644.0,0.0,3771.0,0.0,3771.0,0.0,3761.0,0.0,22.0
0.0,3670.0,3762.0,0.0,3644.0,0.0,3772.0,0.0,3772.0,0.0,3762.0
0.0,22.0,0.0,3672.0,3763.0,0.0,3644.0,0.0,3773.0,0.0,3773.0
0.0,3763.0,0.0,22.0,0.0,3674.0,3645.0,0.0,3639.0,0.0,3774.0
0.0,3775.0,0.0,3776.0,0.0,3777.0,0.0,3778.0,0.0,3779.0,0.0
3780.0,0.0,3781.0,0.0,3782.0,0.0,3783.0,0.0,3774.0,0.0,3645.0
0.0,3784.0,0.0,3784.0,0.0,3774.0,0.0,22.0,0.0,3677.0,3775.0
0.0,3645.0,0.0,3785.0,0.0,3785.0,0.0,3775.0,0.0,22.0,0.0
3679.0,3776.0,0.0,3645.0,0.0,3786.0,0.0,3786.0,0.0,3776.0,0.0
22.0,0.0,3681.0,3777.0,0.0,3645.0,0.0,3787.0,0.0,3787.0,0.0
3777.0,0.0,22.0,0.0,3683.0,3778.0,0.0,3645.0,0.0,3788.0,0.0
3788.0,0.0,3778.0,0.0,22.0,0.0,3685.0,3779.0,0.0,3645.0,0.0
3789.0,0.0,3789.0,0.0,3779.0,0.0,22.0,0.0,3687.0,3780.0,0.0
3645.0,0.0,3790.0,0.0,3790.0,0.0,3780.0,0.0,22.0,0.0,3689.0
3781.0,0.0,3645.0,0.0,3791.0,0.0,3791.0,0.0,3781.0,0.0,22.0
0.0,3691.0,3782.0,0.0,3645.0,0.0,3792.0,0.0,3792.0,0.0,3782.0
0.0,22.0,0.0,3693.0,3783.0,0.0,3645.0,0.0,3793.0,0.0,3793.0
0.0,3783.0,0.0,22.0,0.0,3695.0,3646.0,0.0,3639.0,0.0,3794.0
0.0,3795.0,0.0,3796.0,0.0,3797.0,0.0,3798.0,0.0,3799.0,0.0
3800.0,0.0,3801.0,0.0,3802.0,0.0,3803.0,0.0,3794.0,0.0,3646.0
0.0,3804.0,0.0,3804.0,0.0,3794.0,0.0,22.0,0.0,3698.0,3795.0
0.0,3646.0,0.0,3805.0,0.0,3805.0,0.0,3795.0,0.0,22.0,0.0
3700.0,3796.0,0.0,3646.0,0.0,3806.0,0.0,3806.0,0.0,3796.0,0.0
22.0,0.0,3702.0,3797.0,0.0,3646.0,0.0,3807.0,0.0,3807.0,0.0
3797.0,0.0,22.0,0.0,3704.0,3798.0,0.0,3646.0,0.0,3808.0,0.0
3808.0,0.0,3798.0,0.0,22.0,0.0,3706.0,3799.0,0.0,3646.0,0.0
3809.0,0.0,3809.0,0.0,3799.0,0.0,22.0,0.0,3708.0,3800.0,0.0
3646.0,0.0,3810.0,0.0,3810.0,0.0,3800.0,0.0,22.0,0.0,3710.0
3801.0,0.0,3646.0,0.0,3811.0,0.0,3811.0,0.0,3801.0,0.0,22.0
0.0,3712.0,3802.0,0.0,3646.0,0.0,3812.0,0.0,3812.0,0.0,3802.0
0.0,22.0,0.0,3714.0,3803.0,0.0,3646.0,0.0,3813.0,0.0,3813.0
0.0,3803.0,0.0,22.0,0.0,3716.0,3647.0,0.0,3639.0,0.0,3814.0
0.0,3815.0,0.0,3816.0,0.0,3817.0,0.0,3818.0,0.0,3819.0,0.0
3820.0,0.0,3821.0,0.0,3822.0,0.0,3823.0,0.0,3814.0,0.0,3647.0
0.0,3824.0,0.0,3824.0,0.0,3814.0,0.0,22.0,0.0,3719.0,3815.0
0.0,3647.0,0.0,3825.0,0.0,3825.0,0.0,3815.0,0.0,22.0,0.0
3721.0,3816.0,0.0,3647.0,0.0,3826.0,0.0,3826.0,0.0,3816.0,0.0
22.0,0.0,3723.0,3817.0,0.0,3647.0,0.0,3827.0,0.0,3827.0,0.0
3817.0,0.0,22.0,0.0,3725.0,3818.0,0.0,3647.0,0.0,3828.0,0.0
3828.0,0.0,3818.0,0.0,22.0,0.0,3727.0,3819.0,0.0,3647.0,0.0
3829.0,0.0,3829.0,0.0,3819.0,0.0,22.0,0.0,3729.0,3820.0,0.0
3647.0,0.0,3830.0,0.0,3830.0,0.0,3820.0,0.0,22.0,0.0,3731.0
3821.0,0.0,3647.0,0.0,3831.0,0.0,3831.0,0.0,3821.0,0.0,22.0
0.0,3733.0,3822.0,0.0,3647.0,0.0,3832.0,0.0,3832.0,0.0,3822.0
0.0,22.0,0.0,3735.0,3823.0,0.0,3647.0,0.0,3833.0,0.0,3833.0
0.0,3823.0,0.0,22.0,0.0,3737.0,3648.0,0.0,3639.0,0.0,3834.0
0.0,3835.0,0.0,3836.0,0.0,3837.0,0.0,3838.0,0.0,3839.0,0.0
3840.0,0.0,3841.0,0.0,3842.0,0.0,3843.0,0.0,3834.0,0.0,3648.0
0.0,3844.0,0.0,3844.0,0.0,3834.0,0.0,22.0,0.0,3740.0,3835.0
0.0,3648.0,0.0,3845.0,0.0,3845.0,0.0,3835.0,0.0,22.0,0.0
3742.0,3836.0,0.0,3648.0,0.0,3846.0,0.0,3846.0,0.0,3836.0,0.0
22.0,0.0,3744.0,3837.0,0.0,3648.0,0.0,3847.0,0.0,3847.0,0.0
3837.0,0.0,22.0,0.0,3746.0,3838.0,0.0,3648.0,0.0,3848.0,0.0
3848.0,0.0,3838.0,0.0,22.0,0.0,3748.0,3839.0,0.0,3648.0,0.0
3849.0,0.0,3849.0,0.0,3839.0,0.0,22.0,0.0,3750.0,3840.0,0.0
3648.0,0.0,3850.0,0.0,3850.0,0.0,3840.0,0.0,22.0,0.0,3752.0
3841.0,0.0,3648.0,0.0,3851.0,0.0,3851.0,0.0,3841.0,0.0,22.0
0.0,3754.0,3842.0,0.0,3648.0,0.0,3852.0,0.0,3852.0,0.0,3842.0
0.0,22.0,0.0,3756.0,3843.0,0.0,3648.0,0.0,3853.0,0.0,3853.0
0.0,3843.0,0.0,22.0,0.0,3758.0,3649.0,0.0,3639.0,0.0,3854.0
0.0,3855.0,0.0,3856.0,0.0,3857.0,0.0,3858.0,0.0,3859.0,0.0
3860.0,0.0,3861.0,0.0,3862.0,0.0,3863.0,0.0,3854.0,0.0,3649.0
0.0,3864.0,0.0,3864.0,0.0,3854.0,0.0,22.0,0.0,3761.0,3855.0
0.0,3649.0,0.0,3865.0,0.0,3865.0,0.0,3855.0,0.0,22.0,0.0
3763.0,3856.0,0.0,3649.0,0.0,3866.0,0.0,3866.0,0.0,3856.0,0.0
22.0,0.0,3765.0,3857.0,0.0,3649.0,0.0,3867.0,0.0,3867.0,0.0
3857.0,0.0,22.0,0.0,3767.0,3858.0,0.0,3649.0,0.0,3868.0,0.0
3868.0,0.0,3858.0,0.0,22.0,0.0,3769.0,3859.0,0.0,3649.0,0.0
3869.0,0.0,3869.0,0.0,3859.0,0.0,22.0,0.0,3771.0,3860.0,0.0
3649.0,0.0,3870.0,0.0,3870.0,0.0,3860.0,0.0,22.0,0.0,3773.0
3861.0,0.0,3649.0,0.0,3871.0,0.0,3871.0,0.0,3861.0,0.0,22.0
0.0,3775.0,3862.0,0.0,3649.0,0.0,3872.0,0.0,3872.0,0.0,3862.0
0.0,22.0,0.0,3777.0,3863.0,0.0,3649.0,0.0,3873.0,0.0,3873.0
0.0,3863.0,0.0,22.0,0.0,3779.0,3650.0,0.0,3639.0,0.0,3874.0
0.0,3875.0,0.0,3876.0,0.0,3877.0,0.0,3878.0,0.0,3879.0,0.0
3880.0,0.0,3881.0,0.0,3882.0,0.0,3883.0,0.0,3874.0,0.0,3650.0
0.0,3884.0,0.0,3884.0,0.0,3874.0,0.0,22.0,0.0,3782.0,3875.0
0.0,3650.0,0.0,3885.0,0.0,3885.0,0.0,3875.0,0.0,22.0,0.0
3784.0,3876.0,0.0,3650.0,0.0,3886.0,0.0,3886.0,0.0,3876.0,0.0
22.0,0.0,3786.0,3877.0,0.0,3650.0,0.0,3887.0,0.0,3887.0,0.0
3877.0,0.0,22.0,0.0,3788.0,3878.0,0.0,3650.0,0.0,3888.0,0.0
3888.0,0.0,3878.0,0.0,22.0,0.0,3790.0,3879.0,0.0,3650.0,0.0
3889.0,0.0,3889.0,0.0,3879.0,0.0,22.0,0.0,3792.0,3880.0,0.0
3650.0,0.0,3890.0,0.0,3890.0,0.0,3880.0,0.0,22.0,0.0,3794.0
3881.0,0.0,3650.0,0.0,3891.0,0.0,3891.0,0.0,3881.0,0.0,22.0
0.0,3796.0,3882.0,0.0,3650.0,0.0,3892.0,0.0,3892.0,0.0,3882.0
0.0,22.0,0.0,3798.0,3883.0,0.0,3650.0,0.0,3893.0,0.0,3893.0
0.0,3883.0,0.0,22.0,0.0,3800.0,3651.0,0.0,3639.0,0.0,3894.0
0.0,3895.0,0.0,3896.0,0.0,3897.0,0.0,3898.0,0.0,3899.0,0.0
3900.0,0.0,3901.0,0.0,3902.0,0.0,3903.0,0.0,3894.0,0.0,3651.0
0.0,3904.0,0.0,3904.0,0.0,3894.0,0.0,22.0,0.0,3803.0,3895.0
0.0,3651.0,0.0,3905.0,0.0,3905.0,0.0,3895.0,0.0,22.0,0.0
3805.0,3896.0,0.0,3651.0,0.0,3906.0,0.0,3906.0,0.0,3896.0,0.0
22.0,0.0,3807.0,3897.0,0.0,3651.0,0.0,3907.0,0.0,3907.0,0.0
3897.0,0.0,22.0,0.0,3809.0,3898.0,0.0,3651.0,0.0,3908.0,0.0
3908.0,0.0,3898.0,0.0,22.0,0.0,3811.0,3899.0,0.0,3651.0,0.0
3909.0,0.0,3909.0,0.0,3899.0,0.0,22.0,0.0,3813.0,3900.0,0.0
3651.0,0.0,3910.0,0.0,3910.0,0.0,3900.0,0.0,22.0,0.0,3815.0
3901.0,0.0,3651.0,0.0,3911.0,0.0,3911.0,0.0,3901.0,0.0,22.0
0.0,3817.0,3902.0,0.0,3651.0,0.0,3912.0,0.0,3912.0,0.0,3902.0
0.0,22.0,0.0,3819.0,3903.0,0.0,3651.0,0.0,3913.0,0.0,3913.0
0.0,3903.0,0.0,22.0,0.0,3821.0,3652.0,0.0,3639.0,0.0,3914.0
0.0,3915.0,0.0,3916.0,0.0,3917.0,0.0,3918.0,0.0,3919.0,0.0
3920.0,0.0,3921.0,0.0,3922.0,0.0,3923.0,0.0,3914.0,0.0,3652.0
0.0,3924.0,0.0,3924.0,0.0,3914.0,0.0,22.0,0.0,3824.0,3915.0
0.0,3652.0,0.0,3925.0,0.0,3925.0,0.0,3915.0,0.0,22.0,0.0
3826.0,3916.0,0.0,3652.0,0.0,3926.0,0.0,3926.0,0.0,3916.0,0.0
22.0,0.0,3828.0,3917.0,0.0,3652.0,0.0,3927.0,0.0,3927.0,0.0
3917.0,0.0,22.0,0.0,3830.0,3918.0,0.0,3652.0,0.0,3928.0,0.0
3928.0,0.0,3918.0,0.0,22.0,0.0,3832.0,3919.0,0.0,3652.0,0.0
3929.0,0.0,3929.0,0.0,3919.0,0.0,22.0,0.0,3834.0,3920.0,0.0
3652.0,0.0,3930.0,0.0,3930.0,0.0,3920.0,0.0,22.0,0.0,3836.0
3921.0,0.0,3652.0,0.0,3931.0,0.0,3931.0,0.0,3921.0,0.0,22.0
0.0,3838.0,3922.0,0.0,3652.0,0.0,3932.0,0.0,3932.0,0.0,3922.0
0.0,22.0,0.0,3840.0,3923.0,0.0,3652.0,0.0,3933.0,0.0,3933.0
0.0,3923.0,0.0,22.0,0.0,3842.0,3653.0,0.0,3639.0,0.0,3934.0
0.0,3935.0,0.0,3936.0,0.0,3937.0,0.0,3938.0,0.0,3939.0,0.0
3940.0,0.0,3941.0,0.0,3942.0,0.0,3943.0,0.0,3934.0,0.0,3653.0
0.0,3944.0,0.0,3944.0,0.0,3934.0,0.0,22.0,0.0,3845.0,3935.0
0.0,3653.0,0.0,3945.0,0.0,3945.0,0.0,3935.0,0.0,22.0,0.0
3847.0,3936.0,0.0,3653.0,0.0,3946.0,0.0,3946.0,0.0,3936.0,0.0
22.0,0.0,3849.0,3937.0,0.0,3653.0,0.0,3947.0,0.0,3947.0,0.0
3937.0,0.0,22.0,0.0,3851.0,3938.0,0.0,3653.0,0.0,3948.0,0.0
3948.0,0.0,3938.0,0.0,22.0,0.0,3853.0,3939.0,0.0,3653.0,0.0
3949.0,0.0,3949.0,0.0,3939.0,0.0,22.0,0.0,3855.0,3940.0,0.0
3653.0,0.0,3950.0,0.0,3950.0,0.0,3940.0,0.0,22.0,0.0,3857.0
3941.0,0.0,3653.0,0.0,3951.0,0.0,3951.0,0.0,3941.0,0.0,22.0
0.0,3859.0,3942.0,0.0,3653.0,0.0,3952.0,0.0,3952.0,0.0,3942.0
0.0,22.0,0.0,3861.0,3943.0,0.0,3653.0,0.0,3953.0,0.0,3953.0
0.0,3943.0,0.0,22.0,0.0,3863.0,3654.0,0.0,3639.0,0.0,3954.0
0.0,3955.0,0.0,3956.0,0.0,3957.0,0.0,3958.0,0.0,3959.0,0.0
3960.0,0.0,3961.0,0.0,3962.0,0.0,3963.0,0.0,3954.0,0.0,3654.0
0.0,3964.0,0.0,3964.0,0.0,3954.0,0.0,22.0,0.0,3866.0,3955.0
0.0,3654.0,0.0,3965.0,0.0,3965.0,0.0,3955.0,0.0,22.0,0.0
3868.0,3956.0,0.0,3654.0,0.0,3966.0,0.0,3966.0,0.0,3956.0,0.0
22.0,0.0,3870.0,3957.0,0.0,3654.0,0.0,3967.0,0.0,3967.0,0.0
3957.0,0.0,22.0,0.0,3872.0,3958.0,0.0,3654.0,0.0,3968.0,0.0
3968.0,0.0,3958.0,0.0,22.0,0.0,3874.0,3959.0,0.0,3654.0,0.0
3969.0,0.0,3969.0,0.0,3959.0,0.0,22.0,0.0,3876.0,3960.0,0.0
3654.0,0.0,3970.0,0.0,3970.0,0.0,3960.0,0.0,22.0,0.0,3878.0
3961.0,0.0,3654.0,0.0,3971.0,0.0,3971.0,0.0,3961.0,0.0,22.0
0.0,3880.0,3962.0,0.0,3654.0,0.0,3972.0,0.0,3972.0,0.0,3962.0
0.0,22.0,0.0,3882.0,3963.0,0.0,3654.0,0.0,3973.0,0.0,3973.0
0.0,3963.0,0.0,22.0,0.0,3884.0,3655.0,0.0,3639.0,0.0,3974.0
0.0,3975.0,0.0,3976.0,0.0,3977.0,0.0,3978.0,0.0,3979.0,0.0
3980.0,0.0,3981.0,0.0,3982.0,0.0,3983.0,0.0,3974.0,0.0,3655.0
0.0,3984.0,0.0,3984.0,0.0,3974.0,0.0,22.0,0.0,3887.0,3975.0
0.0,3655.0,0.0,3985.0,0.0,3985.0,0.0,3975.0,0.0,22.0,0.0
3889.0,3976.0,0.0,3655.0,0.0,3986.0,0.0,3986.0,0.0,3976.0,0.0
22.0,0.0,3891.0,3977.0,0.0,3655.0,0.0,3987.0,0.0,3987.0,0.0
3977.0,0.0,22.0,0.0,3893.0,3978.0,0.0,3655.0,0.0,3988.0,0.0
3988.0,0.0,3978.0,0.0,22.0,0.0,3895.0,3979.0,0.0,3655.0,0.0
3989.0,0.0,3989.0,0.0,3979.0,0.0,22.0,0.0,3897.0,3980.0,0.0
3655.0,0.0,3990.0,0.0,3990.0,0.0,3980.0,0.0,22.0,0.0,3899.0
3981.0,0.0,3655.0,0.0,3991.0,0.0,3991.0,0.0,3981.0,0.0,22.0
0.0,3901.0,3982.0,0.0,3655.0,0.0,3992.0,0.0,3992.0,0.0,3982.0
0.0,22.0,0.0,3903.0,3983.0,0.0,3655.0,0.0,3993.0,0.0,3993.0
0.0,3983.0,0.0,22.0,0.0,3905.0,3656.0,0.0,3639.0,0.0,3994.0
0.0,3995.0,0.0,3996.0,0.0,3997.0,0.0,3998.0,0.0,3999.0,0.0
4000.0,0.0,4001.0,0.0,4002.0,0.0,4003.0,0.0,3994.0,0.0,3656.0
0.0,4004.0,0.0,4004.0,0.0,3994.0,0.0,22.0,0.0,3908.0,3995.0
0.0,3656.0,0.0,4005.0,0.0,4005.0,0.0,3995.0,0.0,22.0,0.0
3910.0,3996.0,0.0,3656.0,0.0,4006.0,0.0,4006.0,0.0,3996.0,0.0
22.0,0.0,3912.0,3997.0,0.0,3656.0,0.0,4007.0,0.0,4007.0,0.0
3997.0,0.0,22.0,0.0,3914.0,3998.0,0.0,3656.0,0.0,4008.0,0.0
4008.0,0.0,3998.0,0.0,22.0,0.0,3916.0,3999.0,0.0,3656.0,0.0
4009.0,0.0,4009.0,0.0,3999.0,0.0,22.0,0.0,3918.0,4000.0,0.0
3656.0,0.0,4010.0,0.0,4010.0,0.0,4000.0,0.0,22.0,0.0,3920.0
4001.0,0.0,3656.0,0.0,4011.0,0.0,4011.0,0.0,4001.0,0.0,22.0
0.0,3922.0,4002.0,0.0,3656.0,0.0,4012.0,0.0,4012.0,0.0,4002.0
0.0,22.0,0.0,3924.0,4003.0,0.0,3656.0,0.0,4013.0,0.0,4013.0
0.0,4003.0,0.0,22.0,0.0,3926.0,3657.0,0.0,3639.0,0.0,4014.0
0.0,4015.0,0.0,4016.0,0.0,4017.0,0.0,4018.0,0.0,4019.0,0.0
4020.0,0.0,4021.0,0.0,4022.0,0.0,4023.0,0.0,4014.0,0.0,3657.0
0.0,4024.0,0.0,4024.0,0.0,4014.0,0.0,22.0,0.0,3929.0,4015.0
0.0,3657.0,0.0,4025.0,0.0,4025.0,0.0,4015.0,0.0,22.0,0.0
3931.0,4016.0,0.0,3657.0,0.0,4026.0,0.0,4026.0,0.0,4016.0,0.0
22.0,0.0,3933.0,4017.0,0.0,3657.0,0.0,4027.0,0.0,4027.0,0.0
4017.0,0.0,22.0,0.0,3935.0,4018.0,0.0,3657.0,0.0,4028.0,0.0
4028.0,0.0,4018.0,0.0,22.0,0.0,3937.0,4019.0,0.0,3657.0,0.0
4029.0,0.0,4029.0,0.0,4019.0,0.0,22.0,0.0,3939.0,4020.0,0.0
3657.0,0.0,4030.0,0.0,4030.0,0.0,4020.0,0.0,22.0,0.0,3941.0
4021.0,0.0,3657.0,0.0,4031.0,0.0,4031.0,0.0,4021.0,0.0,22.0
0.0,3943.0,4022.0,0.0,3657.0,0.0,4032.0,0.0,4032.0,0.0,4022.0
0.0,22.0,0.0,3945.0,4023.0,0.0,3657.0,0.0,4033.0,0.0,4033.0
0.0,4023.0,0.0,22.0,0.0,3947.0,3658.0,0.0,3639.0,0.0,4034.0
0.0,4035.0,0.0,4036.0,0.0,4037.0,0.0,4038.0,0.0,4039.0,0.0
4040.0,0.0,4041.0,0.0,4042.0,0.0,4043.0,0.0,4034.0,0.0,3658.0
0.0,4044.0,0.0,4044.0,0.0,4034.0,0.0,22.0,0.0,3950.0,4035.0
0.0,3658.0,0.0,4045.0,0.0,4045.0,0.0,4035.0,0.0,22.0,0.0
3952.0,4036.0,0.0,3658.0,0.0,4046.0,0.0,4046.0,0.0,4036.0,0.0
22.0,0.0,3954.0,4037.0,0.0,3658.0,0.0,4047.0,0.0,4047.0,0.0
4037.0,0.0,22.0,0.0,3956.0,4038.0,0.0,3658.0,0.0,4048.0,0.0
4048.0,0.0,4038.0,0.0,22.0,0.0,3958.0,4039.0,0.0,3658.0,0.0
4049.0,0.0,4049.0,0.0,4039.0,0.0,22.0,0.0,3960.0,4040.0,0.0
3658.0,0.0,4050.0,0.0,4050.0,0.0,4040.0,0.0,22.0,0.0,3962.0
4041.0,0.0,3658.0,0.0,4051.0,0.0,4051.0,0.0,4041.0,0.0,22.0
0.0,3964.0,4042.0,0.0,3658.0,0.0,4052.0,0.0,4052.0,0.0,4042.0
0.0,22.0,0.0,3966.0,4043.0,0.0,3658.0,0.0,4053.0,0.0,4053.0
0.0,4043.0,0.0,22.0,0.0,3968.0,3659.0,0.0,3639.0,0.0,4054.0
0.0,4055.0,0.0,4056.0,0.0,4057.0,0.0,4058.0,0.0,4059.0,0.0
4060.0,0.0,4061.0,0.0,4062.0,0.0,4063.0,0.0,4054.0,0.0,3659.0
0.0,4064.0,0.0,4064.0,0.0,4054.0,0.0,22.0,0.0,3971.0,4055.0
0.0,3659.0,0.0,4065.0,0.0,4065.0,0.0,4055.0,0.0,22.0,0.0
3973.0,4056.0,0.0,3659.0,0.0,4066.0,0.0,4066.0,0.0,4056.0,0.0
22.0,0.0,3975.0,4057.0,0.0,3659.0,0.0,4067.0,0.0,4067.0,0.0
4057.0,0.0,22.0,0.0,3977.0,4058.0,0.0,3659.0,0.0,4068.0,0.0
4068.0,0.0,4058.0,0.0,22.0,0.0,3979.0,4059.0,0.0,3659.0,0.0
4069.0,0.0,4069.0,0.0,4059.0,0.0,22.0,0.0,3981.0,4060.0,0.0
3659.0,0.0,4070.0,0.0,4070.0,0.0,4060.0,0.0,22.0,0.0,3983.0
4061.0,0.0,3659.0,0.0,4071.0,0.0,4071.0,0.0,4061.0,0.0,22.0
0.0,3985.0,4062.0,0.0,3659.0,0.0,4072.0,0.0,4072.0,0.0,4062.0
0.0,22.0,0.0,3987.0,4063.0,0.0,3659.0,0.0,4073.0,0.0,4073.0
0.0,4063.0,0.0,22.0,0.0,3989.0,3660.0,0.0,3639.0,0.0,4074.0
0.0,4075.0,0.0,4076.0,0.0,4077.0,0.0,4078.0,0.0,4079.0,0.0
4080.0,0.0,4081.0,0.0,4082.0,0.0,4083.0,0.0,4074.0,0.0,3660.0
0.0,4084.0,0.0,4084.0,0.0,4074.0,0.0,22.0,0.0,3992.0,4075.0
0.0,3660.0,0.0,4085.0,0.0,4085.0,0.0,4075.0,0.0,22.0,0.0
3994.0,4076.0,0.0,3660.0,0.0,4086.0,0.0,4086.0,0.0,4076.0,0.0
22.0,0.0,3996.0,4077.0,0.0,3660.0,0.0,4087.0,0.0,4087.0,0.0
4077.0,0.0,22.0,0.0,3998.0,4078.0,0.0,3660.0,0.0,4088.0,0.0
4088.0,0.0,4078.0,0.0,22.0,0.0,4000.0,4079.0,0.0,3660.0,0.0
4089.0,0.0,4089.0,0.0,4079.0,0.0,22.0,0.0,4002.0,4080.0,0.0
3660.0,0.0,4090.0,0.0,4090.0,0.0,4080.0,0.0,22.0,0.0,4004.0
4081.0,0.0,3660.0,0.0,4091.0,0.0,4091.0,0.0,4081.0,0.0,22.0
0.0,4006.0,4082.0,0.0,3660.0,0.0,4092.0,0.0,4092.0,0.0,4082.0
0.0,22.0,0.0,4008.0,4083.0,0.0,3660.0,0.0,4093.0,0.0,4093.0
0.0,4083.0,0.0,22.0,0.0,4010.0,3661.0,0.0,3639.0,0.0,4094.0
0.0,4095.0,0.0,4096.0,0.0,4097.0,0.0,4098.0,0.0,4099.0,0.0
4100.0,0.0,4101.0,0.0,4102.0,0.0,4103.0,0.0,4094.0,0.0,3661.0
0.0,4104.0,0.0,4104.0,0.0,4094.0,0.0,22.0,0.0,4013.0,4095.0
0.0,3661.0,0.0,4105.0,0.0,4105.0,0.0,4095.0,0.0,22.0,0.0
4015.0,4096.0,0.0,3661.0,0.0,4106.0,0.0,4106.0,0.0,4096.0,0.0
22.0,0.0,4017.0,4097.0,0.0,3661.0,0.0,4107.0,0.0,4107.0,0.0
4097.0,0.0,22.0,0.0,4019.0,4098.0,0.0,3661.0,0.0,4108.0,0.0
4108.0,0.0,4098.0,0.0,22.0,0.0,4021.0,4099.0,0.0,3661.0,0.0
4109.0,0.0,4109.0,0.0,4099.0,0.0,22.0,0.0,4023.0,4100.0,0.0
3661.0,0.0,4110.0,0.0,4110.0,0.0,4100.0,0.0,22.0,0.0,4025.0
4101.0,0.0,3661.0,0.0,4111.0,0.0,4111.0,0.0,4101.0,0.0,22.0
0.0,4027.0,4102.0,0.0,3661.0,0.0,4112.0,0.0,4112.0,0.0,4102.0
0.0,22.0,0.0,4029.0,4103.0,0.0,3661.0,0.0,4113.0,0.0,4113.0
0.0,4103.0,0.0,22.0,0.0,4031.0,3662.0,0.0,3639.0,0.0,4114.0
0.0,4115.0,0.0,4116.0,0.0,4117.0,0.0,4118.0,0.0,4119.0,0.0
4120.0,0.0,4121.0,0.0,4122.0,0.0,4123.0,0.0,4114.0,0.0,3662.0
0.0,4124.0,0.0,4124.0,0.0,4114.0,0.0,22.0,0.0,4034.0,4115.0
0.0,3662.0,0.0,4125.0,0.0,4125.0,0.0,4115.0,0.0,22.0,0.0
4036.0,4116.0,0.0,3662.0,0.0,4126.0,0.0,4126.0,0.0,4116.0,0.0
22.0,0.0,4038.0,4117.0,0.0,3662.0,0.0,4127.0,0.0,4127.0,0.0
4117.0,0.0,22.0,0.0,4040.0,4118.0,0.0,3662.0,0.0,4128.0,0.0
4128.0,0.0,4118.0,0.0,22.0,0.0,4042.0,4119.0,0.0,3662.0,0.0
4129.0,0.0,4129.0,0.0,4119.0,0.0,22.0,0.0,4044.0,4120.0,0.0
3662.0,0.0,4130.0,0.0,4130.0,0.0,4120.0,0.0,22.0,0.0,4046.0
4121.0,0.0,3662.0,0.0,4131.0,0.0,4131.0,0.0,4121.0,0.0,22.0
0.0,4048.0,4122.0,0.0,3662.0,0.0,4132.0,0.0,4132.0,0.0,4122.0
0.0,22.0,0.0,4050.0,4123.0,0.0,3662.0,0.0,4133.0,0.0,4133.0
0.0,4123.0,0.0,22.0,0.0,4052.0,3663.0,0.0,3639.0,0.0,4134.0
0.0,4135.0,0.0,4136.0,0.0,4137.0,0.0,4138.0,0.0,4139.0,0.0
4140.0,0.0,4141.0,0.0,4142.0,0.0,4143.0,0.0,4134.0,0.0,3663.0
0.0,4144.0,0.0,4144.0,0.0,4134.0,0.0,22.0,0.0,4055.0,4135.0
0.0,3663.0,0.0,4145.0,0.0,4145.0,0.0,4135.0,0.0,22.0,0.0
4057.0,4136.0,0.0,3663.0,0.0,4146.0,0.0,4146.0,0.0,4136.0,0.0
22.0,0.0,4059.0,4137.0,0.0,3663.0,0.0,4147.0,0.0,4147.0,0.0
4137.0,0.0,22.0,0.0,4061.0,4138.0,0.0,3663.0,0.0,4148.0,0.0
4148.0,0.0,4138.0,0.0,22.0,0.0,4063.0,4139.0,0.0,3663.0,0.0
4149.0,0.0,4149.0,0.0,4139.0,0.0,22.0,0.0,4065.0,4140.0,0.0
3663.0,0.0,4150.0,0.0,4150.0,0.0,4140.0,0.0,22.0,0.0,4067.0
4141.0,0.0,3663.0,0.0,4151.0,0.0,4151.0,0.0,4141.0,0.0,22.0
0.0,4069.0,4142.0,0.0,3663.0,0.0,4152.0,0.0,4152.0,0.0,4142.0
0.0,22.0,0.0,4071.0,4143.0,0.0,3663.0,0.0,4153.0,0.0,4153.0
0.0,4143.0,0.0,22.0,0.0,4073.0,3664.0,0.0,3639.0,0.0,4154.0
0.0,4155.0,0.0,4156.0,0.0,4157.0,0.0,4158.0,0.0,4159.0,0.0
4160.0,0.0,4161.0,0.0,4162.0,0.0,4163.0,0.0,4154.0,0.0,3664.0
0.0,4164.0,0.0,4164.0,0.0,4154.0,0.0,22.0,0.0,4076.0,4155.0
0.0,3664.0,0.0,4165.0,0.0,4165.0,0.0,4155.0,0.0,22.0,0.0
4078.0,4156.0,0.0,3664.0,0.0,4166.0,0.0,4166.0,0.0,4156.0,0.0
22.0,0.0,4080.0,4157.0,0.0,3664.0,0.0,4167.0,0.0,4167.0,0.0
4157.0,0.0,22.0,0.0,4082.0,4158.0,0.0,3664.0,0.0,4168.0,0.0
4168.0,0.0,4158.0,0.0,22.0,0.0,4084.0,4159.0,0.0,3664.0,0.0
4169.0,0.0,4169.0,0.0,4159.0,0.0,22.0,0.0,4086.0,4160.0,0.0
3664.0,0.0,4170.0,0.0,4170.0,0.0,4160.0,0.0,22.0,0.0,4088.0
4161.0,0.0,3664.0,0.0,4171.0,0.0,4171.0,0.0,4161.0,0.0,22.0
0.0,4090.0,4162.0,0.0,3664.0,0.0,4172.0,0.0,4172.0,0.0,4162.0
0.0,22.0,0.0,4092.0,4163.0,0.0,3664.0,0.0,4173.0,0.0,4173.0
0.0,4163.0,0.0,22.0,0.0,4094.0,3665.0,0.0,3639.0,0.0,4174.0
0.0,4175.0,0.0,4176.0,0.0,4177.0,0.0,4178.0,0.0,4179.0,0.0
4180.0,0.0,4181.0,0.0,4182.0,0.0,4183.0,0.0,4174.0,0.0,3665.0
0.0,4184.0,0.0,4184.0,0.0,4174.0,0.0,22.0,0.0,4097.0,4175.0
0.0,3665.0,0.0,4185.0,0.0,4185.0,0.0,4175.0,0.0,22.0,0.0
4099.0,4176.0,0.0,3665.0,0.0,4186.0,0.0,4186.0,0.0,4176.0,0.0
22.0,0.0,4101.0,4177.0,0.0,3665.0,0.0,4187.0,0.0,4187.0,0.0
4177.0,0.0,22.0,0.0,4103.0,4178.0,0.0,3665.0,0.0,4188.0,0.0
4188.0,0.0,4178.0,0.0,22.0,0.0,4105.0,4179.0,0.0,3665.0,0.0
4189.0,0.0,4189.0,0.0,4179.0,0.0,22.0,0.0,4107.0,4180.0,0.0
3665.0,0.0,4190.0,0.0,4190.0,0.0,4180.0,0.0,22.0,0.0,4109.0
4181.0,0.0,3665.0,0.0,4191.0,0.0,4191.0,0.0,4181.0,0.0,22.0
0.0,4111.0,4182.0,0.0,3665.0,0.0,4192.0,0.0,4192.0,0.0,4182.0
0.0,22.0,0.0,4113.0,4183.0,0.0,3665.0,0.0,4193.0,0.0,4193.0
0.0,4183.0,0.0,22.0,0.0,4115.0,3666.0,0.0,3639.0,0.0,4194.0
0.0,4195.0,0.0,4196.0,0.0,4197.0,0.0,4198.0,0.0,4199.0,0.0
4200.0,0.0,4201.0,0.0,4202.0,0.0,4203.0,0.0,4194.0,0.0,3666.0
0.0,4204.0,0.0,4204.0,0.0,4194.0,0.0,22.0,0.0,4118.0,4195.0
0.0,3666.0,0.0,4205.0,0.0,4205.0,0.0,4195.0,0.0,22.0,0.0
4120.0,4196.0,0.0,3666.0,0.0,4206.0,0.0,4206.0,0.0,4196.0,0.0
22.0,0.0,4122.0,4197.0,0.0,3666.0,0.0,4207.0,0.0,4207.0,0.0
4197.0,0.0,22.0,0.0,4124.0,4198.0,0.0,3666.0,0.0,4208.0,0.0
4208.0,0.0,4198.0,0.0,22.0,0.0,4126.0,4199.0,0.0,3666.0,0.0
4209.0,0.0,4209.0,0.0,4199.0,0.0,22.0,0.0,4128.0,4200.0,0.0
3666.0,0.0,4210.0,0.0,4210.0,0.0,4200.0,0.0,22.0,0.0,4130.0
4201.0,0.0,3666.0,0.0,4211.0,0.0,4211.0,0.0,4201.0,0.0,22.0
0.0,4132.0,4202.0,0.0,3666.0,0.0,4212.0,0.0,4212.0,0.0,4202.0
0.0,22.0,0.0,4134.0,4203.0,0.0,3666.0,0.0,4213.0,0.0,4213.0
0.0,4203.0,0.0,22.0,0.0,4136.0,3667.0,0.0,3639.0,0.0,4214.0
0.0,4215.0,0.0,4216.0,0.0,4217.0,0.0,4218.0,0.0,4219.0,0.0
4220.0,0.0,4221.0,0.0,4222.0,0.0,4223.0,0.0,4214.0,0.0,3667.0
0.0,4224.0,0.0,4224.0,0.0,4214.0,0.0,22.0,0.0,4139.0,4215.0
0.0,3667.0,0.0,4225.0,0.0,4225.0,0.0,4215.0,0.0,22.0,0.0
4141.0,4216.0,0.0,3667.0,0.0,4226.0,0.0,4226.0,0.0,4216.0,0.0
22.0,0.0,4143.0,4217.0,0.0,3667.0,0.0,4227.0,0.0,4227.0,0.0
4217.0,0.0,22.0,0.0,4145.0,4218.0,0.0,3667.0,0.0,4228.0,0.0
4228.0,0.0,4218.0,0.0,22.0,0.0,4147.0,4219.0,0.0,3667.0,0.0
4229.0,0.0,4229.0,0.0,4219.0,0.0,22.0,0.0,4149.0,4220.0,0.0
3667.0,0.0,4230.0,0.0,4230.0,0.0,4220.0,0.0,22.0,0.0,4151.0
4221.0,0.0,3667.0,0.0,4231.0,0.0,4231.0,0.0,4221.0,0.0,22.0
0.0,4153.0,4222.0,0.0,3667.0,0.0,4232.0,0.0,4232.0,0.0,4222.0
0.0,22.0,0.0,4155.0,4223.0,0.0,3667.0,0.0,4233.0,0.0,4233.0
0.0,4223.0,0.0,22.0,0.0,4157.0,3668.0,0.0,3639.0,0.0,4234.0
0.0,4235.0,0.0,4236.0,0.0,4237.0,0.0,4238.0,0.0,4239.0,0.0
4240.0,0.0,4241.0,0.0,4242.0,0.0,4243.0,0.0,4234.0,0.0,3668.0
0.0,4244.0,0.0,4244.0,0.0,4234.0,0.0,22.0,0.0,4160.0,4235.0
0.0,3668.0,0.0,4245.0,0.0,4245.0,0.0,4235.0,0.0,22.0,0.0
4162.0,4236.0,0.0,3668.0,0.0,4246.0,0.0,4246.0,0.0,4236.0,0.0
22.0,0.0,4164.0,4237.0,0.0,3668.0,0.0,4247.0,0.0,4247.0,0.0
4237.0,0.0,22.0,0.0,4166.0,4238.0,0.0,3668.0,0.0,4248.0,0.0
4248.0,0.0,4238.0,0.0,22.0,0.0,4168.0,4239.0,0.0,3668.0,0.0
4249.0,0.0,4249.0,0.0,4239.0,0.0,22.0,0.0,4170.0,4240.0,0.0
3668.0,0.0,4250.0,0.0,4250.0,0.0,4240.0,0.0,22.0,0.0,4172.0
4241.0,0.0,3668.0,0.0,4251.0,0.0,4251.0,0.0,4241.0,0.0,22.0
0.0,4174.0,4242.0,0.0,3668.0,0.0,4252.0,0.0,4252.0,0.0,4242.0
0.0,22.0,0.0,4176.0,4243.0,0.0,3668.0,0.0,4253.0,0.0,4253.0
0.0,4243.0,0.0,22.0,0.0,4178.0,3669.0,0.0,3639.0,0.0,4254.0
0.0,4255.0,0.0,4256.0,0.0,4257.0,0.0,4258.0,0.0,4259.0,0.0
4260.0,0.0,4261.0,0.0,4262.0,0.0,4263.0,0.0,4254.0,0.0,3669.0
0.0,4264.0,0.0,4264.0,0.0,4254.0,0.0,22.0,0.0,4181.0,4255.0
0.0,3669.0,0.0,4265.0,0.0,4265.0,0.0,4255.0,0.0,22.0,0.0
4183.0,4256.0,0.0,3669.0,0.0,4266.0,0.0,4266.0,0.0,4256.0,0.0
22.0,0.0,4185.0,4257.0,0.0,3669.0,0.0,4267.0,0.0,4267.0,0.0
4257.0,0.0,22.0,0.0,4187.0,4258.0,0.0,3669.0,0.0,4268.0,0.0
4268.0,0.0,4258.0,0.0,22.0,0.0,4189.0,4259.0,0.0,3669.0,0.0
4269.0,0.0,4269.0,0.0,4259.0,0.0,22.0,0.0,4191.0,4260.0,0.0
3669.0,0.0,4270.0,0.0,4270.0,0.0,4260.0,0.0,22.0,0.0,4193.0
4261.0,0.0,3669.0,0.0,4271.0,0.0,4271.0,0.0,4261.0,0.0,22.0
0.0,4195.0,4262.0,0.0,3669.0,0.0,4272.0,0.0,4272.0,0.0,4262.0
0.0,22.0,0.0,4197.0,4263.0,0.0,3669.0,0.0,4273.0,0.0,4273.0
0.0,4263.0,0.0,22.0,0.0,4199.0,3670.0,0.0,3639.0,0.0,4274.0
0.0,4275.0,0.0,4276.0,0.0,4277.0,0.0,4278.0,0.0,4279.0,0.0
4280.0,0.0,4281.0,0.0,4282.0,0.0,4283.0,0.0,4274.0,0.0,3670.0
0.0,4284.0,0.0,4284.0,0.0,4274.0,0.0,22.0,0.0,4202.0,4275.0
0.0,3670.0,0.0,4285.0,0.0,4285.0,0.0,4275.0,0.0,22.0,0.0
4204.0,4276.0,0.0,3670.0,0.0,4286.0,0.0,4286.0,0.0,4276.0,0.0
22.0,0.0,4206.0,4277.0,0.0,3670.0,0.0,4287.0,0.0,4287.0,0.0
4277.0,0.0,22.0,0.0,4208.0,4278.0,0.0,3670.0,0.0,4288.0,0.0
4288.0,0.0,4278.0,0.0,22.0,0.0,4210.0,4279.0,0.0,3670.0,0.0
4289.0,0.0,4289.0,0.0,4279.0,0.0,22.0,0.0,4212.0,4280.0,0.0
3670.0,0.0,4290.0,0.0,4290.0,0.0,4280.0,0.0,22.0,0.0,4214.0
4281.0,0.0,3670.0,0.0,4291.0,0.0,4291.0,0.0,4281.0,0.0,22.0
0.0,4216.0,4282.0,0.0,3670.0,0.0,4292.0,0.0,4292.0,0.0,4282.0
0.0,22.0,0.0,4218.0,4283.0,0.0,3670.0,0.0,4293.0,0.0,4293.0
0.0,4283.0,0.0,22.0,0.0,4220.0,3671.0,0.0,3639.0,0.0,4294.0
0.0,4295.0,0.0,4296.0,0.0,4297.0,0.0,4298.0,0.0,4299.0,0.0
4300.0,0.0,4301.0,0.0,4302.0,0.0,4303.0,0.0,4294.0,0.0,3671.0
0.0,4304.0,0.0,4304.0,0.0,4294.0,0.0,22.0,0.0,4223.0,4295.0
0.0,3671.0,0.0,4305.0,0.0,4305.0,0.0,4295.0,0.0,22.0,0.0
4225.0,4296.0,0.0,3671.0,0.0,4306.0,0.0,4306.0,0.0,4296.0,0.0
22.0,0.0,4227.0,4297.0,0.0,3671.0,0.0,4307.0,0.0,4307.0,0.0
4297.0,0.0,22.0,0.0,4229.0,4298.0,0.0,3671.0,0.0,4308.0,0.0
4308.0,0.0,4298.0,0.0,22.0,0.0,4231.0,4299.0,0.0,3671.0,0.0
4309.0,0.0,4309.0,0.0,4299.0,0.0,22.0,0.0,4233.0,4300.0,0.0
3671.0,0.0,4310.0,0.0,4310.0,0.0,4300.0,0.0,22.0,0.0,4235.0
4301.0,0.0,3671.0,0.0,4311.0,0.0,4311.0,0.0,4301.0,0.0,22.0
0.0,4237.0,4302.0,0.0,3671.0,0.0,4312.0,0.0,4312.0,0.0,4302.0
0.0,22.0,0.0,4239.0,4303.0,0.0,3671.0,0.0,4313.0,0.0,4313.0
0.0,4303.0,0.0,22.0,0.0,4241.0,3672.0,0.0,3639.0,0.0,4314.0
0.0,4315.0,0.0,4316.0,0.0,4317.0,0.0,4318.0,0.0,4319.0,0.0
4320.0,0.0,4321.0,0.0,4322.0,0.0,4323.0,0.0,4314.0,0.0,3672.0
0.0,4324.0,0.0,4324.0,0.0,4314.0,0.0,22.0,0.0,4244.0,4315.0
0.0,3672.0,0.0,4325.0,0.0,4325.0,0.0,4315.0,0.0,22.0,0.0
4246.0,4316.0,0.0,3672.0,0.0,4326.0,0.0,4326.0,0.0,4316.0,0.0
22.0,0.0,4248.0,4317.0,0.0,3672.0,0.0,4327.0,0.0,4327.0,0.0
4317.0,0.0,22.0,0.0,4250.0,4318.0,0.0,3672.0,0.0,4328.0,0.0
4328.0,0.0,4318.0,0.0,22.0,0.0,4252.0,4319.0,0.0,3672.0,0.0
4329.0,0.0,4329.0,0.0,4319.0,0.0,22.0,0.0,4254.0,4320.0,0.0
3672.0,0.0,4330.0,0.0,4330.0,0.0,4320.0,0.0,22.0,0.0,4256.0
4321.0,0.0,3672.0,0.0,4331.0,0.0,4331.0,0.0,4321.0,0.0,22.0
0.0,4258.0,4322.0,0.0,3672.0,0.0,4332.0,0.0,4332.0,0.0,4322.0
0.0,22.0,0.0,4260.0,4323.0,0.0,3672.0,0.0,4333.0,0.0,4333.0
0.0,4323.0,0.0,22.0,0.0,4262.0,3673.0,0.0,3639.0,0.0,4334.0
0.0,4335.0,0.0,4336.0,0.0,4337.0,0.0,4338.0,0.0,4339.0,0.0
4340.0,0.0,4341.0,0.0,4342.0,0.0,4343.0,0.0,4334.0,0.0,3673.0
0.0,4344.0,0.0,4344.0,0.0,4334.0,0.0,22.0,0.0,4265.0,4335.0
0.0,3673.0,0.0,4345.0,0.0,4345.0,0.0,4335.0,0.0,22.0,0.0
4267.0,4336.0,0.0,3673.0,0.0,4346.0,0.0,4346.0,0.0,4336.0,0.0
22.0,0.0,4269.0,4337.0,0.0,3673.0,0.0,4347.0,0.0,4347.0,0.0
4337.0,0.0,22.0,0.0,4271.0,4338.0,0.0,3673.0,0.0,4348.0,0.0
4348.0,0.0,4338.0,0.0,22.0,0.0,4273.0,4339.0,0.0,3673.0,0.0
4349.0,0.0,4349.0,0.0,4339.0,0.0,22.0,0.0,4275.0,4340.0,0.0
3673.0,0.0,4350.0,0.0,4350.0,0.0,4340.0,0.0,22.0,0.0,4277.0
4341.0,0.0,3673.0,0.0,4351.0,0.0,4351.0,0.0,4341.0,0.0,22.0
0.0,4279.0,4342.0,0.0,3673.0,0.0,4352.0,0.0,4352.0,0.0,4342.0
0.0,22.0,0.0,4281.0,4343.0,0.0,3673.0,0.0,4353.0,0.0,4353.0
0.0,4343.0,0.0,22.0,0.0,4283.0,65.0,0.0,50.0,0.0,22.0
0.0,4284.0,66.0,0.0,50.0,0.0,4354.0,0.0,4354.0,0.0,66.0
0.0,4355.0,0.0,4356.0,0.0,4357.0,0.0,4358.0,0.0,4359.0,0.0
4360.0,0.0,4361.0,0.0,4362.0,0.0,4363.0,0.0,4364.0,0.0,4365.0
0.0,4366.0,0.0,4367.0,0.0,4368.0,0.0,4369.0,0.0,4370.0,0.0
4371.0,0.0,4372.0,0.0,4373.0,0.0,4374.0,0.0,4375.0,0.0,4376.0
0.0,4377.0,0.0,4378.0,0.0,4379.0,0.0,4380.0,0.0,4381.0,0.0
4382.0,0.0,4383.0,0.0,4384.0,0.0,4385.0,0.0,4386.0,0.0,4387.0
0.0,4388.0,0.0,4355.0,0.0,4354.0,0.0,4389.0,0.0,4390.0,0.0
4391.0,0.0,4392.0,0.0,4393.0,0.0,4394.0,0.0,4395.0,0.0,4396.0
0.0,4397.0,0.0,4398.0,0.0,4389.0,0.0,4355.0,0.0,4399.0,0.0
4399.0,0.0,4389.0,0.0,25.0,0.0,4289.0,4390.0,0.0,4355.0,0.0
4400.0,0.0,4400.0,0.0,4390.0,0.0,25.0,0.0,4291.0,4391.0,0.0
4355.0,0.0,4401.0,0.0,4401.0,0.0,4391.0,0.0,25.0,0.0,4293.0
4392.0,0.0,4355.0,0.0,4402.0,0.0,4402.0,0.0,4392.0,0.0,25.0
0.0,4295.0,4393.0,0.0,4355.0,0.0,4403.0,0.0,4403.0,0.0,4393.0
0.0,25.0,0.0,4297.0,4394.0,0.0,4355.0,0.0,4404.0,0.0,4404.0
0.0,4394.0,0.0,25.0,0.0,4299.0,4395.0,0.0,4355.0,0.0,4405.0
0.0,4405.0,0.0,4395.0,0.0,25.0,0.0,4301.0,4396.0,0.0,4355.0
0.0,4406.0,0.0,4406.0,0.0,4396.0,0.0,25.0,0.0,4303.0,4397.0
0.0,4355.0,0.0,4407.0,0.0,4407.0,0.0,4397.0,0.0,25.0,0.0
4305.0,4398.0,0.0,4355.0,0.0,4408.0,0.0,4408.0,0.0,4398.0,0.0
25.0,0.0,4307.0,4356.0,0.0,4354.0,0.0,4409.0,0.0,4410.0,0.0
4411.0,0.0,4412.0,0.0,4413.0,0.0,4414.0,0.0,4415.0,0.0,4416.0
0.0,4417.0,0.0,4418.0,0.0,4409.0,0.0,4356.0,0.0,4419.0,0.0
4419.0,0.0,4409.0,0.0,25.0,0.0,4310.0,4410.0,0.0,4356.0,0.0
4420.0,0.0,4420.0,0.0,4410.0,0.0,25.0,0.0,4312.0,4411.0,0.0
4356.0,0.0,4421.0,0.0,4421.0,0.0,4411.0,0.0,25.0,0.0,4314.0
4412.0,0.0,4356.0,0.0,4422.0,0.0,4422.0,0.0,4412.0,0.0,25.0
0.0,4316.0,4413.0,0.0,4356.0,0.0,4423.0,0.0,4423.0,0.0,4413.0
0.0,25.0,0.0,4318.0,4414.0,0.0,4356.0,0.0,4424.0,0.0,4424.0
0.0,4414.0,0.0,25.0,0.0,4320.0,4415.0,0.0,4356.0,0.0,4425.0
0.0,4425.0,0.0,4415.0,0.0,25.0,0.0,4322.0,4416.0,0.0,4356.0
0.0,4426.0,0.0,4426.0,0.0,4416.0,0.0,25.0,0.0,4324.0,4417.0
0.0,4356.0,0.0,4427.0,0.0,4427.0,0.0,4417.0,0.0,25.0,0.0
4326.0,4418.0,0.0,4356.0,0.0,4428.0,0.0,4428.0,0.0,4418.0,0.0
25.0,0.0,4328.0,4357.0,0.0,4354.0,0.0,4429.0,0.0,4430.0,0.0
4431.0,0.0,4432.0,0.0,4433.0,0.0,4434.0,0.0,4435.0,0.0,4436.0
0.0,4437.0,0.0,4438.0,0.0,4429.0,0.0,4357.0,0.0,4439.0,0.0
4439.0,0.0,4429.0,0.0,25.0,0.0,4331.0,4430.0,0.0,4357.0,0.0
4440.0,0.0,4440.0,0.0,4430.0,0.0,25.0,0.0,4333.0,4431.0,0.0
4357.0,0.0,4441.0,0.0,4441.0,0.0,4431.0,0.0,25.0,0.0,4335.0
4432.0,0.0,4357.0,0.0,4442.0,0.0,4442.0,0.0,4432.0,0.0,25.0
0.0,4337.0,4433.0,0.0,4357.0,0.0,4443.0,0.0,4443.0,0.0,4433.0
0.0,25.0,0.0,4339.0,4434.0,0.0,4357.0,0.0,4444.0,0.0,4444.0
0.0,4434.0,0.0,25.0,0.0,4341.0,4435.0,0.0,4357.0,0.0,4445.0
0.0,4445.0,0.0,4435.0,0.0,25.0,0.0,4343.0,4436.0,0.0,4357.0
0.0,4446.0,0.0,4446.0,0.0,4436.0,0.0,25.0,0.0,4345.0,4437.0
0.0,4357.0,0.0,4447.0,0.0,4447.0,0.0,4437.0,0.0,25.0,0.0
4347.0,4438.0,0.0,4357.0,0.0,4448.0,0.0,4448.0,0.0,4438.0,0.0
25.0,0.0,4349.0,4358.0,0.0,4354.0,0.0,4449.0,0.0,4450.0,0.0
4451.0,0.0,4452.0,0.0,4453.0,0.0,4454.0,0.0,4455.0,0.0,4456.0
0.0,4457.0,0.0,4458.0,0.0,4449.0,0.0,4358.0,0.0,4459.0,0.0
4459.0,0.0,4449.0,0.0,25.0,0.0,4352.0,4450.0,0.0,4358.0,0.0
4460.0,0.0,4460.0,0.0,4450.0,0.0,25.0,0.0,4354.0,4451.0,0.0
4358.0,0.0,4461.0,0.0,4461.0,0.0,4451.0,0.0,25.0,0.0,4356.0
4452.0,0.0,4358.0,0.0,4462.0,0.0,4462.0,0.0,4452.0,0.0,25.0
0.0,4358.0,4453.0,0.0,4358.0,0.0,4463.0,0.0,4463.0,0.0,4453.0
0.0,25.0,0.0,4360.0,4454.0,0.0,4358.0,0.0,4464.0,0.0,4464.0
0.0,4454.0,0.0,25.0,0.0,4362.0,4455.0,0.0,4358.0,0.0,4465.0
0.0,4465.0,0.0,4455.0,0.0,25.0,0.0,4364.0,4456.0,0.0,4358.0
0.0,4466.0,0.0,4466.0,0.0,4456.0,0.0,25.0,0.0,4366.0,4457.0
0.0,4358.0,0.0,4467.0,0.0,4467.0,0.0,4457.0,0.0,25.0,0.0
4368.0,4458.0,0.0,4358.0,0.0,4468.0,0.0,4468.0,0.0,4458.0,0.0
25.0,0.0,4370.0,4359.0,0.0,4354.0,0.0,4469.0,0.0,4470.0,0.0
4471.0,0.0,4472.0,0.0,4473.0,0.0,4474.0,0.0,4475.0,0.0,4476.0
0.0,4477.0,0.0,4478.0,0.0,4469.0,0.0,4359.0,0.0,4479.0,0.0
4479.0,0.0,4469.0,0.0,25.0,0.0,4373.0,4470.0,0.0,4359.0,0.0
4480.0,0.0,4480.0,0.0,4470.0,0.0,25.0,0.0,4375.0,4471.0,0.0
4359.0,0.0,4481.0,0.0,4481.0,0.0,4471.0,0.0,25.0,0.0,4377.0
4472.0,0.0,4359.0,0.0,4482.0,0.0,4482.0,0.0,4472.0,0.0,25.0
0.0,4379.0,4473.0,0.0,4359.0,0.0,4483.0,0.0,4483.0,0.0,4473.0
0.0,25.0,0.0,4381.0,4474.0,0.0,4359.0,0.0,4484.0,0.0,4484.0
0.0,4474.0,0.0,25.0,0.0,4383.0,4475.0,0.0,4359.0,0.0,4485.0
0.0,4485.0,0.0,4475.0,0.0,25.0,0.0,4385.0,4476.0,0.0,4359.0
0.0,4486.0,0.0,4486.0,0.0,4476.0,0.0,25.0,0.0,4387.0,4477.0
0.0,4359.0,0.0,4487.0,0.0,4487.0,0.0,4477.0,0.0,25.0,0.0
4389.0,4478.0,0.0,4359.0,0.0,4488.0,0.0,4488.0,0.0,4478.0,0.0
25.0,0.0,4391.0,4360.0,0.0,4354.0,0.0,4489.0,0.0,4490.0,0.0
4491.0,0.0,4492.0,0.0,4493.0,0.0,4494.0,0.0,4495.0,0.0,4496.0
0.0,4497.0,0.0,4498.0,0.0,4489.0,0.0,4360.0,0.0,4499.0,0.0
4499.0,0.0,4489.0,0.0,25.0,0.0,4394.0,4490.0,0.0,4360.0,0.0
4500.0,0.0,4500.0,0.0,4490.0,0.0,25.0,0.0,4396.0,4491.0,0.0
4360.0,0.0,4501.0,0.0,4501.0,0.0,4491.0,0.0,25.0,0.0,4398.0
4492.0,0.0,4360.0,0.0,4502.0,0.0,4502.0,0.0,4492.0,0.0,25.0
0.0,4400.0,4493.0,0.0,4360.0,0.0,4503.0,0.0,4503.0,0.0,4493.0
0.0,25.0,0.0,4402.0,4494.0,0.0,4360.0,0.0,4504.0,0.0,4504.0
0.0,4494.0,0.0,25.0,0.0,4404.0,4495.0,0.0,4360.0,0.0,4505.0
0.0,4505.0,0.0,4495.0,0.0,25.0,0.0,4406.0,4496.0,0.0,4360.0
0.0,4506.0,0.0,4506.0,0.0,4496.0,0.0,25.0,0.0,4408.0,4497.0
0.0,4360.0,0.0,4507.0,0.0,4507.0,0.0,4497.0,0.0,25.0,0.0
4410.0,4498.0,0.0,4360.0,0.0,4508.0,0.0,4508.0,0.0,4498.0,0.0
25.0,0.0,4412.0,4361.0,0.0,4354.0,0.0,4509.0,0.0,4510.0,0.0
4511.0,0.0,4512.0,0.0,4513.0,0.0,4514.0,0.0,4515.0,0.0,4516.0
0.0,4517.0,0.0,4518.0,0.0,4509.0,0.0,4361.0,0.0,4519.0,0.0
4519.0,0.0,4509.0,0.0,25.0,0.0,4415.0,4510.0,0.0,4361.0,0.0
4520.0,0.0,4520.0,0.0,4510.0,0.0,25.0,0.0,4417.0,4511.0,0.0
4361.0,0.0,4521.0,0.0,4521.0,0.0,4511.0,0.0,25.0,0.0,4419.0
4512.0,0.0,4361.0,0.0,4522.0,0.0,4522.0,0.0,4512.0,0.0,25.0
0.0,4421.0,4513.0,0.0,4361.0,0.0,4523.0,0.0,4523.0,0.0,4513.0
0.0,25.0,0.0,4423.0,4514.0,0.0,4361.0,0.0,4524.0,0.0,4524.0
0.0,4514.0,0.0,25.0,0.0,4425.0,4515.0,0.0,4361.0,0.0,4525.0
0.0,4525.0,0.0,4515.0,0.0,25.0,0.0,4427.0,4516.0,0.0,4361.0
0.0,4526.0,0.0,4526.0,0.0,4516.0,0.0,25.0,0.0,4429.0,4517.0
0.0,4361.0,0.0,4527.0,0.0,4527.0,0.0,4517.0,0.0,25.0,0.0
4431.0,4518.0,0.0,4361.0,0.0,4528.0,0.0,4528.0,0.0,4518.0,0.0
25.0,0.0,4433.0,4362.0,0.0,4354.0,0.0,4529.0,0.0,4530.0,0.0
4531.0,0.0,4532.0,0.0,4533.0,0.0,4534.0,0.0,4535.0,0.0,4536.0
0.0,4537.0,0.0,4538.0,0.0,4529.0,0.0,4362.0,0.0,4539.0,0.0
4539.0,0.0,4529.0,0.0,25.0,0.0,4436.0,4530.0,0.0,4362.0,0.0
4540.0,0.0,4540.0,0.0,4530.0,0.0,25.0,0.0,4438.0,4531.0,0.0
4362.0,0.0,4541.0,0.0,4541.0,0.0,4531.0,0.0,25.0,0.0,4440.0
4532.0,0.0,4362.0,0.0,4542.0,0.0,4542.0,0.0,4532.0,0.0,25.0
0.0,4442.0,4533.0,0.0,4362.0,0.0,4543.0,0.0,4543.0,0.0,4533.0
0.0,25.0,0.0,4444.0,4534.0,0.0,4362.0,0.0,4544.0,0.0,4544.0
0.0,4534.0,0.0,25.0,0.0,4446.0,4535.0,0.0,4362.0,0.0,4545.0
0.0,4545.0,0.0,4535.0,0.0,25.0,0.0,4448.0,4536.0,0.0,4362.0
0.0,4546.0,0.0,4546.0,0.0,4536.0,0.0,25.0,0.0,4450.0,4537.0
0.0,4362.0,0.0,4547.0,0.0,4547.0,0.0,4537.0,0.0,25.0,0.0
4452.0,4538.0,0.0,4362.0,0.0,4548.0,0.0,4548.0,0.0,4538.0,0.0
25.0,0.0,4454.0,4363.0,0.0,4354.0,0.0,4549.0,0.0,4550.0,0.0
4551.0,0.0,4552.0,0.0,4553.0,0.0,4554.0,0.0,4555.0,0.0,4556.0
0.0,4557.0,0.0,4558.0,0.0,4549.0,0.0,4363.0,0.0,4559.0,0.0
4559.0,0.0,4549.0,0.0,25.0,0.0,4457.0,4550.0,0.0,4363.0,0.0
4560.0,0.0,4560.0,0.0,4550.0,0.0,25.0,0.0,4459.0,4551.0,0.0
4363.0,0.0,4561.0,0.0,4561.0,0.0,4551.0,0.0,25.0,0.0,4461.0
4552.0,0.0,4363.0,0.0,4562.0,0.0,4562.0,0.0,4552.0,0.0,25.0
0.0,4463.0,4553.0,0.0,4363.0,0.0,4563.0,0.0,4563.0,0.0,4553.0
0.0,25.0,0.0,4465.0,4554.0,0.0,4363.0,0.0,4564.0,0.0,4564.0
0.0,4554.0,0.0,25.0,0.0,4467.0,4555.0,0.0,4363.0,0.0,4565.0
0.0,4565.0,0.0,4555.0,0.0,25.0,0.0,4469.0,4556.0,0.0,4363.0
0.0,4566.0,0.0,4566.0,0.0,4556.0,0.0,25.0,0.0,4471.0,4557.0
0.0,4363.0,0.0,4567.0,0.0,4567.0,0.0,4557.0,0.0,25.0,0.0
4473.0,4558.0,0.0,4363.0,0.0,4568.0,0.0,4568.0,0.0,4558.0,0.0
25.0,0.0,4475.0,4364.0,0.0,4354.0,0.0,4569.0,0.0,4570.0,0.0
4571.0,0.0,4572.0,0.0,4573.0,0.0,4574.0,0.0,4575.0,0.0,4576.0
0.0,4577.0,0.0,4578.0,0.0,4569.0,0.0,4364.0,0.0,4579.0,0.0
4579.0,0.0,4569.0,0.0,25.0,0.0,4478.0,4570.0,0.0,4364.0,0.0
4580.0,0.0,4580.0,0.0,4570.0,0.0,25.0,0.0,4480.0,4571.0,0.0
4364.0,0.0,4581.0,0.0,4581.0,0.0,4571.0,0.0,25.0,0.0,4482.0
4572.0,0.0,4364.0,0.0,4582.0,0.0,4582.0,0.0,4572.0,0.0,25.0
0.0,4484.0,4573.0,0.0,4364.0,0.0,4583.0,0.0,4583.0,0.0,4573.0
0.0,25.0,0.0,4486.0,4574.0,0.0,4364.0,0.0,4584.0,0.0,4584.0
0.0,4574.0,0.0,25.0,0.0,4488.0,4575.0,0.0,4364.0,0.0,4585.0
0.0,4585.0,0.0,4575.0,0.0,25.0,0.0,4490.0,4576.0,0.0,4364.0
0.0,4586.0,0.0,4586.0,0.0,4576.0,0.0,25.0,0.0,4492.0,4577.0
0.0,4364.0,0.0,4587.0,0.0,4587.0,0.0,4577.0,0.0,25.0,0.0
4494.0,4578.0,0.0,4364.0,0.0,4588.0,0.0,4588.0,0.0,4578.0,0.0
25.0,0.0,4496.0,4365.0,0.0,4354.0,0.0,4589.0,0.0,4590.0,0.0
4591.0,0.0,4592.0,0.0,4593.0,0.0,4594.0,0.0,4595.0,0.0,4596.0
0.0,4597.0,0.0,4598.0,0.0,4589.0,0.0,4365.0,0.0,4599.0,0.0
4599.0,0.0,4589.0,0.0,25.0,0.0,4499.0,4590.0,0.0,4365.0,0.0
4600.0,0.0,4600.0,0.0,4590.0,0.0,25.0,0.0,4501.0,4591.0,0.0
4365.0,0.0,4601.0,0.0,4601.0,0.0,4591.0,0.0,25.0,0.0,4503.0
4592.0,0.0,4365.0,0.0,4602.0,0.0,4602.0,0.0,4592.0,0.0,25.0
0.0,4505.0,4593.0,0.0,4365.0,0.0,4603.0,0.0,4603.0,0.0,4593.0
0.0,25.0,0.0,4507.0,4594.0,0.0,4365.0,0.0,4604.0,0.0,4604.0
0.0,4594.0,0.0,25.0,0.0,4509.0,4595.0,0.0,4365.0,0.0,4605.0
0.0,4605.0,0.0,4595.0,0.0,25.0,0.0,4511.0,4596.0,0.0,4365.0
0.0,4606.0,0.0,4606.0,0.0,4596.0,0.0,25.0,0.0,4513.0,4597.0
0.0,4365.0,0.0,4607.0,0.0,4607.0,0.0,4597.0,0.0,25.0,0.0
4515.0,4598.0,0.0,4365.0,0.0,4608.0,0.0,4608.0,0.0,4598.0,0.0
25.0,0.0,4517.0,4366.0,0.0,4354.0,0.0,4609.0,0.0,4610.0,0.0
4611.0,0.0,4612.0,0.0,4613.0,0.0,4614.0,0.0,4615.0,0.0,4616.0
0.0,4617.0,0.0,4618.0,0.0,4609.0,0.0,4366.0,0.0,4619.0,0.0
4619.0,0.0,4609.0,0.0,25.0,0.0,4520.0,4610.0,0.0,4366.0,0.0
4620.0,0.0,4620.0,0.0,4610.0,0.0,25.0,0.0,4522.0,4611.0,0.0
4366.0,0.0,4621.0,0.0,4621.0,0.0,4611.0,0.0,25.0,0.0,4524.0
4612.0,0.0,4366.0,0.0,4622.0,0.0,4622.0,0.0,4612.0,0.0,25.0
0.0,4526.0,4613.0,0.0,4366.0,0.0,4623.0,0.0,4623.0,0.0,4613.0
0.0,25.0,0.0,4528.0,4614.0,0.0,4366.0,0.0,4624.0,0.0,4624.0
0.0,4614.0,0.0,25.0,0.0,4530.0,4615.0,0.0,4366.0,0.0,4625.0
0.0,4625.0,0.0,4615.0,0.0,25.0,0.0,4532.0,4616.0,0.0,4366.0
0.0,4626.0,0.0,4626.0,0.0,4616.0,0.0,25.0,0.0,4534.0,4617.0
0.0,4366.0,0.0,4627.0,0.0,4627.0,0.0,4617.0,0.0,25.0,0.0
4536.0,4618.0,0.0,4366.0,0.0,4628.0,0.0,4628.0,0.0,4618.0,0.0
25.0,0.0,4538.0,4367.0,0.0,4354.0,0.0,4629.0,0.0,4630.0,0.0
4631.0,0.0,4632.0,0.0,4633.0,0.0,4634.0,0.0,4635.0,0.0,4636.0
0.0,4637.0,0.0,4638.0,0.0,4629.0,0.0,4367.0,0.0,4639.0,0.0
4639.0,0.0,4629.0,0.0,25.0,0.0,4541.0,4630.0,0.0,4367.0,0.0
4640.0,0.0,4640.0,0.0,4630.0,0.0,25.0,0.0,4543.0,4631.0,0.0
4367.0,0.0,4641.0,0.0,4641.0,0.0,4631.0,0.0,25.0,0.0,4545.0
4632.0,0.0,4367.0,0.0,4642.0,0.0,4642.0,0.0,4632.0,0.0,25.0
0.0,4547.0,4633.0,0.0,4367.0,0.0,4643.0,0.0,4643.0,0.0,4633.0
0.0,25.0,0.0,4549.0,4634.0,0.0,4367.0,0.0,4644.0,0.0,4644.0
0.0,4634.0,0.0,25.0,0.0,4551.0,4635.0,0.0,4367.0,0.0,4645.0
0.0,4645.0,0.0,4635.0,0.0,25.0,0.0,4553.0,4636.0,0.0,4367.0
0.0,4646.0,0.0,4646.0,0.0,4636.0,0.0,25.0,0.0,4555.0,4637.0
0.0,4367.0,0.0,4647.0,0.0,4647.0,0.0,4637.0,0.0,25.0,0.0
4557.0,4638.0,0.0,4367.0,0.0,4648.0,0.0,4648.0,0.0,4638.0,0.0
25.0,0.0,4559.0,4368.0,0.0,4354.0,0.0,4649.0,0.0,4650.0,0.0
4651.0,0.0,4652.0,0.0,4653.0,0.0,4654.0,0.0,4655.0,0.0,4656.0
0.0,4657.0,0.0,4658.0,0.0,4649.0,0.0,4368.0,0.0,4659.0,0.0
4659.0,0.0,4649.0,0.0,25.0,0.0,4562.0,4650.0,0.0,4368.0,0.0
4660.0,0.0,4660.0,0.0,4650.0,0.0,25.0,0.0,4564.0,4651.0,0.0
4368.0,0.0,4661.0,0.0,4661.0,0.0,4651.0,0.0,25.0,0.0,4566.0
4652.0,0.0,4368.0,0.0,4662.0,0.0,4662.0,0.0,4652.0,0.0,25.0
0.0,4568.0,4653.0,0.0,4368.0,0.0,4663.0,0.0,4663.0,0.0,4653.0
0.0,25.0,0.0,4570.0,4654.0,0.0,4368.0,0.0,4664.0,0.0,4664.0
0.0,4654.0,0.0,25.0,0.0,4572.0,4655.0,0.0,4368.0,0.0,4665.0
0.0,4665.0,0.0,4655.0,0.0,25.0,0.0,4574.0,4656.0,0.0,4368.0
0.0,4666.0,0.0,4666.0,0.0,4656.0,0.0,25.0,0.0,4576.0,4657.0
0.0,4368.0,0.0,4667.0,0.0,4667.0,0.0,4657.0,0.0,25.0,0.0
4578.0,4658.0,0.0,4368.0,0.0,4668.0,0.0,4668.0,0.0,4658.0,0.0
25.0,0.0,4580.0,4369.0,0.0,4354.0,0.0,4669.0,0.0,4670.0,0.0
4671.0,0.0,4672.0,0.0,4673.0,0.0,4674.0,0.0,4675.0,0.0,4676.0
0.0,4677.0,0.0,4678.0,0.0,4669.0,0.0,4369.0,0.0,4679.0,0.0
4679.0,0.0,4669.0,0.0,25.0,0.0,4583.0,4670.0,0.0,4369.0,0.0
4680.0,0.0,4680.0,0.0,4670.0,0.0,25.0,0.0,4585.0,4671.0,0.0
4369.0,0.0,4681.0,0.0,4681.0,0.0,4671.0,0.0,25.0,0.0,4587.0
4672.0,0.0,4369.0,0.0,4682.0,0.0,4682.0,0.0,4672.0,0.0,25.0
0.0,4589.0,4673.0,0.0,4369.0,0.0,4683.0,0.0,4683.0,0.0,4673.0
0.0,25.0,0.0,4591.0,4674.0,0.0,4369.0,0.0,4684.0,0.0,4684.0
0.0,4674.0,0.0,25.0,0.0,4593.0,4675.0,0.0,4369.0,0.0,4685.0
0.0,4685.0,0.0,4675.0,0.0,25.0,0.0,4595.0,4676.0,0.0,4369.0
0.0,4686.0,0.0,4686.0,0.0,4676.0,0.0,25.0,0.0,4597.0,4677.0
0.0,4369.0,0.0,4687.0,0.0,4687.0,0.0,4677.0,0.0,25.0,0.0
4599.0,4678.0,0.0,4369.0,0.0,4688.0,0.0,4688.0,0.0,4678.0,0.0
25.0,0.0,4601.0,4370.0,0.0,4354.0,0.0,4689.0,0.0,4690.0,0.0
4691.0,0.0,4692.0,0.0,4693.0,0.0,4694.0,0.0,4695.0,0.0,4696.0
0.0,4697.0,0.0,4698.0,0.0,4689.0,0.0,4370.0,0.0,4699.0,0.0
4699.0,0.0,4689.0,0.0,25.0,0.0,4604.0,4690.0,0.0,4370.0,0.0
4700.0,0.0,4700.0,0.0,4690.0,0.0,25.0,0.0,4606.0,4691.0,0.0
4370.0,0.0,4701.0,0.0,4701.0,0.0,4691.0,0.0,25.0,0.0,4608.0
4692.0,0.0,4370.0,0.0,4702.0,0.0,4702.0,0.0,4692.0,0.0,25.0
0.0,4610.0,4693.0,0.0,4370.0,0.0,4703.0,0.0,4703.0,0.0,4693.0
0.0,25.0,0.0,4612.0,4694.0,0.0,4370.0,0.0,4704.0,0.0,4704.0
0.0,4694.0,0.0,25.0,0.0,4614.0,4695.0,0.0,4370.0,0.0,4705.0
0.0,4705.0,0.0,4695.0,0.0,25.0,0.0,4616.0,4696.0,0.0,4370.0
0.0,4706.0,0.0,4706.0,0.0,4696.0,0.0,25.0,0.0,4618.0,4697.0
0.0,4370.0,0.0,4707.0,0.0,4707.0,0.0,4697.0,0.0,25.0,0.0
4620.0,4698.0,0.0,4370.0,0.0,4708.0,0.0,4708.0,0.0,4698.0,0.0
25.0,0.0,4622.0,4371.0,0.0,4354.0,0.0,4709.0,0.0,4710.0,0.0
4711.0,0.0,4712.0,0.0,4713.0,0.0,4714.0,0.0,4715.0,0.0,4716.0
0.0,4717.0,0.0,4718.0,0.0,4709.0,0.0,4371.0,0.0,4719.0,0.0
4719.0,0.0,4709.0,0.0,25.0,0.0,4625.0,4710.0,0.0,4371.0,0.0
4720.0,0.0,4720.0,0.0,4710.0,0.0,25.0,0.0,4627.0,4711.0,0.0
4371.0,0.0,4721.0,0.0,4721.0,0.0,4711.0,0.0,25.0,0.0,4629.0
4712.0,0.0,4371.0,0.0,4722.0,0.0,4722.0,0.0,4712.0,0.0,25.0
0.0,4631.0,4713.0,0.0,4371.0,0.0,4723.0,0.0,4723.0,0.0,4713.0
0.0,25.0,0.0,4633.0,4714.0,0.0,4371.0,0.0,4724.0,0.0,4724.0
0.0,4714.0,0.0,25.0,0.0,4635.0,4715.0,0.0,4371.0,0.0,4725.0
0.0,4725.0,0.0,4715.0,0.0,25.0,0.0,4637.0,4716.0,0.0,4371.0
0.0,4726.0,0.0,4726.0,0.0,4716.0,0.0,25.0,0.0,4639.0,4717.0
0.0,4371.0,0.0,4727.0,0.0,4727.0,0.0,4717.0,0.0,25.0,0.0
4641.0,4718.0,0.0,4371.0,0.0,4728.0,0.0,4728.0,0.0,4718.0,0.0
25.0,0.0,4643.0,4372.0,0.0,4354.0,0.0,4729.0,0.0,4730.0,0.0
4731.0,0.0,4732.0,0.0,4733.0,0.0,4734.0,0.0,4735.0,0.0,4736.0
0.0,4737.0,0.0,4738.0,0.0,4729.0,0.0,4372.0,0.0,4739.0,0.0
4739.0,0.0,4729.0,0.0,25.0,0.0,4646.0,4730.0,0.0,4372.0,0.0
4740.0,0.0,4740.0,0.0,4730.0,0.0,25.0,0.0,4648.0,4731.0,0.0
4372.0,0.0,4741.0,0.0,4741.0,0.0,4731.0,0.0,25.0,0.0,4650.0
4732.0,0.0,4372.0,0.0,4742.0,0.0,4742.0,0.0,4732.0,0.0,25.0
0.0,4652.0,4733.0,0.0,4372.0,0.0,4743.0,0.0,4743.0,0.0,4733.0
0.0,25.0,0.0,4654.0,4734.0,0.0,4372.0,0.0,4744.0,0.0,4744.0
0.0,4734.0,0.0,25.0,0.0,4656.0,4735.0,0.0,4372.0,0.0,4745.0
0.0,4745.0,0.0,4735.0,0.0,25.0,0.0,4658.0,4736.0,0.0,4372.0
0.0,4746.0,0.0,4746.0,0.0,4736.0,0.0,25.0,0.0,4660.0,4737.0
0.0,4372.0,0.0,4747.0,0.0,4747.0,0.0,4737.0,0.0,25.0,0.0
4662.0,4738.0,0.0,4372.0,0.0,4748.0,0.0,4748.0,0.0,4738.0,0.0
25.0,0.0,4664.0,4373.0,0.0,4354.0,0.0,4749.0,0.0,4750.0,0.0
4751.0,0.0,4752.0,0.0,4753.0,0.0,4754.0,0.0,4755.0,0.0,4756.0
0.0,4757.0,0.0,4758.0,0.0,4749.0,0.0,4373.0,0.0,4759.0,0.0
4759.0,0.0,4749.0,0.0,25.0,0.0,4667.0,4750.0,0.0,4373.0,0.0
4760.0,0.0,4760.0,0.0,4750.0,0.0,25.0,0.0,4669.0,4751.0,0.0
4373.0,0.0,4761.0,0.0,4761.0,0.0,4751.0,0.0,25.0,0.0,4671.0
4752.0,0.0,4373.0,0.0,4762.0,0.0,4762.0,0.0,4752.0,0.0,25.0
0.0,4673.0,4753.0,0.0,4373.0,0.0,4763.0,0.0,4763.0,0.0,4753.0
0.0,25.0,0.0,4675.0,4754.0,0.0,4373.0,0.0,4764.0,0.0,4764.0
0.0,4754.0,0.0,25.0,0.0,4677.0,4755.0,0.0,4373.0,0.0,4765.0
0.0,4765.0,0.0,4755.0,0.0,25.0,0.0,4679.0,4756.0,0.0,4373.0
0.0,4766.0,0.0,4766.0,0.0,4756.0,0.0,25.0,0.0,4681.0,4757.0
0.0,4373.0,0.0,4767.0,0.0,4767.0,0.0,4757.0,0.0,25.0,0.0
4683.0,4758.0,0.0,4373.0,0.0,4768.0,0.0,4768.0,0.0,4758.0,0.0
25.0,0.0,4685.0,4374.0,0.0,4354.0,0.0,4769.0,0.0,4770.0,0.0
4771.0,0.0,4772.0,0.0,4773.0,0.0,4774.0,0.0,4775.0,0.0,4776.0
0.0,4777.0,0.0,4778.0,0.0,4769.0,0.0,4374.0,0.0,4779.0,0.0
4779.0,0.0,4769.0,0.0,25.0,0.0,4688.0,4770.0,0.0,4374.0,0.0
4780.0,0.0,4780.0,0.0,4770.0,0.0,25.0,0.0,4690.0,4771.0,0.0
4374.0,0.0,4781.0,0.0,4781.0,0.0,4771.0,0.0,25.0,0.0,4692.0
4772.0,0.0,4374.0,0.0,4782.0,0.0,4782.0,0.0,4772.0,0.0,25.0
0.0,4694.0,4773.0,0.0,4374.0,0.0,4783.0,0.0,4783.0,0.0,4773.0
0.0,25.0,0.0,4696.0,4774.0,0.0,4374.0,0.0,4784.0,0.0,4784.0
0.0,4774.0,0.0,25.0,0.0,4698.0,4775.0,0.0,4374.0,0.0,4785.0
0.0,4785.0,0.0,4775.0,0.0,25.0,0.0,4700.0,4776.0,0.0,4374.0
0.0,4786.0,0.0,4786.0,0.0,4776.0,0.0,25.0,0.0,4702.0,4777.0
0.0,4374.0,0.0,4787.0,0.0,4787.0,0.0,4777.0,0.0,25.0,0.0
4704.0,4778.0,0.0,4374.0,0.0,4788.0,0.0,4788.0,0.0,4778.0,0.0
25.0,0.0,4706.0,4375.0,0.0,4354.0,0.0,4789.0,0.0,4790.0,0.0
4791.0,0.0,4792.0,0.0,4793.0,0.0,4794.0,0.0,4795.0,0.0,4796.0
0.0,4797.0,0.0,4798.0,0.0,4789.0,0.0,4375.0,0.0,4799.0,0.0
4799.0,0.0,4789.0,0.0,25.0,0.0,4709.0,4790.0,0.0,4375.0,0.0
4800.0,0.0,4800.0,0.0,4790.0,0.0,25.0,0.0,4711.0,4791.0,0.0
4375.0,0.0,4801.0,0.0,4801.0,0.0,4791.0,0.0,25.0,0.0,4713.0
4792.0,0.0,4375.0,0.0,4802.0,0.0,4802.0,0.0,4792.0,0.0,25.0
0.0,4715.0,4793.0,0.0,4375.0,0.0,4803.0,0.0,4803.0,0.0,4793.0
0.0,25.0,0.0,4717.0,4794.0,0.0,4375.0,0.0,4804.0,0.0,4804.0
0.0,4794.0,0.0,25.0,0.0,4719.0,4795.0,0.0,4375.0,0.0,4805.0
0.0,4805.0,0.0,4795.0,0.0,25.0,0.0,4721.0,4796.0,0.0,4375.0
0.0,4806.0,0.0,4806.0,0.0,4796.0,0.0,25.0,0.0,4723.0,4797.0
0.0,4375.0,0.0,4807.0,0.0,4807.0,0.0,4797.0,0.0,25.0,0.0
4725.0,4798.0,0.0,4375.0,0.0,4808.0,0.0,4808.0,0.0,4798.0,0.0
25.0,0.0,4727.0,4376.0,0.0,4354.0,0.0,4809.0,0.0,4810.0,0.0
4811.0,0.0,4812.0,0.0,4813.0,0.0,4814.0,0.0,4815.0,0.0,4816.0
0.0,4817.0,0.0,4818.0,0.0,4809.0,0.0,4376.0,0.0,4819.0,0.0
4819.0,0.0,4809.0,0.0,25.0,0.0,4730.0,4810.0,0.0,4376.0,0.0
4820.0,0.0,4820.0,0.0,4810.0,0.0,25.0,0.0,4732.0,4811.0,0.0
4376.0,0.0,4821.0,0.0,4821.0,0.0,4811.0,0.0,25.0,0.0,4734.0
4812.0,0.0,4376.0,0.0,4822.0,0.0,4822.0,0.0,4812.0,0.0,25.0
0.0,4736.0,4813.0,0.0,4376.0,0.0,4823.0,0.0,4823.0,0.0,4813.0
0.0,25.0,0.0,4738.0,4814.0,0.0,4376.0,0.0,4824.0,0.0,4824.0
0.0,4814.0,0.0,25.0,0.0,4740.0,4815.0,0.0,4376.0,0.0,4825.0
0.0,4825.0,0.0,4815.0,0.0,25.0,0.0,4742.0,4816.0,0.0,4376.0
0.0,4826.0,0.0,4826.0,0.0,4816.0,0.0,25.0,0.0,4744.0,4817.0
0.0,4376.0,0.0,4827.0,0.0,4827.0,0.0,4817.0,0.0,25.0,0.0
4746.0,4818.0,0.0,4376.0,0.0,4828.0,0.0,4828.0,0.0,4818.0,0.0
25.0,0.0,4748.0,4377.0,0.0,4354.0,0.0,4829.0,0.0,4830.0,0.0
4831.0,0.0,4832.0,0.0,4833.0,0.0,4834.0,0.0,4835.0,0.0,4836.0
0.0,4837.0,0.0,4838.0,0.0,4829.0,0.0,4377.0,0.0,4839.0,0.0
4839.0,0.0,4829.0,0.0,25.0,0.0,4751.0,4830.0,0.0,4377.0,0.0
4840.0,0.0,4840.0,0.0,4830.0,0.0,25.0,0.0,4753.0,4831.0,0.0
4377.0,0.0,4841.0,0.0,4841.0,0.0,4831.0,0.0,25.0,0.0,4755.0
4832.0,0.0,4377.0,0.0,4842.0,0.0,4842.0,0.0,4832.0,0.0,25.0
0.0,4757.0,4833.0,0.0,4377.0,0.0,4843.0,0.0,4843.0,0.0,4833.0
0.0,25.0,0.0,4759.0,4834.0,0.0,4377.0,0.0,4844.0,0.0,4844.0
0.0,4834.0,0.0,25.0,0.0,4761.0,4835.0,0.0,4377.0,0.0,4845.0
0.0,4845.0,0.0,4835.0,0.0,25.0,0.0,4763.0,4836.0,0.0,4377.0
0.0,4846.0,0.0,4846.0,0.0,4836.0,0.0,25.0,0.0,4765.0,4837.0
0.0,4377.0,0.0,4847.0,0.0,4847.0,0.0,4837.0,0.0,25.0,0.0
4767.0,4838.0,0.0,4377.0,0.0,4848.0,0.0,4848.0,0.0,4838.0,0.0
25.0,0.0,4769.0,4378.0,0.0,4354.0,0.0,4849.0,0.0,4850.0,0.0
4851.0,0.0,4852.0,0.0,4853.0,0.0,4854.0,0.0,4855.0,0.0,4856.0
0.0,4857.0,0.0,4858.0,0.0,4849.0,0.0,4378.0,0.0,4859.0,0.0
4859.0,0.0,4849.0,0.0,25.0,0.0,4772.0,4850.0,0.0,4378.0,0.0
4860.0,0.0,4860.0,0.0,4850.0,0.0,25.0,0.0,4774.0,4851.0,0.0
4378.0,0.0,4861.0,0.0,4861.0,0.0,4851.0,0.0,25.0,0.0,4776.0
4852.0,0.0,4378.0,0.0,4862.0,0.0,4862.0,0.0,4852.0,0.0,25.0
0.0,4778.0,4853.0,0.0,4378.0,0.0,4863.0,0.0,4863.0,0.0,4853.0
0.0,25.0,0.0,4780.0,4854.0,0.0,4378.0,0.0,4864.0,0.0,4864.0
0.0,4854.0,0.0,25.0,0.0,4782.0,4855.0,0.0,4378.0,0.0,4865.0
0.0,4865.0,0.0,4855.0,0.0,25.0,0.0,4784.0,4856.0,0.0,4378.0
0.0,4866.0,0.0,4866.0,0.0,4856.0,0.0,25.0,0.0,4786.0,4857.0
0.0,4378.0,0.0,4867.0,0.0,4867.0,0.0,4857.0,0.0,25.0,0.0
4788.0,4858.0,0.0,4378.0,0.0,4868.0,0.0,4868.0,0.0,4858.0,0.0
25.0,0.0,4790.0,4379.0,0.0,4354.0,0.0,4869.0,0.0,4870.0,0.0
4871.0,0.0,4872.0,0.0,4873.0,0.0,4874.0,0.0,4875.0,0.0,4876.0
0.0,4877.0,0.0,4878.0,0.0,4869.0,0.0,4379.0,0.0,4879.0,0.0
4879.0,0.0,4869.0,0.0,25.0,0.0,4793.0,4870.0,0.0,4379.0,0.0
4880.0,0.0,4880.0,0.0,4870.0,0.0,25.0,0.0,4795.0,4871.0,0.0
4379.0,0.0,4881.0,0.0,4881.0,0.0,4871.0,0.0,25.0,0.0,4797.0
4872.0,0.0,4379.0,0.0,4882.0,0.0,4882.0,0.0,4872.0,0.0,25.0
0.0,4799.0,4873.0,0.0,4379.0,0.0,4883.0,0.0,4883.0,0.0,4873.0
0.0,25.0,0.0,4801.0,4874.0,0.0,4379.0,0.0,4884.0,0.0,4884.0
0.0,4874.0,0.0,25.0,0.0,4803.0,4875.0,0.0,4379.0,0.0,4885.0
0.0,4885.0,0.0,4875.0,0.0,25.0,0.0,4805.0,4876.0,0.0,4379.0
0.0,4886.0,0.0,4886.0,0.0,4876.0,0.0,25.0,0.0,4807.0,4877.0
0.0,4379.0,0.0,4887.0,0.0,4887.0,0.0,4877.0,0.0,25.0,0.0
4809.0,4878.0,0.0,4379.0,0.0,4888.0,0.0,4888.0,0.0,4878.0,0.0
25.0,0.0,4811.0,4380.0,0.0,4354.0,0.0,4889.0,0.0,4890.0,0.0
4891.0,0.0,4892.0,0.0,4893.0,0.0,4894.0,0.0,4895.0,0.0,4896.0
0.0,4897.0,0.0,4898.0,0.0,4889.0,0.0,4380.0,0.0,4899.0,0.0
4899.0,0.0,4889.0,0.0,25.0,0.0,4814.0,4890.0,0.0,4380.0,0.0
4900.0,0.0,4900.0,0.0,4890.0,0.0,25.0,0.0,4816.0,4891.0,0.0
4380.0,0.0,4901.0,0.0,4901.0,0.0,4891.0,0.0,25.0,0.0,4818.0
4892.0,0.0,4380.0,0.0,4902.0,0.0,4902.0,0.0,4892.0,0.0,25.0
0.0,4820.0,4893.0,0.0,4380.0,0.0,4903.0,0.0,4903.0,0.0,4893.0
0.0,25.0,0.0,4822.0,4894.0,0.0,4380.0,0.0,4904.0,0.0,4904.0
0.0,4894.0,0.0,25.0,0.0,4824.0,4895.0,0.0,4380.0,0.0,4905.0
0.0,4905.0,0.0,4895.0,0.0,25.0,0.0,4826.0,4896.0,0.0,4380.0
0.0,4906.0,0.0,4906.0,0.0,4896.0,0.0,25.0,0.0,4828.0,4897.0
0.0,4380.0,0.0,4907.0,0.0,4907.0,0.0,4897.0,0.0,25.0,0.0
4830.0,4898.0,0.0,4380.0,0.0,4908.0,0.0,4908.0,0.0,4898.0,0.0
25.0,0.0,4832.0,4381.0,0.0,4354.0,0.0,4909.0,0.0,4910.0,0.0
4911.0,0.0,4912.0,0.0,4913.0,0.0,4914.0,0.0,4915.0,0.0,4916.0
0.0,4917.0,0.0,4918.0,0.0,4909.0,0.0,4381.0,0.0,4919.0,0.0
4919.0,0.0,4909.0,0.0,25.0,0.0,4835.0,4910.0,0.0,4381.0,0.0
4920.0,0.0,4920.0,0.0,4910.0,0.0,25.0,0.0,4837.0,4911.0,0.0
4381.0,0.0,4921.0,0.0,4921.0,0.0,4911.0,0.0,25.0,0.0,4839.0
4912.0,0.0,4381.0,0.0,4922.0,0.0,4922.0,0.0,4912.0,0.0,25.0
0.0,4841.0,4913.0,0.0,4381.0,0.0,4923.0,0.0,4923.0,0.0,4913.0
0.0,25.0,0.0,4843.0,4914.0,0.0,4381.0,0.0,4924.0,0.0,4924.0
0.0,4914.0,0.0,25.0,0.0,4845.0,4915.0,0.0,4381.0,0.0,4925.0
0.0,4925.0,0.0,4915.0,0.0,25.0,0.0,4847.0,4916.0,0.0,4381.0
0.0,4926.0,0.0,4926.0,0.0,4916.0,0.0,25.0,0.0,4849.0,4917.0
0.0,4381.0,0.0,4927.0,0.0,4927.0,0.0,4917.0,0.0,25.0,0.0
4851.0,4918.0,0.0,4381.0,0.0,4928.0,0.0,4928.0,0.0,4918.0,0.0
25.0,0.0,4853.0,4382.0,0.0,4354.0,0.0,4929.0,0.0,4930.0,0.0
4931.0,0.0,4932.0,0.0,4933.0,0.0,4934.0,0.0,4935.0,0.0,4936.0
0.0,4937.0,0.0,4938.0,0.0,4929.0,0.0,4382.0,0.0,4939.0,0.0
4939.0,0.0,4929.0,0.0,25.0,0.0,4856.0,4930.0,0.0,4382.0,0.0
4940.0,0.0,4940.0,0.0,4930.0,0.0,25.0,0.0,4858.0,4931.0,0.0
4382.0,0.0,4941.0,0.0,4941.0,0.0,4931.0,0.0,25.0,0.0,4860.0
4932.0,0.0,4382.0,0.0,4942.0,0.0,4942.0,0.0,4932.0,0.0,25.0
0.0,4862.0,4933.0,0.0,4382.0,0.0,4943.0,0.0,4943.0,0.0,4933.0
0.0,25.0,0.0,4864.0,4934.0,0.0,4382.0,0.0,4944.0,0.0,4944.0
0.0,4934.0,0.0,25.0,0.0,4866.0,4935.0,0.0,4382.0,0.0,4945.0
0.0,4945.0,0.0,4935.0,0.0,25.0,0.0,4868.0,4936.0,0.0,4382.0
0.0,4946.0,0.0,4946.0,0.0,4936.0,0.0,25.0,0.0,4870.0,4937.0
0.0,4382.0,0.0,4947.0,0.0,4947.0,0.0,4937.0,0.0,25.0,0.0
4872.0,4938.0,0.0,4382.0,0.0,4948.0,0.0,4948.0,0.0,4938.0,0.0
25.0,0.0,4874.0,4383.0,0.0,4354.0,0.0,4949.0,0.0,4950.0,0.0
4951.0,0.0,4952.0,0.0,4953.0,0.0,4954.0,0.0,4955.0,0.0,4956.0
0.0,4957.0,0.0,4958.0,0.0,4949.0,0.0,4383.0,0.0,4959.0,0.0
4959.0,0.0,4949.0,0.0,25.0,0.0,4877.0,4950.0,0.0,4383.0,0.0
4960.0,0.0,4960.0,0.0,4950.0,0.0,25.0,0.0,4879.0,4951.0,0.0
4383.0,0.0,4961.0,0.0,4961.0,0.0,4951.0,0.0,25.0,0.0,4881.0
4952.0,0.0,4383.0,0.0,4962.0,0.0,4962.0,0.0,4952.0,0.0,25.0
0.0,4883.0,4953.0,0.0,4383.0,0.0,4963.0,0.0,4963.0,0.0,4953.0
0.0,25.0,0.0,4885.0,4954.0,0.0,4383.0,0.0,4964.0,0.0,4964.0
0.0,4954.0,0.0,25.0,0.0,4887.0,4955.0,0.0,4383.0,0.0,4965.0
0.0,4965.0,0.0,4955.0,0.0,25.0,0.0,4889.0,4956.0,0.0,4383.0
0.0,4966.0,0.0,4966.0,0.0,4956.0,0.0,25.0,0.0,4891.0,4957.0
0.0,4383.0,0.0,4967.0,0.0,4967.0,0.0,4957.0,0.0,25.0,0.0
4893.0,4958.0,0.0,4383.0,0.0,4968.0,0.0,4968.0,0.0,4958.0,0.0
25.0,0.0,4895.0,4384.0,0.0,4354.0,0.0,4969.0,0.0,4970.0,0.0
4971.0,0.0,4972.0,0.0,4973.0,0.0,4974.0,0.0,4975.0,0.0,4976.0
0.0,4977.0,0.0,4978.0,0.0,4969.0,0.0,4384.0,0.0,4979.0,0.0
4979.0,0.0,4969.0,0.0,25.0,0.0,4898.0,4970.0,0.0,4384.0,0.0
4980.0,0.0,4980.0,0.0,4970.0,0.0,25.0,0.0,4900.0,4971.0,0.0
4384.0,0.0,4981.0,0.0,4981.0,0.0,4971.0,0.0,25.0,0.0,4902.0
4972.0,0.0,4384.0,0.0,4982.0,0.0,4982.0,0.0,4972.0,0.0,25.0
0.0,4904.0,4973.0,0.0,4384.0,0.0,4983.0,0.0,4983.0,0.0,4973.0
0.0,25.0,0.0,4906.0,4974.0,0.0,4384.0,0.0,4984.0,0.0,4984.0
0.0,4974.0,0.0,25.0,0.0,4908.0,4975.0,0.0,4384.0,0.0,4985.0
0.0,4985.0,0.0,4975.0,0.0,25.0,0.0,4910.0,4976.0,0.0,4384.0
0.0,4986.0,0.0,4986.0,0.0,4976.0,0.0,25.0,0.0,4912.0,4977.0
0.0,4384.0,0.0,4987.0,0.0,4987.0,0.0,4977.0,0.0,25.0,0.0
4914.0,4978.0,0.0,4384.0,0.0,4988.0,0.0,4988.0,0.0,4978.0,0.0
25.0,0.0,4916.0,4385.0,0.0,4354.0,0.0,4989.0,0.0,4990.0,0.0
4991.0,0.0,4992.0,0.0,4993.0,0.0,4994.0,0.0,4995.0,0.0,4996.0
0.0,4997.0,0.0,4998.0,0.0,4989.0,0.0,4385.0,0.0,4999.0,0.0
4999.0,0.0,4989.0,0.0,25.0,0.0,4919.0,4990.0,0.0,4385.0,0.0
5000.0,0.0,5000.0,0.0,4990.0,0.0,25.0,0.0,4921.0,4991.0,0.0
4385.0,0.0,5001.0,0.0,5001.0,0.0,4991.0,0.0,25.0,0.0,4923.0
4992.0,0.0,4385.0,0.0,5002.0,0.0,5002.0,0.0,4992.0,0.0,25.0
0.0,4925.0,4993.0,0.0,4385.0,0.0,5003.0,0.0,5003.0,0.0,4993.0
0.0,25.0,0.0,4927.0,4994.0,0.0,4385.0,0.0,5004.0,0.0,5004.0
0.0,4994.0,0.0,25.0,0.0,4929.0,4995.0,0.0,4385.0,0.0,5005.0
0.0,5005.0,0.0,4995.0,0.0,25.0,0.0,4931.0,4996.0,0.0,4385.0
0.0,5006.0,0.0,5006.0,0.0,4996.0,0.0,25.0,0.0,4933.0,4997.0
0.0,4385.0,0.0,5007.0,0.0,5007.0,0.0,4997.0,0.0,25.0,0.0
4935.0,4998.0,0.0,4385.0,0.0,5008.0,0.0,5008.0,0.0,4998.0,0.0
25.0,0.0,4937.0,4386.0,0.0,4354.0,0.0,5009.0,0.0,5010.0,0.0
5011.0,0.0,5012.0,0.0,5013.0,0.0,5014.0,0.0,5015.0,0.0,5016.0
0.0,5017.0,0.0,5018.0,0.0,5009.0,0.0,4386.0,0.0,5019.0,0.0
5019.0,0.0,5009.0,0.0,25.0,0.0,4940.0,5010.0,0.0,4386.0,0.0
5020.0,0.0,5020.0,0.0,5010.0,0.0,25.0,0.0,4942.0,5011.0,0.0
4386.0,0.0,5021.0,0.0,5021.0,0.0,5011.0,0.0,25.0,0.0,4944.0
5012.0,0.0,4386.0,0.0,5022.0,0.0,5022.0,0.0,5012.0,0.0,25.0
0.0,4946.0,5013.0,0.0,4386.0,0.0,5023.0,0.0,5023.0,0.0,5013.0
0.0,25.0,0.0,4948.0,5014.0,0.0,4386.0,0.0,5024.0,0.0,5024.0
0.0,5014.0,0.0,25.0,0.0,4950.0,5015.0,0.0,4386.0,0.0,5025.0
0.0,5025.0,0.0,5015.0,0.0,25.0,0.0,4952.0,5016.0,0.0,4386.0
0.0,5026.0,0.0,5026.0,0.0,5016.0,0.0,25.0,0.0,4954.0,5017.0
0.0,4386.0,0.0,5027.0,0.0,5027.0,0.0,5017.0,0.0,25.0,0.0
4956.0,5018.0,0.0,4386.0,0.0,5028.0,0.0,5028.0,0.0,5018.0,0.0
25.0,0.0,4958.0,4387.0,0.0,4354.0,0.0,5029.0,0.0,5030.0,0.0
5031.0,0.0,5032.0,0.0,5033.0,0.0,5034.0,0.0,5035.0,0.0,5036.0
0.0,5037.0,0.0,5038.0,0.0,5029.0,0.0,4387.0,0.0,5039.0,0.0
5039.0,0.0,5029.0,0.0,25.0,0.0,4961.0,5030.0,0.0,4387.0,0.0
5040.0,0.0,5040.0,0.0,5030.0,0.0,25.0,0.0,4963.0,5031.0,0.0
4387.0,0.0,5041.0,0.0,5041.0,0.0,5031.0,0.0,25.0,0.0,4965.0
5032.0,0.0,4387.0,0.0,5042.0,0.0,5042.0,0.0,5032.0,0.0,25.0
0.0,4967.0,5033.0,0.0,4387.0,0.0,5043.0,0.0,5043.0,0.0,5033.0
0.0,25.0,0.0,4969.0,5034.0,0.0,4387.0,0.0,5044.0,0.0,5044.0
0.0,5034.0,0.0,25.0,0.0,4971.0,5035.0,0.0,4387.0,0.0,5045.0
0.0,5045.0,0.0,5035.0,0.0,25.0,0.0,4973.0,5036.0,0.0,4387.0
0.0,5046.0,0.0,5046.0,0.0,5036.0,0.0,25.0,0.0,4975.0,5037.0
0.0,4387.0,0.0,5047.0,0.0,5047.0,0.0,5037.0,0.0,25.0,0.0
4977.0,5038.0,0.0,4387.0,0.0,5048.0,0.0,5048.0,0.0,5038.0,0.0
25.0,0.0,4979.0,4388.0,0.0,4354.0,0.0,5049.0,0.0,5050.0,0.0
5051.0,0.0,5052.0,0.0,5053.0,0.0,5054.0,0.0,5055.0,0.0,5056.0
0.0,5057.0,0.0,5058.0,0.0,5049.0,0.0,4388.0,0.0,5059.0,0.0
5059.0,0.0,5049.0,0.0,25.0,0.0,4982.0,5050.0,0.0,4388.0,0.0
5060.0,0.0,5060.0,0.0,5050.0,0.0,25.0,0.0,4984.0,5051.0,0.0
4388.0,0.0,5061.0,0.0,5061.0,0.0,5051.0,0.0,25.0,0.0,4986.0
5052.0,0.0,4388.0,0.0,5062.0,0.0,5062.0,0.0,5052.0,0.0,25.0
0.0,4988.0,5053.0,0.0,4388.0,0.0,5063.0,0.0,5063.0,0.0,5053.0
0.0,25.0,0.0,4990.0,5054.0,0.0,4388.0,0.0,5064.0,0.0,5064.0
0.0,5054.0,0.0,25.0,0.0,4992.0,5055.0,0.0,4388.0,0.0,5065.0
0.0,5065.0,0.0,5055.0,0.0,25.0,0.0,4994.0,5056.0,0.0,4388.0
0.0,5066.0,0.0,5066.0,0.0,5056.0,0.0,25.0,0.0,4996.0,5057.0
0.0,4388.0,0.0,5067.0,0.0,5067.0,0.0,5057.0,0.0,25.0,0.0
4998.0,5058.0,0.0,4388.0,0.0,5068.0,0.0,5068.0,0.0,5058.0,0.0
25.0,0.0,5000.0,67.0,0.0,50.0,0.0,25.0,0.0,5001.0,68.0
0.0,50.0,0.0,5069.0,0.0,5069.0,0.0,68.0,0.0,5070.0,0.0
5071.0,0.0,5072.0,0.0,5073.0,0.0,5074.0,0.0,5075.0,0.0,5076.0
0.0,5077.0,0.0,5078.0,0.0,5079.0,0.0,5080.0,0.0,5081.0,0.0
5082.0,0.0,5083.0,0.0,5084.0,0.0,5085.0,0.0,5086.0,0.0,5087.0
0.0,5088.0,0.0,5089.0,0.0,5090.0,0.0,5091.0,0.0,5092.0,0.0
5093.0,0.0,5094.0,0.0,5095.0,0.0,5096.0,0.0,5097.0,0.0,5098.0
0.0,5099.0,0.0,5100.0,0.0,5101.0,0.0,5102.0,0.0,5103.0,0.0
5070.0,0.0,5069.0,0.0,5104.0,0.0,5105.0,0.0,5106.0,0.0,5107.0
0.0,5108.0,0.0,5109.0,0.0,5110.0,0.0,5111.0,0.0,5112.0,0.0
5113.0,0.0,5104.0,0.0,5070.0,0.0,5114.0,0.0,5114.0,0.0,5104.0
0.0,28.0,0.0,5006.0,5105.0,0.0,5070.0,0.0,5115.0,0.0,5115.0
0.0,5105.0,0.0,28.0,0.0,5008.0,5106.0,0.0,5070.0,0.0,5116.0
0.0,5116.0,0.0,5106.0,0.0,28.0,0.0,5010.0,5107.0,0.0,5070.0
0.0,5117.0,0.0,5117.0,0.0,5107.0,0.0,28.0,0.0,5012.0,5108.0
0.0,5070.0,0.0,5118.0,0.0,5118.0,0.0,5108.0,0.0,28.0,0.0
5014.0,5109.0,0.0,5070.0,0.0,5119.0,0.0,5119.0,0.0,5109.0,0.0
28.0,0.0,5016.0,5110.0,0.0,5070.0,0.0,5120.0,0.0,5120.0,0.0
5110.0,0.0,28.0,0.0,5018.0,5111.0,0.0,5070.0,0.0,5121.0,0.0
5121.0,0.0,5111.0,0.0,28.0,0.0,5020.0,5112.0,0.0,5070.0,0.0
5122.0,0.0,5122.0,0.0,5112.0,0.0,28.0,0.0,5022.0,5113.0,0.0
5070.0,0.0,5123.0,0.0,5123.0,0.0,5113.0,0.0,28.0,0.0,5024.0
5071.0,0.0,5069.0,0.0,5124.0,0.0,5125.0,0.0,5126.0,0.0,5127.0
0.0,5128.0,0.0,5129.0,0.0,5130.0,0.0,5131.0,0.0,5132.0,0.0
5133.0,0.0,5124.0,0.0,5071.0,0.0,5134.0,0.0,5134.0,0.0,5124.0
0.0,28.0,0.0,5027.0,5125.0,0.0,5071.0,0.0,5135.0,0.0,5135.0
0.0,5125.0,0.0,28.0,0.0,5029.0,5126.0,0.0,5071.0,0.0,5136.0
0.0,5136.0,0.0,5126.0,0.0,28.0,0.0,5031.0,5127.0,0.0,5071.0
0.0,5137.0,0.0,5137.0,0.0,5127.0,0.0,28.0,0.0,5033.0,5128.0
0.0,5071.0,0.0,5138.0,0.0,5138.0,0.0,5128.0,0.0,28.0,0.0
5035.0,5129.0,0.0,5071.0,0.0,5139.0,0.0,5139.0,0.0,5129.0,0.0
28.0,0.0,5037.0,5130.0,0.0,5071.0,0.0,5140.0,0.0,5140.0,0.0
5130.0,0.0,28.0,0.0,5039.0,5131.0,0.0,5071.0,0.0,5141.0,0.0
5141.0,0.0,5131.0,0.0,28.0,0.0,5041.0,5132.0,0.0,5071.0,0.0
5142.0,0.0,5142.0,0.0,5132.0,0.0,28.0,0.0,5043.0,5133.0,0.0
5071.0,0.0,5143.0,0.0,5143.0,0.0,5133.0,0.0,28.0,0.0,5045.0
5072.0,0.0,5069.0,0.0,5144.0,0.0,5145.0,0.0,5146.0,0.0,5147.0
0.0,5148.0,0.0,5149.0,0.0,5150.0,0.0,5151.0,0.0,5152.0,0.0
5153.0,0.0,5144.0,0.0,5072.0,0.0,5154.0,0.0,5154.0,0.0,5144.0
0.0,28.0,0.0,5048.0,5145.0,0.0,5072.0,0.0,5155.0,0.0,5155.0
0.0,5145.0,0.0,28.0,0.0,5050.0,5146.0,0.0,5072.0,0.0,5156.0
0.0,5156.0,0.0,5146.0,0.0,28.0,0.0,5052.0,5147.0,0.0,5072.0
0.0,5157.0,0.0,5157.0,0.0,5147.0,0.0,28.0,0.0,5054.0,5148.0
0.0,5072.0,0.0,5158.0,0.0,5158.0,0.0,5148.0,0.0,28.0,0.0
5056.0,5149.0,0.0,5072.0,0.0,5159.0,0.0,5159.0,0.0,5149.0,0.0
28.0,0.0,5058.0,5150.0,0.0,5072.0,0.0,5160.0,0.0,5160.0,0.0
5150.0,0.0,28.0,0.0,5060.0,5151.0,0.0,5072.0,0.0,5161.0,0.0
5161.0,0.0,5151.0,0.0,28.0,0.0,5062.0,5152.0,0.0,5072.0,0.0
5162.0,0.0,5162.0,0.0,5152.0,0.0,28.0,0.0,5064.0,5153.0,0.0
5072.0,0.0,5163.0,0.0,5163.0,0.0,5153.0,0.0,28.0,0.0,5066.0
5073.0,0.0,5069.0,0.0,5164.0,0.0,5165.0,0.0,5166.0,0.0,5167.0
0.0,5168.0,0.0,5169.0,0.0,5170.0,0.0,5171.0,0.0,5172.0,0.0
5173.0,0.0,5164.0,0.0,5073.0,0.0,5174.0,0.0,5174.0,0.0,5164.0
0.0,28.0,0.0,5069.0,5165.0,0.0,5073.0,0.0,5175.0,0.0,5175.0
0.0,5165.0,0.0,28.0,0.0,5071.0,5166.0,0.0,5073.0,0.0,5176.0
0.0,5176.0,0.0,5166.0,0.0,28.0,0.0,5073.0,5167.0,0.0,5073.0
0.0,5177.0,0.0,5177.0,0.0,5167.0,0.0,28.0,0.0,5075.0,5168.0
0.0,5073.0,0.0,5178.0,0.0,5178.0,0.0,5168.0,0.0,28.0,0.0
5077.0,5169.0,0.0,5073.0,0.0,5179.0,0.0,5179.0,0.0,5169.0,0.0
28.0,0.0,5079.0,5170.0,0.0,5073.0,0.0,5180.0,0.0,5180.0,0.0
5170.0,0.0,28.0,0.0,5081.0,5171.0,0.0,5073.0,0.0,5181.0,0.0
5181.0,0.0,5171.0,0.0,28.0,0.0,5083.0,5172.0,0.0,5073.0,0.0
5182.0,0.0,5182.0,0.0,5172.0,0.0,28.0,0.0,5085.0,5173.0,0.0
5073.0,0.0,5183.0,0.0,5183.0,0.0,5173.0,0.0,28.0,0.0,5087.0
5074.0,0.0,5069.0,0.0,5184.0,0.0,5185.0,0.0,5186.0,0.0,5187.0
0.0,5188.0,0.0,5189.0,0.0,5190.0,0.0,5191.0,0.0,5192.0,0.0
5193.0,0.0,5184.0,0.0,5074.0,0.0,5194.0,0.0,5194.0,0.0,5184.0
0.0,28.0,0.0,5090.0,5185.0,0.0,5074.0,0.0,5195.0,0.0,5195.0
0.0,5185.0,0.0,28.0,0.0,5092.0,5186.0,0.0,5074.0,0.0,5196.0
0.0,5196.0,0.0,5186.0,0.0,28.0,0.0,5094.0,5187.0,0.0,5074.0
0.0,5197.0,0.0,5197.0,0.0,5187.0,0.0,28.0,0.0,5096.0,5188.0
0.0,5074.0,0.0,5198.0,0.0,5198.0,0.0,5188.0,0.0,28.0,0.0
5098.0,5189.0,0.0,5074.0,0.0,5199.0,0.0,5199.0,0.0,5189.0,0.0
28.0,0.0,5100.0,5190.0,0.0,5074.0,0.0,5200.0,0.0,5200.0,0.0
5190.0,0.0,28.0,0.0,5102.0,5191.0,0.0,5074.0,0.0,5201.0,0.0
5201.0,0.0,5191.0,0.0,28.0,0.0,5104.0,5192.0,0.0,5074.0,0.0
5202.0,0.0,5202.0,0.0,5192.0,0.0,28.0,0.0,5106.0,5193.0,0.0
5074.0,0.0,5203.0,0.0,5203.0,0.0,5193.0,0.0,28.0,0.0,5108.0
5075.0,0.0,5069.0,0.0,5204.0,0.0,5205.0,0.0,5206.0,0.0,5207.0
0.0,5208.0,0.0,5209.0,0.0,5210.0,0.0,5211.0,0.0,5212.0,0.0
5213.0,0.0,5204.0,0.0,5075.0,0.0,5214.0,0.0,5214.0,0.0,5204.0
0.0,28.0,0.0,5111.0,5205.0,0.0,5075.0,0.0,5215.0,0.0,5215.0
0.0,5205.0,0.0,28.0,0.0,5113.0,5206.0,0.0,5075.0,0.0,5216.0
0.0,5216.0,0.0,5206.0,0.0,28.0,0.0,5115.0,5207.0,0.0,5075.0
0.0,5217.0,0.0,5217.0,0.0,5207.0,0.0,28.0,0.0,5117.0,5208.0
0.0,5075.0,0.0,5218.0,0.0,5218.0,0.0,5208.0,0.0,28.0,0.0
5119.0,5209.0,0.0,5075.0,0.0,5219.0,0.0,5219.0,0.0,5209.0,0.0
28.0,0.0,5121.0,5210.0,0.0,5075.0,0.0,5220.0,0.0,5220.0,0.0
5210.0,0.0,28.0,0.0,5123.0,5211.0,0.0,5075.0,0.0,5221.0,0.0
5221.0,0.0,5211.0,0.0,28.0,0.0,5125.0,5212.0,0.0,5075.0,0.0
5222.0,0.0,5222.0,0.0,5212.0,0.0,28.0,0.0,5127.0,5213.0,0.0
5075.0,0.0,5223.0,0.0,5223.0,0.0,5213.0,0.0,28.0,0.0,5129.0
5076.0,0.0,5069.0,0.0,5224.0,0.0,5225.0,0.0,5226.0,0.0,5227.0
0.0,5228.0,0.0,5229.0,0.0,5230.0,0.0,5231.0,0.0,5232.0,0.0
5233.0,0.0,5224.0,0.0,5076.0,0.0,5234.0,0.0,5234.0,0.0,5224.0
0.0,28.0,0.0,5132.0,5225.0,0.0,5076.0,0.0,5235.0,0.0,5235.0
0.0,5225.0,0.0,28.0,0.0,5134.0,5226.0,0.0,5076.0,0.0,5236.0
0.0,5236.0,0.0,5226.0,0.0,28.0,0.0,5136.0,5227.0,0.0,5076.0
0.0,5237.0,0.0,5237.0,0.0,5227.0,0.0,28.0,0.0,5138.0,5228.0
0.0,5076.0,0.0,5238.0,0.0,5238.0,0.0,5228.0,0.0,28.0,0.0
5140.0,5229.0,0.0,5076.0,0.0,5239.0,0.0,5239.0,0.0,5229.0,0.0
28.0,0.0,5142.0,5230.0,0.0,5076.0,0.0,5240.0,0.0,5240.0,0.0
5230.0,0.0,28.0,0.0,5144.0,5231.0,0.0,5076.0,0.0,5241.0,0.0
5241.0,0.0,5231.0,0.0,28.0,0.0,5146.0,5232.0,0.0,5076.0,0.0
5242.0,0.0,5242.0,0.0,5232.0,0.0,28.0,0.0,5148.0,5233.0,0.0
5076.0,0.0,5243.0,0.0,5243.0,0.0,5233.0,0.0,28.0,0.0,5150.0
5077.0,0.0,5069.0,0.0,5244.0,0.0,5245.0,0.0,5246.0,0.0,5247.0
0.0,5248.0,0.0,5249.0,0.0,5250.0,0.0,5251.0,0.0,5252.0,0.0
5253.0,0.0,5244.0,0.0,5077.0,0.0,5254.0,0.0,5254.0,0.0,5244.0
0.0,28.0,0.0,5153.0,5245.0,0.0,5077.0,0.0,5255.0,0.0,5255.0
0.0,5245.0,0.0,28.0,0.0,5155.0,5246.0,0.0,5077.0,0.0,5256.0
0.0,5256.0,0.0,5246.0,0.0,28.0,0.0,5157.0,5247.0,0.0,5077.0
0.0,5257.0,0.0,5257.0,0.0,5247.0,0.0,28.0,0.0,5159.0,5248.0
0.0,5077.0,0.0,5258.0,0.0,5258.0,0.0,5248.0,0.0,28.0,0.0
5161.0,5249.0,0.0,5077.0,0.0,5259.0,0.0,5259.0,0.0,5249.0,0.0
28.0,0.0,5163.0,5250.0,0.0,5077.0,0.0,5260.0,0.0,5260.0,0.0
5250.0,0.0,28.0,0.0,5165.0,5251.0,0.0,5077.0,0.0,5261.0,0.0
5261.0,0.0,5251.0,0.0,28.0,0.0,5167.0,5252.0,0.0,5077.0,0.0
5262.0,0.0,5262.0,0.0,5252.0,0.0,28.0,0.0,5169.0,5253.0,0.0
5077.0,0.0,5263.0,0.0,5263.0,0.0,5253.0,0.0,28.0,0.0,5171.0
5078.0,0.0,5069.0,0.0,5264.0,0.0,5265.0,0.0,5266.0,0.0,5267.0
0.0,5268.0,0.0,5269.0,0.0,5270.0,0.0,5271.0,0.0,5272.0,0.0
5273.0,0.0,5264.0,0.0,5078.0,0.0,5274.0,0.0,5274.0,0.0,5264.0
0.0,28.0,0.0,5174.0,5265.0,0.0,5078.0,0.0,5275.0,0.0,5275.0
0.0,5265.0,0.0,28.0,0.0,5176.0,5266.0,0.0,5078.0,0.0,5276.0
0.0,5276.0,0.0,5266.0,0.0,28.0,0.0,5178.0,5267.0,0.0,5078.0
0.0,5277.0,0.0,5277.0,0.0,5267.0,0.0,28.0,0.0,5180.0,5268.0
0.0,5078.0,0.0,5278.0,0.0,5278.0,0.0,5268.0,0.0,28.0,0.0
5182.0,5269.0,0.0,5078.0,0.0,5279.0,0.0,5279.0,0.0,5269.0,0.0
28.0,0.0,5184.0,5270.0,0.0,5078.0,0.0,5280.0,0.0,5280.0,0.0
5270.0,0.0,28.0,0.0,5186.0,5271.0,0.0,5078.0,0.0,5281.0,0.0
5281.0,0.0,5271.0,0.0,28.0,0.0,5188.0,5272.0,0.0,5078.0,0.0
5282.0,0.0,5282.0,0.0,5272.0,0.0,28.0,0.0,5190.0,5273.0,0.0
5078.0,0.0,5283.0,0.0,5283.0,0.0,5273.0,0.0,28.0,0.0,5192.0
5079.0,0.0,5069.0,0.0,5284.0,0.0,5285.0,0.0,5286.0,0.0,5287.0
0.0,5288.0,0.0,5289.0,0.0,5290.0,0.0,5291.0,0.0,5292.0,0.0
5293.0,0.0,5284.0,0.0,5079.0,0.0,5294.0,0.0,5294.0,0.0,5284.0
0.0,28.0,0.0,5195.0,5285.0,0.0,5079.0,0.0,5295.0,0.0,5295.0
0.0,5285.0,0.0,28.0,0.0,5197.0,5286.0,0.0,5079.0,0.0,5296.0
0.0,5296.0,0.0,5286.0,0.0,28.0,0.0,5199.0,5287.0,0.0,5079.0
0.0,5297.0,0.0,5297.0,0.0,5287.0,0.0,28.0,0.0,5201.0,5288.0
0.0,5079.0,0.0,5298.0,0.0,5298.0,0.0,5288.0,0.0,28.0,0.0
5203.0,5289.0,0.0,5079.0,0.0,5299.0,0.0,5299.0,0.0,5289.0,0.0
28.0,0.0,5205.0,5290.0,0.0,5079.0,0.0,5300.0,0.0,5300.0,0.0
5290.0,0.0,28.0,0.0,5207.0,5291.0,0.0,5079.0,0.0,5301.0,0.0
5301.0,0.0,5291.0,0.0,28.0,0.0,5209.0,5292.0,0.0,5079.0,0.0
5302.0,0.0,5302.0,0.0,5292.0,0.0,28.0,0.0,5211.0,5293.0,0.0
5079.0,0.0,5303.0,0.0,5303.0,0.0,5293.0,0.0,28.0,0.0,5213.0
5080.0,0.0,5069.0,0.0,5304.0,0.0,5305.0,0.0,5306.0,0.0,5307.0
0.0,5308.0,0.0,5309.0,0.0,5310.0,0.0,5311.0,0.0,5312.0,0.0
5313.0,0.0,5304.0,0.0,5080.0,0.0,5314.0,0.0,5314.0,0.0,5304.0
0.0,28.0,0.0,5216.0,5305.0,0.0,5080.0,0.0,5315.0,0.0,5315.0
0.0,5305.0,0.0,28.0,0.0,5218.0,5306.0,0.0,5080.0,0.0,5316.0
0.0,5316.0,0.0,5306.0,0.0,28.0,0.0,5220.0,5307.0,0.0,5080.0
0.0,5317.0,0.0,5317.0,0.0,5307.0,0.0,28.0,0.0,5222.0,5308.0
0.0,5080.0,0.0,5318.0,0.0,5318.0,0.0,5308.0,0.0,28.0,0.0
5224.0,5309.0,0.0,5080.0,0.0,5319.0,0.0,5319.0,0.0,5309.0,0.0
28.0,0.0,5226.0,5310.0,0.0,5080.0,0.0,5320.0,0.0,5320.0,0.0
5310.0,0.0,28.0,0.0,5228.0,5311.0,0.0,5080.0,0.0,5321.0,0.0
5321.0,0.0,5311.0,0.0,28.0,0.0,5230.0,5312.0,0.0,5080.0,0.0
5322.0,0.0,5322.0,0.0,5312.0,0.0,28.0,0.0,5232.0,5313.0,0.0
5080.0,0.0,5323.0,0.0,5323.0,0.0,5313.0,0.0,28.0,0.0,5234.0
5081.0,0.0,5069.0,0.0,5324.0,0.0,5325.0,0.0,5326.0,0.0,5327.0
0.0,5328.0,0.0,5329.0,0.0,5330.0,0.0,5331.0,0.0,5332.0,0.0
5333.0,0.0,5324.0,0.0,5081.0,0.0,5334.0,0.0,5334.0,0.0,5324.0
0.0,28.0,0.0,5237.0,5325.0,0.0,5081.0,0.0,5335.0,0.0,5335.0
0.0,5325.0,0.0,28.0,0.0,5239.0,5326.0,0.0,5081.0,0.0,5336.0
0.0,5336.0,0.0,5326.0,0.0,28.0,0.0,5241.0,5327.0,0.0,5081.0
0.0,5337.0,0.0,5337.0,0.0,5327.0,0.0,28.0,0.0,5243.0,5328.0
0.0,5081.0,0.0,5338.0,0.0,5338.0,0.0,5328.0,0.0,28.0,0.0
5245.0,5329.0,0.0,5081.0,0.0,5339.0,0.0,5339.0,0.0,5329.0,0.0
28.0,0.0,5247.0,5330.0,0.0,5081.0,0.0,5340.0,0.0,5340.0,0.0
5330.0,0.0,28.0,0.0,5249.0,5331.0,0.0,5081.0,0.0,5341.0,0.0
5341.0,0.0,5331.0,0.0,28.0,0.0,5251.0,5332.0,0.0,5081.0,0.0
5342.0,0.0,5342.0,0.0,5332.0,0.0,28.0,0.0,5253.0,5333.0,0.0
5081.0,0.0,5343.0,0.0,5343.0,0.0,5333.0,0.0,28.0,0.0,5255.0
5082.0,0.0,5069.0,0.0,5344.0,0.0,5345.0,0.0,5346.0,0.0,5347.0
0.0,5348.0,0.0,5349.0,0.0,5350.0,0.0,5351.0,0.0,5352.0,0.0
5353.0,0.0,5344.0,0.0,5082.0,0.0,5354.0,0.0,5354.0,0.0,5344.0
0.0,28.0,0.0,5258.0,5345.0,0.0,5082.0,0.0,5355.0,0.0,5355.0
0.0,5345.0,0.0,28.0,0.0,5260.0,5346.0,0.0,5082.0,0.0,5356.0
0.0,5356.0,0.0,5346.0,0.0,28.0,0.0,5262.0,5347.0,0.0,5082.0
0.0,5357.0,0.0,5357.0,0.0,5347.0,0.0,28.0,0.0,5264.0,5348.0
0.0,5082.0,0.0,5358.0,0.0,5358.0,0.0,5348.0,0.0,28.0,0.0
5266.0,5349.0,0.0,5082.0,0.0,5359.0,0.0,5359.0,0.0,5349.0,0.0
28.0,0.0,5268.0,5350.0,0.0,5082.0,0.0,5360.0,0.0,5360.0,0.0
5350.0,0.0,28.0,0.0,5270.0,5351.0,0.0,5082.0,0.0,5361.0,0.0
5361.0,0.0,5351.0,0.0,28.0,0.0,5272.0,5352.0,0.0,5082.0,0.0
5362.0,0.0,5362.0,0.0,5352.0,0.0,28.0,0.0,5274.0,5353.0,0.0
5082.0,0.0,5363.0,0.0,5363.0,0.0,5353.0,0.0,28.0,0.0,5276.0
5083.0,0.0,5069.0,0.0,5364.0,0.0,5365.0,0.0,5366.0,0.0,5367.0
0.0,5368.0,0.0,5369.0,0.0,5370.0,0.0,5371.0,0.0,5372.0,0.0
5373.0,0.0,5364.0,0.0,5083.0,0.0,5374.0,0.0,5374.0,0.0,5364.0
0.0,28.0,0.0,5279.0,5365.0,0.0,5083.0,0.0,5375.0,0.0,5375.0
0.0,5365.0,0.0,28.0,0.0,5281.0,5366.0,0.0,5083.0,0.0,5376.0
0.0,5376.0,0.0,5366.0,0.0,28.0,0.0,5283.0,5367.0,0.0,5083.0
0.0,5377.0,0.0,5377.0,0.0,5367.0,0.0,28.0,0.0,5285.0,5368.0
0.0,5083.0,0.0,5378.0,0.0,5378.0,0.0,5368.0,0.0,28.0,0.0
5287.0,5369.0,0.0,5083.0,0.0,5379.0,0.0,5379.0,0.0,5369.0,0.0
28.0,0.0,5289.0,5370.0,0.0,5083.0,0.0,5380.0,0.0,5380.0,0.0
5370.0,0.0,28.0,0.0,5291.0,5371.0,0.0,5083.0,0.0,5381.0,0.0
5381.0,0.0,5371.0,0.0,28.0,0.0,5293.0,5372.0,0.0,5083.0,0.0
5382.0,0.0,5382.0,0.0,5372.0,0.0,28.0,0.0,5295.0,5373.0,0.0
5083.0,0.0,5383.0,0.0,5383.0,0.0,5373.0,0.0,28.0,0.0,5297.0
5084.0,0.0,5069.0,0.0,5384.0,0.0,5385.0,0.0,5386.0,0.0,5387.0
0.0,5388.0,0.0,5389.0,0.0,5390.0,0.0,5391.0,0.0,5392.0,0.0
5393.0,0.0,5384.0,0.0,5084.0,0.0,5394.0,0.0,5394.0,0.0,5384.0
0.0,28.0,0.0,5300.0,5385.0,0.0,5084.0,0.0,5395.0,0.0,5395.0
0.0,5385.0,0.0,28.0,0.0,5302.0,5386.0,0.0,5084.0,0.0,5396.0
0.0,5396.0,0.0,5386.0,0.0,28.0,0.0,5304.0,5387.0,0.0,5084.0
0.0,5397.0,0.0,5397.0,0.0,5387.0,0.0,28.0,0.0,5306.0,5388.0
0.0,5084.0,0.0,5398.0,0.0,5398.0,0.0,5388.0,0.0,28.0,0.0
5308.0,5389.0,0.0,5084.0,0.0,5399.0,0.0,5399.0,0.0,5389.0,0.0
28.0,0.0,5310.0,5390.0,0.0,5084.0,0.0,5400.0,0.0,5400.0,0.0
5390.0,0.0,28.0,0.0,5312.0,5391.0,0.0,5084.0,0.0,5401.0,0.0
5401.0,0.0,5391.0,0.0,28.0,0.0,5314.0,5392.0,0.0,5084.0,0.0
5402.0,0.0,5402.0,0.0,5392.0,0.0,28.0,0.0,5316.0,5393.0,0.0
5084.0,0.0,5403.0,0.0,5403.0,0.0,5393.0,0.0,28.0,0.0,5318.0
5085.0,0.0,5069.0,0.0,5404.0,0.0,5405.0,0.0,5406.0,0.0,5407.0
0.0,5408.0,0.0,5409.0,0.0,5410.0,0.0,5411.0,0.0,5412.0,0.0
5413.0,0.0,5404.0,0.0,5085.0,0.0,5414.0,0.0,5414.0,0.0,5404.0
0.0,28.0,0.0,5321.0,5405.0,0.0,5085.0,0.0,5415.0,0.0,5415.0
0.0,5405.0,0.0,28.0,0.0,5323.0,5406.0,0.0,5085.0,0.0,5416.0
0.0,5416.0,0.0,5406.0,0.0,28.0,0.0,5325.0,5407.0,0.0,5085.0
0.0,5417.0,0.0,5417.0,0.0,5407.0,0.0,28.0,0.0,5327.0,5408.0
0.0,5085.0,0.0,5418.0,0.0,5418.0,0.0,5408.0,0.0,28.0,0.0
5329.0,5409.0,0.0,5085.0,0.0,5419.0,0.0,5419.0,0.0,5409.0,0.0
28.0,0.0,5331.0,5410.0,0.0,5085.0,0.0,5420.0,0.0,5420.0,0.0
5410.0,0.0,28.0,0.0,5333.0,5411.0,0.0,5085.0,0.0,5421.0,0.0
5421.0,0.0,5411.0,0.0,28.0,0.0,5335.0,5412.0,0.0,5085.0,0.0
5422.0,0.0,5422.0,0.0,5412.0,0.0,28.0,0.0,5337.0,5413.0,0.0
5085.0,0.0,5423.0,0.0,5423.0,0.0,5413.0,0.0,28.0,0.0,5339.0
5086.0,0.0,5069.0,0.0,5424.0,0.0,5425.0,0.0,5426.0,0.0,5427.0
0.0,5428.0,0.0,5429.0,0.0,5430.0,0.0,5431.0,0.0,5432.0,0.0
5433.0,0.0,5424.0,0.0,5086.0,0.0,5434.0,0.0,5434.0,0.0,5424.0
0.0,28.0,0.0,5342.0,5425.0,0.0,5086.0,0.0,5435.0,0.0,5435.0
0.0,5425.0,0.0,28.0,0.0,5344.0,5426.0,0.0,5086.0,0.0,5436.0
0.0,5436.0,0.0,5426.0,0.0,28.0,0.0,5346.0,5427.0,0.0,5086.0
0.0,5437.0,0.0,5437.0,0.0,5427.0,0.0,28.0,0.0,5348.0,5428.0
0.0,5086.0,0.0,5438.0,0.0,5438.0,0.0,5428.0,0.0,28.0,0.0
5350.0,5429.0,0.0,5086.0,0.0,5439.0,0.0,5439.0,0.0,5429.0,0.0
28.0,0.0,5352.0,5430.0,0.0,5086.0,0.0,5440.0,0.0,5440.0,0.0
5430.0,0.0,28.0,0.0,5354.0,5431.0,0.0,5086.0,0.0,5441.0,0.0
5441.0,0.0,5431.0,0.0,28.0,0.0,5356.0,5432.0,0.0,5086.0,0.0
5442.0,0.0,5442.0,0.0,5432.0,0.0,28.0,0.0,5358.0,5433.0,0.0
5086.0,0.0,5443.0,0.0,5443.0,0.0,5433.0,0.0,28.0,0.0,5360.0
5087.0,0.0,5069.0,0.0,5444.0,0.0,5445.0,0.0,5446.0,0.0,5447.0
0.0,5448.0,0.0,5449.0,0.0,5450.0,0.0,5451.0,0.0,5452.0,0.0
5453.0,0.0,5444.0,0.0,5087.0,0.0,5454.0,0.0,5454.0,0.0,5444.0
0.0,28.0,0.0,5363.0,5445.0,0.0,5087.0,0.0,5455.0,0.0,5455.0
0.0,5445.0,0.0,28.0,0.0,5365.0,5446.0,0.0,5087.0,0.0,5456.0
0.0,5456.0,0.0,5446.0,0.0,28.0,0.0,5367.0,5447.0,0.0,5087.0
0.0,5457.0,0.0,5457.0,0.0,5447.0,0.0,28.0,0.0,5369.0,5448.0
0.0,5087.0,0.0,5458.0,0.0,5458.0,0.0,5448.0,0.0,28.0,0.0
5371.0,5449.0,0.0,5087.0,0.0,5459.0,0.0,5459.0,0.0,5449.0,0.0
28.0,0.0,5373.0,5450.0,0.0,5087.0,0.0,5460.0,0.0,5460.0,0.0
5450.0,0.0,28.0,0.0,5375.0,5451.0,0.0,5087.0,0.0,5461.0,0.0
5461.0,0.0,5451.0,0.0,28.0,0.0,5377.0,5452.0,0.0,5087.0,0.0
5462.0,0.0,5462.0,0.0,5452.0,0.0,28.0,0.0,5379.0,5453.0,0.0
5087.0,0.0,5463.0,0.0,5463.0,0.0,5453.0,0.0,28.0,0.0,5381.0
5088.0,0.0,5069.0,0.0,5464.0,0.0,5465.0,0.0,5466.0,0.0,5467.0
0.0,5468.0,0.0,5469.0,0.0,5470.0,0.0,5471.0,0.0,5472.0,0.0
5473.0,0.0,5464.0,0.0,5088.0,0.0,5474.0,0.0,5474.0,0.0,5464.0
0.0,28.0,0.0,5384.0,5465.0,0.0,5088.0,0.0,5475.0,0.0,5475.0
0.0,5465.0,0.0,28.0,0.0,5386.0,5466.0,0.0,5088.0,0.0,5476.0
0.0,5476.0,0.0,5466.0,0.0,28.0,0.0,5388.0,5467.0,0.0,5088.0
0.0,5477.0,0.0,5477.0,0.0,5467.0,0.0,28.0,0.0,5390.0,5468.0
0.0,5088.0,0.0,5478.0,0.0,5478.0,0.0,5468.0,0.0,28.0,0.0
5392.0,5469.0,0.0,5088.0,0.0,5479.0,0.0,5479.0,0.0,5469.0,0.0
28.0,0.0,5394.0,5470.0,0.0,5088.0,0.0,5480.0,0.0,5480.0,0.0
5470.0,0.0,28.0,0.0,5396.0,5471.0,0.0,5088.0,0.0,5481.0,0.0
5481.0,0.0,5471.0,0.0,28.0,0.0,5398.0,5472.0,0.0,5088.0,0.0
5482.0,0.0,5482.0,0.0,5472.0,0.0,28.0,0.0,5400.0,5473.0,0.0
5088.0,0.0,5483.0,0.0,5483.0,0.0,5473.0,0.0,28.0,0.0,5402.0
5089.0,0.0,5069.0,0.0,5484.0,0.0,5485.0,0.0,5486.0,0.0,5487.0
0.0,5488.0,0.0,5489.0,0.0,5490.0,0.0,5491.0,0.0,5492.0,0.0
5493.0,0.0,5484.0,0.0,5089.0,0.0,5494.0,0.0,5494.0,0.0,5484.0
0.0,28.0,0.0,5405.0,5485.0,0.0,5089.0,0.0,5495.0,0.0,5495.0
0.0,5485.0,0.0,28.0,0.0,5407.0,5486.0,0.0,5089.0,0.0,5496.0
0.0,5496.0,0.0,5486.0,0.0,28.0,0.0,5409.0,5487.0,0.0,5089.0
0.0,5497.0,0.0,5497.0,0.0,5487.0,0.0,28.0,0.0,5411.0,5488.0
0.0,5089.0,0.0,5498.0,0.0,5498.0,0.0,5488.0,0.0,28.0,0.0
5413.0,5489.0,0.0,5089.0,0.0,5499.0,0.0,5499.0,0.0,5489.0,0.0
28.0,0.0,5415.0,5490.0,0.0,5089.0,0.0,5500.0,0.0,5500.0,0.0
5490.0,0.0,28.0,0.0,5417.0,5491.0,0.0,5089.0,0.0,5501.0,0.0
5501.0,0.0,5491.0,0.0,28.0,0.0,5419.0,5492.0,0.0,5089.0,0.0
5502.0,0.0,5502.0,0.0,5492.0,0.0,28.0,0.0,5421.0,5493.0,0.0
5089.0,0.0,5503.0,0.0,5503.0,0.0,5493.0,0.0,28.0,0.0,5423.0
5090.0,0.0,5069.0,0.0,5504.0,0.0,5505.0,0.0,5506.0,0.0,5507.0
0.0,5508.0,0.0,5509.0,0.0,5510.0,0.0,5511.0,0.0,5512.0,0.0
5513.0,0.0,5504.0,0.0,5090.0,0.0,5514.0,0.0,5514.0,0.0,5504.0
0.0,28.0,0.0,5426.0,5505.0,0.0,5090.0,0.0,5515.0,0.0,5515.0
0.0,5505.0,0.0,28.0,0.0,5428.0,5506.0,0.0,5090.0,0.0,5516.0
0.0,5516.0,0.0,5506.0,0.0,28.0,0.0,5430.0,5507.0,0.0,5090.0
0.0,5517.0,0.0,5517.0,0.0,5507.0,0.0,28.0,0.0,5432.0,5508.0
0.0,5090.0,0.0,5518.0,0.0,5518.0,0.0,5508.0,0.0,28.0,0.0
5434.0,5509.0,0.0,5090.0,0.0,5519.0,0.0,5519.0,0.0,5509.0,0.0
28.0,0.0,5436.0,5510.0,0.0,5090.0,0.0,5520.0,0.0,5520.0,0.0
5510.0,0.0,28.0,0.0,5438.0,5511.0,0.0,5090.0,0.0,5521.0,0.0
5521.0,0.0,5511.0,0.0,28.0,0.0,5440.0,5512.0,0.0,5090.0,0.0
5522.0,0.0,5522.0,0.0,5512.0,0.0,28.0,0.0,5442.0,5513.0,0.0
5090.0,0.0,5523.0,0.0,5523.0,0.0,5513.0,0.0,28.0,0.0,5444.0
5091.0,0.0,5069.0,0.0,5524.0,0.0,5525.0,0.0,5526.0,0.0,5527.0
0.0,5528.0,0.0,5529.0,0.0,5530.0,0.0,5531.0,0.0,5532.0,0.0
5533.0,0.0,5524.0,0.0,5091.0,0.0,5534.0,0.0,5534.0,0.0,5524.0
0.0,28.0,0.0,5447.0,5525.0,0.0,5091.0,0.0,5535.0,0.0,5535.0
0.0,5525.0,0.0,28.0,0.0,5449.0,5526.0,0.0,5091.0,0.0,5536.0
0.0,5536.0,0.0,5526.0,0.0,28.0,0.0,5451.0,5527.0,0.0,5091.0
0.0,5537.0,0.0,5537.0,0.0,5527.0,0.0,28.0,0.0,5453.0,5528.0
0.0,5091.0,0.0,5538.0,0.0,5538.0,0.0,5528.0,0.0,28.0,0.0
5455.0,5529.0,0.0,5091.0,0.0,5539.0,0.0,5539.0,0.0,5529.0,0.0
28.0,0.0,5457.0,5530.0,0.0,5091.0,0.0,5540.0,0.0,5540.0,0.0
5530.0,0.0,28.0,0.0,5459.0,5531.0,0.0,5091.0,0.0,5541.0,0.0
5541.0,0.0,5531.0,0.0,28.0,0.0,5461.0,5532.0,0.0,5091.0,0.0
5542.0,0.0,5542.0,0.0,5532.0,0.0,28.0,0.0,5463.0,5533.0,0.0
5091.0,0.0,5543.0,0.0,5543.0,0.0,5533.0,0.0,28.0,0.0,5465.0
5092.0,0.0,5069.0,0.0,5544.0,0.0,5545.0,0.0,5546.0,0.0,5547.0
0.0,5548.0,0.0,5549.0,0.0,5550.0,0.0,5551.0,0.0,5552.0,0.0
5553.0,0.0,5544.0,0.0,5092.0,0.0,5554.0,0.0,5554.0,0.0,5544.0
0.0,28.0,0.0,5468.0,5545.0,0.0,5092.0,0.0,5555.0,0.0,5555.0
0.0,5545.0,0.0,28.0,0.0,5470.0,5546.0,0.0,5092.0,0.0,5556.0
0.0,5556.0,0.0,5546.0,0.0,28.0,0.0,5472.0,5547.0,0.0,5092.0
0.0,5557.0,0.0,5557.0,0.0,5547.0,0.0,28.0,0.0,5474.0,5548.0
0.0,5092.0,0.0,5558.0,0.0,5558.0,0.0,5548.0,0.0,28.0,0.0
5476.0,5549.0,0.0,5092.0,0.0,5559.0,0.0,5559.0,0.0,5549.0,0.0
28.0,0.0,5478.0,5550.0,0.0,5092.0,0.0,5560.0,0.0,5560.0,0.0
5550.0,0.0,28.0,0.0,5480.0,5551.0,0.0,5092.0,0.0,5561.0,0.0
5561.0,0.0,5551.0,0.0,28.0,0.0,5482.0,5552.0,0.0,5092.0,0.0
5562.0,0.0,5562.0,0.0,5552.0,0.0,28.0,0.0,5484.0,5553.0,0.0
5092.0,0.0,5563.0,0.0,5563.0,0.0,5553.0,0.0,28.0,0.0,5486.0
5093.0,0.0,5069.0,0.0,5564.0,0.0,5565.0,0.0,5566.0,0.0,5567.0
0.0,5568.0,0.0,5569.0,0.0,5570.0,0.0,5571.0,0.0,5572.0,0.0
5573.0,0.0,5564.0,0.0,5093.0,0.0,5574.0,0.0,5574.0,0.0,5564.0
0.0,28.0,0.0,5489.0,5565.0,0.0,5093.0,0.0,5575.0,0.0,5575.0
0.0,5565.0,0.0,28.0,0.0,5491.0,5566.0,0.0,5093.0,0.0,5576.0
0.0,5576.0,0.0,5566.0,0.0,28.0,0.0,5493.0,5567.0,0.0,5093.0
0.0,5577.0,0.0,5577.0,0.0,5567.0,0.0,28.0,0.0,5495.0,5568.0
0.0,5093.0,0.0,5578.0,0.0,5578.0,0.0,5568.0,0.0,28.0,0.0
5497.0,5569.0,0.0,5093.0,0.0,5579.0,0.0,5579.0,0.0,5569.0,0.0
28.0,0.0,5499.0,5570.0,0.0,5093.0,0.0,5580.0,0.0,5580.0,0.0
5570.0,0.0,28.0,0.0,5501.0,5571.0,0.0,5093.0,0.0,5581.0,0.0
5581.0,0.0,5571.0,0.0,28.0,0.0,5503.0,5572.0,0.0,5093.0,0.0
5582.0,0.0,5582.0,0.0,5572.0,0.0,28.0,0.0,5505.0,5573.0,0.0
5093.0,0.0,5583.0,0.0,5583.0,0.0,5573.0,0.0,28.0,0.0,5507.0
5094.0,0.0,5069.0,0.0,5584.0,0.0,5585.0,0.0,5586.0,0.0,5587.0
0.0,5588.0,0.0,5589.0,0.0,5590.0,0.0,5591.0,0.0,5592.0,0.0
5593.0,0.0,5584.0,0.0,5094.0,0.0,5594.0,0.0,5594.0,0.0,5584.0
0.0,28.0,0.0,5510.0,5585.0,0.0,5094.0,0.0,5595.0,0.0,5595.0
0.0,5585.0,0.0,28.0,0.0,5512.0,5586.0,0.0,5094.0,0.0,5596.0
0.0,5596.0,0.0,5586.0,0.0,28.0,0.0,5514.0,5587.0,0.0,5094.0
0.0,5597.0,0.0,5597.0,0.0,5587.0,0.0,28.0,0.0,5516.0,5588.0
0.0,5094.0,0.0,5598.0,0.0,5598.0,0.0,5588.0,0.0,28.0,0.0
5518.0,5589.0,0.0,5094.0,0.0,5599.0,0.0,5599.0,0.0,5589.0,0.0
28.0,0.0,5520.0,5590.0,0.0,5094.0,0.0,5600.0,0.0,5600.0,0.0
5590.0,0.0,28.0,0.0,5522.0,5591.0,0.0,5094.0,0.0,5601.0,0.0
5601.0,0.0,5591.0,0.0,28.0,0.0,5524.0,5592.0,0.0,5094.0,0.0
5602.0,0.0,5602.0,0.0,5592.0,0.0,28.0,0.0,5526.0,5593.0,0.0
5094.0,0.0,5603.0,0.0,5603.0,0.0,5593.0,0.0,28.0,0.0,5528.0
5095.0,0.0,5069.0,0.0,5604.0,0.0,5605.0,0.0,5606.0,0.0,5607.0
0.0,5608.0,0.0,5609.0,0.0,5610.0,0.0,5611.0,0.0,5612.0,0.0
5613.0,0.0,5604.0,0.0,5095.0,0.0,5614.0,0.0,5614.0,0.0,5604.0
0.0,28.0,0.0,5531.0,5605.0,0.0,5095.0,0.0,5615.0,0.0,5615.0
0.0,5605.0,0.0,28.0,0.0,5533.0,5606.0,0.0,5095.0,0.0,5616.0
0.0,5616.0,0.0,5606.0,0.0,28.0,0.0,5535.0,5607.0,0.0,5095.0
0.0,5617.0,0.0,5617.0,0.0,5607.0,0.0,28.0,0.0,5537.0,5608.0
0.0,5095.0,0.0,5618.0,0.0,5618.0,0.0,5608.0,0.0,28.0,0.0
5539.0,5609.0,0.0,5095.0,0.0,5619.0,0.0,5619.0,0.0,5609.0,0.0
28.0,0.0,5541.0,5610.0,0.0,5095.0,0.0,5620.0,0.0,5620.0,0.0
5610.0,0.0,28.0,0.0,5543.0,5611.0,0.0,5095.0,0.0,5621.0,0.0
5621.0,0.0,5611.0,0.0,28.0,0.0,5545.0,5612.0,0.0,5095.0,0.0
5622.0,0.0,5622.0,0.0,5612.0,0.0,28.0,0.0,5547.0,5613.0,0.0
5095.0,0.0,5623.0,0.0,5623.0,0.0,5613.0,0.0,28.0,0.0,5549.0
5096.0,0.0,5069.0,0.0,5624.0,0.0,5625.0,0.0,5626.0,0.0,5627.0
0.0,5628.0,0.0,5629.0,0.0,5630.0,0.0,5631.0,0.0,5632.0,0.0
5633.0,0.0,5624.0,0.0,5096.0,0.0,5634.0,0.0,5634.0,0.0,5624.0
0.0,28.0,0.0,5552.0,5625.0,0.0,5096.0,0.0,5635.0,0.0,5635.0
0.0,5625.0,0.0,28.0,0.0,5554.0,5626.0,0.0,5096.0,0.0,5636.0
0.0,5636.0,0.0,5626.0,0.0,28.0,0.0,5556.0,5627.0,0.0,5096.0
0.0,5637.0,0.0,5637.0,0.0,5627.0,0.0,28.0,0.0,5558.0,5628.0
0.0,5096.0,0.0,5638.0,0.0,5638.0,0.0,5628.0,0.0,28.0,0.0
5560.0,5629.0,0.0,5096.0,0.0,5639.0,0.0,5639.0,0.0,5629.0,0.0
28.0,0.0,5562.0,5630.0,0.0,5096.0,0.0,5640.0,0.0,5640.0,0.0
5630.0,0.0,28.0,0.0,5564.0,5631.0,0.0,5096.0,0.0,5641.0,0.0
5641.0,0.0,5631.0,0.0,28.0,0.0,5566.0,5632.0,0.0,5096.0,0.0
5642.0,0.0,5642.0,0.0,5632.0,0.0,28.0,0.0,5568.0,5633.0,0.0
5096.0,0.0,5643.0,0.0,5643.0,0.0,5633.0,0.0,28.0,0.0,5570.0
5097.0,0.0,5069.0,0.0,5644.0,0.0,5645.0,0.0,5646.0,0.0,5647.0
0.0,5648.0,0.0,5649.0,0.0,5650.0,0.0,5651.0,0.0,5652.0,0.0
5653.0,0.0,5644.0,0.0,5097.0,0.0,5654.0,0.0,5654.0,0.0,5644.0
0.0,28.0,0.0,5573.0,5645.0,0.0,5097.0,0.0,5655.0,0.0,5655.0
0.0,5645.0,0.0,28.0,0.0,5575.0,5646.0,0.0,5097.0,0.0,5656.0
0.0,5656.0,0.0,5646.0,0.0,28.0,0.0,5577.0,5647.0,0.0,5097.0
0.0,5657.0,0.0,5657.0,0.0,5647.0,0.0,28.0,0.0,5579.0,5648.0
0.0,5097.0,0.0,5658.0,0.0,5658.0,0.0,5648.0,0.0,28.0,0.0
5581.0,5649.0,0.0,5097.0,0.0,5659.0,0.0,5659.0,0.0,5649.0,0.0
28.0,0.0,5583.0,5650.0,0.0,5097.0,0.0,5660.0,0.0,5660.0,0.0
5650.0,0.0,28.0,0.0,5585.0,5651.0,0.0,5097.0,0.0,5661.0,0.0
5661.0,0.0,5651.0,0.0,28.0,0.0,5587.0,5652.0,0.0,5097.0,0.0
5662.0,0.0,5662.0,0.0,5652.0,0.0,28.0,0.0,5589.0,5653.0,0.0
5097.0,0.0,5663.0,0.0,5663.0,0.0,5653.0,0.0,28.0,0.0,5591.0
5098.0,0.0,5069.0,0.0,5664.0,0.0,5665.0,0.0,5666.0,0.0,5667.0
0.0,5668.0,0.0,5669.0,0.0,5670.0,0.0,5671.0,0.0,5672.0,0.0
5673.0,0.0,5664.0,0.0,5098.0,0.0,5674.0,0.0,5674.0,0.0,5664.0
0.0,28.0,0.0,5594.0,5665.0,0.0,5098.0,0.0,5675.0,0.0,5675.0
0.0,5665.0,0.0,28.0,0.0,5596.0,5666.0,0.0,5098.0,0.0,5676.0
0.0,5676.0,0.0,5666.0,0.0,28.0,0.0,5598.0,5667.0,0.0,5098.0
0.0,5677.0,0.0,5677.0,0.0,5667.0,0.0,28.0,0.0,5600.0,5668.0
0.0,5098.0,0.0,5678.0,0.0,5678.0,0.0,5668.0,0.0,28.0,0.0
5602.0,5669.0,0.0,5098.0,0.0,5679.0,0.0,5679.0,0.0,5669.0,0.0
28.0,0.0,5604.0,5670.0,0.0,5098.0,0.0,5680.0,0.0,5680.0,0.0
5670.0,0.0,28.0,0.0,5606.0,5671.0,0.0,5098.0,0.0,5681.0,0.0
5681.0,0.0,5671.0,0.0,28.0,0.0,5608.0,5672.0,0.0,5098.0,0.0
5682.0,0.0,5682.0,0.0,5672.0,0.0,28.0,0.0,5610.0,5673.0,0.0
5098.0,0.0,5683.0,0.0,5683.0,0.0,5673.0,0.0,28.0,0.0,5612.0
5099.0,0.0,5069.0,0.0,5684.0,0.0,5685.0,0.0,5686.0,0.0,5687.0
0.0,5688.0,0.0,5689.0,0.0,5690.0,0.0,5691.0,0.0,5692.0,0.0
5693.0,0.0,5684.0,0.0,5099.0,0.0,5694.0,0.0,5694.0,0.0,5684.0
0.0,28.0,0.0,5615.0,5685.0,0.0,5099.0,0.0,5695.0,0.0,5695.0
0.0,5685.0,0.0,28.0,0.0,5617.0,5686.0,0.0,5099.0,0.0,5696.0
0.0,5696.0,0.0,5686.0,0.0,28.0,0.0,5619.0,5687.0,0.0,5099.0
0.0,5697.0,0.0,5697.0,0.0,5687.0,0.0,28.0,0.0,5621.0,5688.0
0.0,5099.0,0.0,5698.0,0.0,5698.0,0.0,5688.0,0.0,28.0,0.0
5623.0,5689.0,0.0,5099.0,0.0,5699.0,0.0,5699.0,0.0,5689.0,0.0
28.0,0.0,5625.0,5690.0,0.0,5099.0,0.0,5700.0,0.0,5700.0,0.0
5690.0,0.0,28.0,0.0,5627.0,5691.0,0.0,5099.0,0.0,5701.0,0.0
5701.0,0.0,5691.0,0.0,28.0,0.0,5629.0,5692.0,0.0,5099.0,0.0
5702.0,0.0,5702.0,0.0,5692.0,0.0,28.0,0.0,5631.0,5693.0,0.0
5099.0,0.0,5703.0,0.0,5703.0,0.0,5693.0,0.0,28.0,0.0,5633.0
5100.0,0.0,5069.0,0.0,5704.0,0.0,5705.0,0.0,5706.0,0.0,5707.0
0.0,5708.0,0.0,5709.0,0.0,5710.0,0.0,5711.0,0.0,5712.0,0.0
5713.0,0.0,5704.0,0.0,5100.0,0.0,5714.0,0.0,5714.0,0.0,5704.0
0.0,28.0,0.0,5636.0,5705.0,0.0,5100.0,0.0,5715.0,0.0,5715.0
0.0,5705.0,0.0,28.0,0.0,5638.0,5706.0,0.0,5100.0,0.0,5716.0
0.0,5716.0,0.0,5706.0,0.0,28.0,0.0,5640.0,5707.0,0.0,5100.0
0.0,5717.0,0.0,5717.0,0.0,5707.0,0.0,28.0,0.0,5642.0,5708.0
0.0,5100.0,0.0,5718.0,0.0,5718.0,0.0,5708.0,0.0,28.0,0.0
5644.0,5709.0,0.0,5100.0,0.0,5719.0,0.0,5719.0,0.0,5709.0,0.0
28.0,0.0,5646.0,5710.0,0.0,5100.0,0.0,5720.0,0.0,5720.0,0.0
5710.0,0.0,28.0,0.0,5648.0,5711.0,0.0,5100.0,0.0,5721.0,0.0
5721.0,0.0,5711.0,0.0,28.0,0.0,5650.0,5712.0,0.0,5100.0,0.0
5722.0,0.0,5722.0,0.0,5712.0,0.0,28.0,0.0,5652.0,5713.0,0.0
5100.0,0.0,5723.0,0.0,5723.0,0.0,5713.0,0.0,28.0,0.0,5654.0
5101.0,0.0,5069.0,0.0,5724.0,0.0,5725.0,0.0,5726.0,0.0,5727.0
0.0,5728.0,0.0,5729.0,0.0,5730.0,0.0,5731.0,0.0,5732.0,0.0
5733.0,0.0,5724.0,0.0,5101.0,0.0,5734.0,0.0,5734.0,0.0,5724.0
0.0,28.0,0.0,5657.0,5725.0,0.0,5101.0,0.0,5735.0,0.0,5735.0
0.0,5725.0,0.0,28.0,0.0,5659.0,5726.0,0.0,5101.0,0.0,5736.0
0.0,5736.0,0.0,5726.0,0.0,28.0,0.0,5661.0,5727.0,0.0,5101.0
0.0,5737.0,0.0,5737.0,0.0,5727.0,0.0,28.0,0.0,5663.0,5728.0
0.0,5101.0,0.0,5738.0,0.0,5738.0,0.0,5728.0,0.0,28.0,0.0
5665.0,5729.0,0.0,5101.0,0.0,5739.0,0.0,5739.0,0.0,5729.0,0.0
28.0,0.0,5667.0,5730.0,0.0,5101.0,0.0,5740.0,0.0,5740.0,0.0
5730.0,0.0,28.0,0.0,5669.0,5731.0,0.0,5101.0,0.0,5741.0,0.0
5741.0,0.0,5731.0,0.0,28.0,0.0,5671.0,5732.0,0.0,5101.0,0.0
5742.0,0.0,5742.0,0.0,5732.0,0.0,28.0,0.0,5673.0,5733.0,0.0
5101.0,0.0,5743.0,0.0,5743.0,0.0,5733.0,0.0,28.0,0.0,5675.0
5102.0,0.0,5069.0,0.0,5744.0,0.0,5745.0,0.0,5746.0,0.0,5747.0
0.0,5748.0,0.0,5749.0,0.0,5750.0,0.0,5751.0,0.0,5752.0,0.0
5753.0,0.0,5744.0,0.0,5102.0,0.0,5754.0,0.0,5754.0,0.0,5744.0
0.0,28.0,0.0,5678.0,5745.0,0.0,5102.0,0.0,5755.0,0.0,5755.0
0.0,5745.0,0.0,28.0,0.0,5680.0,5746.0,0.0,5102.0,0.0,5756.0
0.0,5756.0,0.0,5746.0,0.0,28.0,0.0,5682.0,5747.0,0.0,5102.0
0.0,5757.0,0.0,5757.0,0.0,5747.0,0.0,28.0,0.0,5684.0,5748.0
0.0,5102.0,0.0,5758.0,0.0,5758.0,0.0,5748.0,0.0,28.0,0.0
5686.0,5749.0,0.0,5102.0,0.0,5759.0,0.0,5759.0,0.0,5749.0,0.0
28.0,0.0,5688.0,5750.0,0.0,5102.0,0.0,5760.0,0.0,5760.0,0.0
5750.0,0.0,28.0,0.0,5690.0,5751.0,0.0,5102.0,0.0,5761.0,0.0
5761.0,0.0,5751.0,0.0,28.0,0.0,5692.0,5752.0,0.0,5102.0,0.0
5762.0,0.0,5762.0,0.0,5752.0,0.0,28.0,0.0,5694.0,5753.0,0.0
5102.0,0.0,5763.0,0.0,5763.0,0.0,5753.0,0.0,28.0,0.0,5696.0
5103.0,0.0,5069.0,0.0,5764.0,0.0,5765.0,0.0,5766.0,0.0,5767.0
0.0,5768.0,0.0,5769.0,0.0,5770.0,0.0,5771.0,0.0,5772.0,0.0
5773.0,0.0,5764.0,0.0,5103.0,0.0,5774.0,0.0,5774.0,0.0,5764.0
0.0,28.0,0.0,5699.0,5765.0,0.0,5103.0,0.0,5775.0,0.0,5775.0
0.0,5765.0,0.0,28.0,0.0,5701.0,5766.0,0.0,5103.0,0.0,5776.0
0.0,5776.0,0.0,5766.0,0.0,28.0,0.0,5703.0,5767.0,0.0,5103.0
0.0,5777.0,0.0,5777.0,0.0,5767.0,0.0,28.0,0.0,5705.0,5768.0
0.0,5103.0,0.0,5778.0,0.0,5778.0,0.0,5768.0,0.0,28.0,0.0
5707.0,5769.0,0.0,5103.0,0.0,5779.0,0.0,5779.0,0.0,5769.0,0.0
28.0,0.0,5709.0,5770.0,0.0,5103.0,0.0,5780.0,0.0,5780.0,0.0
5770.0,0.0,28.0,0.0,5711.0,5771.0,0.0,5103.0,0.0,5781.0,0.0
5781.0,0.0,5771.0,0.0,28.0,0.0,5713.0,5772.0,0.0,5103.0,0.0
5782.0,0.0,5782.0,0.0,5772.0,0.0,28.0,0.0,5715.0,5773.0,0.0
5103.0,0.0,5783.0,0.0,5783.0,0.0,5773.0,0.0,28.0,0.0,5717.0
69.0,0.0,50.0,0.0,28.0,0.0,5718.0,70.0,0.0,50.0,0.0
5784.0,0.0,5784.0,0.0,70.0,0.0,5785.0,0.0,5786.0,0.0,5787.0
0.0,5788.0,0.0,5789.0,0.0,5790.0,0.0,5791.0,0.0,5792.0,0.0
5793.0,0.0,5794.0,0.0,5795.0,0.0,5796.0,0.0,5797.0,0.0,5798.0
0.0,5799.0,0.0,5800.0,0.0,5801.0,0.0,5802.0,0.0,5803.0,0.0
5804.0,0.0,5805.0,0.0,5806.0,0.0,5807.0,0.0,5808.0,0.0,5809.0
0.0,5810.0,0.0,5811.0,0.0,5812.0,0.0,5813.0,0.0,5814.0,0.0
5815.0,0.0,5816.0,0.0,5817.0,0.0,5818.0,0.0,5785.0,0.0,5784.0
0.0,5819.0,0.0,5820.0,0.0,5821.0,0.0,5822.0,0.0,5823.0,0.0
5824.0,0.0,5825.0,0.0,5826.0,0.0,5827.0,0.0,5828.0,0.0,5819.0
0.0,5785.0,0.0,5829.0,0.0,5829.0,0.0,5819.0,0.0,31.0,0.0
5723.0,5820.0,0.0,5785.0,0.0,5830.0,0.0,5830.0,0.0,5820.0,0.0
31.0,0.0,5725.0,5821.0,0.0,5785.0,0.0,5831.0,0.0,5831.0,0.0
5821.0,0.0,31.0,0.0,5727.0,5822.0,0.0,5785.0,0.0,5832.0,0.0
5832.0,0.0,5822.0,0.0,31.0,0.0,5729.0,5823.0,0.0,5785.0,0.0
5833.0,0.0,5833.0,0.0,5823.0,0.0,31.0,0.0,5731.0,5824.0,0.0
5785.0,0.0,5834.0,0.0,5834.0,0.0,5824.0,0.0,31.0,0.0,5733.0
5825.0,0.0,5785.0,0.0,5835.0,0.0,5835.0,0.0,5825.0,0.0,31.0
0.0,5735.0,5826.0,0.0,5785.0,0.0,5836.0,0.0,5836.0,0.0,5826.0
0.0,31.0,0.0,5737.0,5827.0,0.0,5785.0,0.0,5837.0,0.0,5837.0
0.0,5827.0,0.0,31.0,0.0,5739.0,5828.0,0.0,5785.0,0.0,5838.0
0.0,5838.0,0.0,5828.0,0.0,31.0,0.0,5741.0,5786.0,0.0,5784.0
0.0,5839.0,0.0,5840.0,0.0,5841.0,0.0,5842.0,0.0,5843.0,0.0
5844.0,0.0,5845.0,0.0,5846.0,0.0,5847.0,0.0,5848.0,0.0,5839.0
0.0,5786.0,0.0,5849.0,0.0,5849.0,0.0,5839.0,0.0,31.0,0.0
5744.0,5840.0,0.0,5786.0,0.0,5850.0,0.0,5850.0,0.0,5840.0,0.0
31.0,0.0,5746.0,5841.0,0.0,5786.0,0.0,5851.0,0.0,5851.0,0.0
5841.0,0.0,31.0,0.0,5748.0,5842.0,0.0,5786.0,0.0,5852.0,0.0
5852.0,0.0,5842.0,0.0,31.0,0.0,5750.0,5843.0,0.0,5786.0,0.0
5853.0,0.0,5853.0,0.0,5843.0,0.0,31.0,0.0,5752.0,5844.0,0.0
5786.0,0.0,5854.0,0.0,5854.0,0.0,5844.0,0.0,31.0,0.0,5754.0
5845.0,0.0,5786.0,0.0,5855.0,0.0,5855.0,0.0,5845.0,0.0,31.0
0.0,5756.0,5846.0,0.0,5786.0,0.0,5856.0,0.0,5856.0,0.0,5846.0
0.0,31.0,0.0,5758.0,5847.0,0.0,5786.0,0.0,5857.0,0.0,5857.0
0.0,5847.0,0.0,31.0,0.0,5760.0,5848.0,0.0,5786.0,0.0,5858.0
0.0,5858.0,0.0,5848.0,0.0,31.0,0.0,5762.0,5787.0,0.0,5784.0
0.0,5859.0,0.0,5860.0,0.0,5861.0,0.0,5862.0,0.0,5863.0,0.0
5864.0,0.0,5865.0,0.0,5866.0,0.0,5867.0,0.0,5868.0,0.0,5859.0
0.0,5787.0,0.0,5869.0,0.0,5869.0,0.0,5859.0,0.0,31.0,0.0
5765.0,5860.0,0.0,5787.0,0.0,5870.0,0.0,5870.0,0.0,5860.0,0.0
31.0,0.0,5767.0,5861.0,0.0,5787.0,0.0,5871.0,0.0,5871.0,0.0
5861.0,0.0,31.0,0.0,5769.0,5862.0,0.0,5787.0,0.0,5872.0,0.0
5872.0,0.0,5862.0,0.0,31.0,0.0,5771.0,5863.0,0.0,5787.0,0.0
5873.0,0.0,5873.0,0.0,5863.0,0.0,31.0,0.0,5773.0,5864.0,0.0
5787.0,0.0,5874.0,0.0,5874.0,0.0,5864.0,0.0,31.0,0.0,5775.0
5865.0,0.0,5787.0,0.0,5875.0,0.0,5875.0,0.0,5865.0,0.0,31.0
0.0,5777.0,5866.0,0.0,5787.0,0.0,5876.0,0.0,5876.0,0.0,5866.0
0.0,31.0,0.0,5779.0,5867.0,0.0,5787.0,0.0,5877.0,0.0,5877.0
0.0,5867.0,0.0,31.0,0.0,5781.0,5868.0,0.0,5787.0,0.0,5878.0
0.0,5878.0,0.0,5868.0,0.0,31.0,0.0,5783.0,5788.0,0.0,5784.0
0.0,5879.0,0.0,5880.0,0.0,5881.0,0.0,5882.0,0.0,5883.0,0.0
5884.0,0.0,5885.0,0.0,5886.0,0.0,5887.0,0.0,5888.0,0.0,5879.0
0.0,5788.0,0.0,5889.0,0.0,5889.0,0.0,5879.0,0.0,31.0,0.0
5786.0,5880.0,0.0,5788.0,0.0,5890.0,0.0,5890.0,0.0,5880.0,0.0
31.0,0.0,5788.0,5881.0,0.0,5788.0,0.0,5891.0,0.0,5891.0,0.0
5881.0,0.0,31.0,0.0,5790.0,5882.0,0.0,5788.0,0.0,5892.0,0.0
5892.0,0.0,5882.0,0.0,31.0,0.0,5792.0,5883.0,0.0,5788.0,0.0
5893.0,0.0,5893.0,0.0,5883.0,0.0,31.0,0.0,5794.0,5884.0,0.0
5788.0,0.0,5894.0,0.0,5894.0,0.0,5884.0,0.0,31.0,0.0,5796.0
5885.0,0.0,5788.0,0.0,5895.0,0.0,5895.0,0.0,5885.0,0.0,31.0
0.0,5798.0,5886.0,0.0,5788.0,0.0,5896.0,0.0,5896.0,0.0,5886.0
0.0,31.0,0.0,5800.0,5887.0,0.0,5788.0,0.0,5897.0,0.0,5897.0
0.0,5887.0,0.0,31.0,0.0,5802.0,5888.0,0.0,5788.0,0.0,5898.0
0.0,5898.0,0.0,5888.0,0.0,31.0,0.0,5804.0,5789.0,0.0,5784.0
0.0,5899.0,0.0,5900.0,0.0,5901.0,0.0,5902.0,0.0,5903.0,0.0
5904.0,0.0,5905.0,0.0,5906.0,0.0,5907.0,0.0,5908.0,0.0,5899.0
0.0,5789.0,0.0,5909.0,0.0,5909.0,0.0,5899.0,0.0,31.0,0.0
5807.0,5900.0,0.0,5789.0,0.0,5910.0,0.0,5910.0,0.0,5900.0,0.0
31.0,0.0,5809.0,5901.0,0.0,5789.0,0.0,5911.0,0.0,5911.0,0.0
5901.0,0.0,31.0,0.0,5811.0,5902.0,0.0,5789.0,0.0,5912.0,0.0
5912.0,0.0,5902.0,0.0,31.0,0.0,5813.0,5903.0,0.0,5789.0,0.0
5913.0,0.0,5913.0,0.0,5903.0,0.0,31.0,0.0,5815.0,5904.0,0.0
5789.0,0.0,5914.0,0.0,5914.0,0.0,5904.0,0.0,31.0,0.0,5817.0
5905.0,0.0,5789.0,0.0,5915.0,0.0,5915.0,0.0,5905.0,0.0,31.0
0.0,5819.0,5906.0,0.0,5789.0,0.0,5916.0,0.0,5916.0,0.0,5906.0
0.0,31.0,0.0,5821.0,5907.0,0.0,5789.0,0.0,5917.0,0.0,5917.0
0.0,5907.0,0.0,31.0,0.0,5823.0,5908.0,0.0,5789.0,0.0,5918.0
0.0,5918.0,0.0,5908.0,0.0,31.0,0.0,5825.0,5790.0,0.0,5784.0
0.0,5919.0,0.0,5920.0,0.0,5921.0,0.0,5922.0,0.0,5923.0,0.0
5924.0,0.0,5925.0,0.0,5926.0,0.0,5927.0,0.0,5928.0,0.0,5919.0
0.0,5790.0,0.0,5929.0,0.0,5929.0,0.0,5919.0,0.0,31.0,0.0
5828.0,5920.0,0.0,5790.0,0.0,5930.0,0.0,5930.0,0.0,5920.0,0.0
31.0,0.0,5830.0,5921.0,0.0,5790.0,0.0,5931.0,0.0,5931.0,0.0
5921.0,0.0,31.0,0.0,5832.0,5922.0,0.0,5790.0,0.0,5932.0,0.0
5932.0,0.0,5922.0,0.0,31.0,0.0,5834.0,5923.0,0.0,5790.0,0.0
5933.0,0.0,5933.0,0.0,5923.0,0.0,31.0,0.0,5836.0,5924.0,0.0
5790.0,0.0,5934.0,0.0,5934.0,0.0,5924.0,0.0,31.0,0.0,5838.0
5925.0,0.0,5790.0,0.0,5935.0,0.0,5935.0,0.0,5925.0,0.0,31.0
0.0,5840.0,5926.0,0.0,5790.0,0.0,5936.0,0.0,5936.0,0.0,5926.0
0.0,31.0,0.0,5842.0,5927.0,0.0,5790.0,0.0,5937.0,0.0,5937.0
0.0,5927.0,0.0,31.0,0.0,5844.0,5928.0,0.0,5790.0,0.0,5938.0
0.0,5938.0,0.0,5928.0,0.0,31.0,0.0,5846.0,5791.0,0.0,5784.0
0.0,5939.0,0.0,5940.0,0.0,5941.0,0.0,5942.0,0.0,5943.0,0.0
5944.0,0.0,5945.0,0.0,5946.0,0.0,5947.0,0.0,5948.0,0.0,5939.0
0.0,5791.0,0.0,5949.0,0.0,5949.0,0.0,5939.0,0.0,31.0,0.0
5849.0,5940.0,0.0,5791.0,0.0,5950.0,0.0,5950.0,0.0,5940.0,0.0
31.0,0.0,5851.0,5941.0,0.0,5791.0,0.0,5951.0,0.0,5951.0,0.0
5941.0,0.0,31.0,0.0,5853.0,5942.0,0.0,5791.0,0.0,5952.0,0.0
5952.0,0.0,5942.0,0.0,31.0,0.0,5855.0,5943.0,0.0,5791.0,0.0
5953.0,0.0,5953.0,0.0,5943.0,0.0,31.0,0.0,5857.0,5944.0,0.0
5791.0,0.0,5954.0,0.0,5954.0,0.0,5944.0,0.0,31.0,0.0,5859.0
5945.0,0.0,5791.0,0.0,5955.0,0.0,5955.0,0.0,5945.0,0.0,31.0
0.0,5861.0,5946.0,0.0,5791.0,0.0,5956.0,0.0,5956.0,0.0,5946.0
0.0,31.0,0.0,5863.0,5947.0,0.0,5791.0,0.0,5957.0,0.0,5957.0
0.0,5947.0,0.0,31.0,0.0,5865.0,5948.0,0.0,5791.0,0.0,5958.0
0.0,5958.0,0.0,5948.0,0.0,31.0,0.0,5867.0,5792.0,0.0,5784.0
0.0,5959.0,0.0,5960.0,0.0,5961.0,0.0,5962.0,0.0,5963.0,0.0
5964.0,0.0,5965.0,0.0,5966.0,0.0,5967.0,0.0,5968.0,0.0,5959.0
0.0,5792.0,0.0,5969.0,0.0,5969.0,0.0,5959.0,0.0,31.0,0.0
5870.0,5960.0,0.0,5792.0,0.0,5970.0,0.0,5970.0,0.0,5960.0,0.0
31.0,0.0,5872.0,5961.0,0.0,5792.0,0.0,5971.0,0.0,5971.0,0.0
5961.0,0.0,31.0,0.0,5874.0,5962.0,0.0,5792.0,0.0,5972.0,0.0
5972.0,0.0,5962.0,0.0,31.0,0.0,5876.0,5963.0,0.0,5792.0,0.0
5973.0,0.0,5973.0,0.0,5963.0,0.0,31.0,0.0,5878.0,5964.0,0.0
5792.0,0.0,5974.0,0.0,5974.0,0.0,5964.0,0.0,31.0,0.0,5880.0
5965.0,0.0,5792.0,0.0,5975.0,0.0,5975.0,0.0,5965.0,0.0,31.0
0.0,5882.0,5966.0,0.0,5792.0,0.0,5976.0,0.0,5976.0,0.0,5966.0
0.0,31.0,0.0,5884.0,5967.0,0.0,5792.0,0.0,5977.0,0.0,5977.0
0.0,5967.0,0.0,31.0,0.0,5886.0,5968.0,0.0,5792.0,0.0,5978.0
0.0,5978.0,0.0,5968.0,0.0,31.0,0.0,5888.0,5793.0,0.0,5784.0
0.0,5979.0,0.0,5980.0,0.0,5981.0,0.0,5982.0,0.0,5983.0,0.0
5984.0,0.0,5985.0,0.0,5986.0,0.0,5987.0,0.0,5988.0,0.0,5979.0
0.0,5793.0,0.0,5989.0,0.0,5989.0,0.0,5979.0,0.0,31.0,0.0
5891.0,5980.0,0.0,5793.0,0.0,5990.0,0.0,5990.0,0.0,5980.0,0.0
31.0,0.0,5893.0,5981.0,0.0,5793.0,0.0,5991.0,0.0,5991.0,0.0
5981.0,0.0,31.0,0.0,5895.0,5982.0,0.0,5793.0,0.0,5992.0,0.0
5992.0,0.0,5982.0,0.0,31.0,0.0,5897.0,5983.0,0.0,5793.0,0.0
5993.0,0.0,5993.0,0.0,5983.0,0.0,31.0,0.0,5899.0,5984.0,0.0
5793.0,0.0,5994.0,0.0,5994.0,0.0,5984.0,0.0,31.0,0.0,5901.0
5985.0,0.0,5793.0,0.0,5995.0,0.0,5995.0,0.0,5985.0,0.0,31.0
0.0,5903.0,5986.0,0.0,5793.0,0.0,5996.0,0.0,5996.0,0.0,5986.0
0.0,31.0,0.0,5905.0,5987.0,0.0,5793.0,0.0,5997.0,0.0,5997.0
0.0,5987.0,0.0,31.0,0.0,5907.0,5988.0,0.0,5793.0,0.0,5998.0
0.0,5998.0,0.0,5988.0,0.0,31.0,0.0,5909.0,5794.0,0.0,5784.0
0.0,5999.0,0.0,6000.0,0.0,6001.0,0.0,6002.0,0.0,6003.0,0.0
6004.0,0.0,6005.0,0.0,6006.0,0.0,6007.0,0.0,6008.0,0.0,5999.0
0.0,5794.0,0.0,6009.0,0.0,6009.0,0.0,5999.0,0.0,31.0,0.0
5912.0,6000.0,0.0,5794.0,0.0,6010.0,0.0,6010.0,0.0,6000.0,0.0
31.0,0.0,5914.0,6001.0,0.0,5794.0,0.0,6011.0,0.0,6011.0,0.0
6001.0,0.0,31.0,0.0,5916.0,6002.0,0.0,5794.0,0.0,6012.0,0.0
6012.0,0.0,6002.0,0.0,31.0,0.0,5918.0,6003.0,0.0,5794.0,0.0
6013.0,0.0,6013.0,0.0,6003.0,0.0,31.0,0.0,5920.0,6004.0,0.0
5794.0,0.0,6014.0,0.0,6014.0,0.0,6004.0,0.0,31.0,0.0,5922.0
6005.0,0.0,5794.0,0.0,6015.0,0.0,6015.0,0.0,6005.0,0.0,31.0
0.0,5924.0,6006.0,0.0,5794.0,0.0,6016.0,0.0,6016.0,0.0,6006.0
0.0,31.0,0.0,5926.0,6007.0,0.0,5794.0,0.0,6017.0,0.0,6017.0
0.0,6007.0,0.0,31.0,0.0,5928.0,6008.0,0.0,5794.0,0.0,6018.0
0.0,6018.0,0.0,6008.0,0.0,31.0,0.0,5930.0,5795.0,0.0,5784.0
0.0,6019.0,0.0,6020.0,0.0,6021.0,0.0,6022.0,0.0,6023.0,0.0
6024.0,0.0,6025.0,0.0,6026.0,0.0,6027.0,0.0,6028.0,0.0,6019.0
0.0,5795.0,0.0,6029.0,0.0,6029.0,0.0,6019.0,0.0,31.0,0.0
5933.0,6020.0,0.0,5795.0,0.0,6030.0,0.0,6030.0,0.0,6020.0,0.0
31.0,0.0,5935.0,6021.0,0.0,5795.0,0.0,6031.0,0.0,6031.0,0.0
6021.0,0.0,31.0,0.0,5937.0,6022.0,0.0,5795.0,0.0,6032.0,0.0
6032.0,0.0,6022.0,0.0,31.0,0.0,5939.0,6023.0,0.0,5795.0,0.0
6033.0,0.0,6033.0,0.0,6023.0,0.0,31.0,0.0,5941.0,6024.0,0.0
5795.0,0.0,6034.0,0.0,6034.0,0.0,6024.0,0.0,31.0,0.0,5943.0
6025.0,0.0,5795.0,0.0,6035.0,0.0,6035.0,0.0,6025.0,0.0,31.0
0.0,5945.0,6026.0,0.0,5795.0,0.0,6036.0,0.0,6036.0,0.0,6026.0
0.0,31.0,0.0,5947.0,6027.0,0.0,5795.0,0.0,6037.0,0.0,6037.0
0.0,6027.0,0.0,31.0,0.0,5949.0,6028.0,0.0,5795.0,0.0,6038.0
0.0,6038.0,0.0,6028.0,0.0,31.0,0.0,5951.0,5796.0,0.0,5784.0
0.0,6039.0,0.0,6040.0,0.0,6041.0,0.0,6042.0,0.0,6043.0,0.0
6044.0,0.0,6045.0,0.0,6046.0,0.0,6047.0,0.0,6048.0,0.0,6039.0
0.0,5796.0,0.0,6049.0,0.0,6049.0,0.0,6039.0,0.0,31.0,0.0
5954.0,6040.0,0.0,5796.0,0.0,6050.0,0.0,6050.0,0.0,6040.0,0.0
31.0,0.0,5956.0,6041.0,0.0,5796.0,0.0,6051.0,0.0,6051.0,0.0
6041.0,0.0,31.0,0.0,5958.0,6042.0,0.0,5796.0,0.0,6052.0,0.0
6052.0,0.0,6042.0,0.0,31.0,0.0,5960.0,6043.0,0.0,5796.0,0.0
6053.0,0.0,6053.0,0.0,6043.0,0.0,31.0,0.0,5962.0,6044.0,0.0
5796.0,0.0,6054.0,0.0,6054.0,0.0,6044.0,0.0,31.0,0.0,5964.0
6045.0,0.0,5796.0,0.0,6055.0,0.0,6055.0,0.0,6045.0,0.0,31.0
0.0,5966.0,6046.0,0.0,5796.0,0.0,6056.0,0.0,6056.0,0.0,6046.0
0.0,31.0,0.0,5968.0,6047.0,0.0,5796.0,0.0,6057.0,0.0,6057.0
0.0,6047.0,0.0,31.0,0.0,5970.0,6048.0,0.0,5796.0,0.0,6058.0
0.0,6058.0,0.0,6048.0,0.0,31.0,0.0,5972.0,5797.0,0.0,5784.0
0.0,6059.0,0.0,6060.0,0.0,6061.0,0.0,6062.0,0.0,6063.0,0.0
6064.0,0.0,6065.0,0.0,6066.0,0.0,6067.0,0.0,6068.0,0.0,6059.0
0.0,5797.0,0.0,6069.0,0.0,6069.0,0.0,6059.0,0.0,31.0,0.0
5975.0,6060.0,0.0,5797.0,0.0,6070.0,0.0,6070.0,0.0,6060.0,0.0
31.0,0.0,5977.0,6061.0,0.0,5797.0,0.0,6071.0,0.0,6071.0,0.0
6061.0,0.0,31.0,0.0,5979.0,6062.0,0.0,5797.0,0.0,6072.0,0.0
6072.0,0.0,6062.0,0.0,31.0,0.0,5981.0,6063.0,0.0,5797.0,0.0
6073.0,0.0,6073.0,0.0,6063.0,0.0,31.0,0.0,5983.0,6064.0,0.0
5797.0,0.0,6074.0,0.0,6074.0,0.0,6064.0,0.0,31.0,0.0,5985.0
6065.0,0.0,5797.0,0.0,6075.0,0.0,6075.0,0.0,6065.0,0.0,31.0
0.0,5987.0,6066.0,0.0,5797.0,0.0,6076.0,0.0,6076.0,0.0,6066.0
0.0,31.0,0.0,5989.0,6067.0,0.0,5797.0,0.0,6077.0,0.0,6077.0
0.0,6067.0,0.0,31.0,0.0,5991.0,6068.0,0.0,5797.0,0.0,6078.0
0.0,6078.0,0.0,6068.0,0.0,31.0,0.0,5993.0,5798.0,0.0,5784.0
0.0,6079.0,0.0,6080.0,0.0,6081.0,0.0,6082.0,0.0,6083.0,0.0
6084.0,0.0,6085.0,0.0,6086.0,0.0,6087.0,0.0,6088.0,0.0,6079.0
0.0,5798.0,0.0,6089.0,0.0,6089.0,0.0,6079.0,0.0,31.0,0.0
5996.0,6080.0,0.0,5798.0,0.0,6090.0,0.0,6090.0,0.0,6080.0,0.0
31.0,0.0,5998.0,6081.0,0.0,5798.0,0.0,6091.0,0.0,6091.0,0.0
6081.0,0.0,31.0,0.0,6000.0,6082.0,0.0,5798.0,0.0,6092.0,0.0
6092.0,0.0,6082.0,0.0,31.0,0.0,6002.0,6083.0,0.0,5798.0,0.0
6093.0,0.0,6093.0,0.0,6083.0,0.0,31.0,0.0,6004.0,6084.0,0.0
5798.0,0.0,6094.0,0.0,6094.0,0.0,6084.0,0.0,31.0,0.0,6006.0
6085.0,0.0,5798.0,0.0,6095.0,0.0,6095.0,0.0,6085.0,0.0,31.0
0.0,6008.0,6086.0,0.0,5798.0,0.0,6096.0,0.0,6096.0,0.0,6086.0
0.0,31.0,0.0,6010.0,6087.0,0.0,5798.0,0.0,6097.0,0.0,6097.0
0.0,6087.0,0.0,31.0,0.0,6012.0,6088.0,0.0,5798.0,0.0,6098.0
0.0,6098.0,0.0,6088.0,0.0,31.0,0.0,6014.0,5799.0,0.0,5784.0
0.0,6099.0,0.0,6100.0,0.0,6101.0,0.0,6102.0,0.0,6103.0,0.0
6104.0,0.0,6105.0,0.0,6106.0,0.0,6107.0,0.0,6108.0,0.0,6099.0
0.0,5799.0,0.0,6109.0,0.0,6109.0,0.0,6099.0,0.0,31.0,0.0
6017.0,6100.0,0.0,5799.0,0.0,6110.0,0.0,6110.0,0.0,6100.0,0.0
31.0,0.0,6019.0,6101.0,0.0,5799.0,0.0,6111.0,0.0,6111.0,0.0
6101.0,0.0,31.0,0.0,6021.0,6102.0,0.0,5799.0,0.0,6112.0,0.0
6112.0,0.0,6102.0,0.0,31.0,0.0,6023.0,6103.0,0.0,5799.0,0.0
6113.0,0.0,6113.0,0.0,6103.0,0.0,31.0,0.0,6025.0,6104.0,0.0
5799.0,0.0,6114.0,0.0,6114.0,0.0,6104.0,0.0,31.0,0.0,6027.0
6105.0,0.0,5799.0,0.0,6115.0,0.0,6115.0,0.0,6105.0,0.0,31.0
0.0,6029.0,6106.0,0.0,5799.0,0.0,6116.0,0.0,6116.0,0.0,6106.0
0.0,31.0,0.0,6031.0,6107.0,0.0,5799.0,0.0,6117.0,0.0,6117.0
0.0,6107.0,0.0,31.0,0.0,6033.0,6108.0,0.0,5799.0,0.0,6118.0
0.0,6118.0,0.0,6108.0,0.0,31.0,0.0,6035.0,5800.0,0.0,5784.0
0.0,6119.0,0.0,6120.0,0.0,6121.0,0.0,6122.0,0.0,6123.0,0.0
6124.0,0.0,6125.0,0.0,6126.0,0.0,6127.0,0.0,6128.0,0.0,6119.0
0.0,5800.0,0.0,6129.0,0.0,6129.0,0.0,6119.0,0.0,31.0,0.0
6038.0,6120.0,0.0,5800.0,0.0,6130.0,0.0,6130.0,0.0,6120.0,0.0
31.0,0.0,6040.0,6121.0,0.0,5800.0,0.0,6131.0,0.0,6131.0,0.0
6121.0,0.0,31.0,0.0,6042.0,6122.0,0.0,5800.0,0.0,6132.0,0.0
6132.0,0.0,6122.0,0.0,31.0,0.0,6044.0,6123.0,0.0,5800.0,0.0
6133.0,0.0,6133.0,0.0,6123.0,0.0,31.0,0.0,6046.0,6124.0,0.0
5800.0,0.0,6134.0,0.0,6134.0,0.0,6124.0,0.0,31.0,0.0,6048.0
6125.0,0.0,5800.0,0.0,6135.0,0.0,6135.0,0.0,6125.0,0.0,31.0
0.0,6050.0,6126.0,0.0,5800.0,0.0,6136.0,0.0,6136.0,0.0,6126.0
0.0,31.0,0.0,6052.0,6127.0,0.0,5800.0,0.0,6137.0,0.0,6137.0
0.0,6127.0,0.0,31.0,0.0,6054.0,6128.0,0.0,5800.0,0.0,6138.0
0.0,6138.0,0.0,6128.0,0.0,31.0,0.0,6056.0,5801.0,0.0,5784.0
0.0,6139.0,0.0,6140.0,0.0,6141.0,0.0,6142.0,0.0,6143.0,0.0
6144.0,0.0,6145.0,0.0,6146.0,0.0,6147.0,0.0,6148.0,0.0,6139.0
0.0,5801.0,0.0,6149.0,0.0,6149.0,0.0,6139.0,0.0,31.0,0.0
6059.0,6140.0,0.0,5801.0,0.0,6150.0,0.0,6150.0,0.0,6140.0,0.0
31.0,0.0,6061.0,6141.0,0.0,5801.0,0.0,6151.0,0.0,6151.0,0.0
6141.0,0.0,31.0,0.0,6063.0,6142.0,0.0,5801.0,0.0,6152.0,0.0
6152.0,0.0,6142.0,0.0,31.0,0.0,6065.0,6143.0,0.0,5801.0,0.0
6153.0,0.0,6153.0,0.0,6143.0,0.0,31.0,0.0,6067.0,6144.0,0.0
5801.0,0.0,6154.0,0.0,6154.0,0.0,6144.0,0.0,31.0,0.0,6069.0
6145.0,0.0,5801.0,0.0,6155.0,0.0,6155.0,0.0,6145.0,0.0,31.0
0.0,6071.0,6146.0,0.0,5801.0,0.0,6156.0,0.0,6156.0,0.0,6146.0
0.0,31.0,0.0,6073.0,6147.0,0.0,5801.0,0.0,6157.0,0.0,6157.0
0.0,6147.0,0.0,31.0,0.0,6075.0,6148.0,0.0,5801.0,0.0,6158.0
0.0,6158.0,0.0,6148.0,0.0,31.0,0.0,6077.0,5802.0,0.0,5784.0
0.0,6159.0,0.0,6160.0,0.0,6161.0,0.0,6162.0,0.0,6163.0,0.0
6164.0,0.0,6165.0,0.0,6166.0,0.0,6167.0,0.0,6168.0,0.0,6159.0
0.0,5802.0,0.0,6169.0,0.0,6169.0,0.0,6159.0,0.0,31.0,0.0
6080.0,6160.0,0.0,5802.0,0.0,6170.0,0.0,6170.0,0.0,6160.0,0.0
31.0,0.0,6082.0,6161.0,0.0,5802.0,0.0,6171.0,0.0,6171.0,0.0
6161.0,0.0,31.0,0.0,6084.0,6162.0,0.0,5802.0,0.0,6172.0,0.0
6172.0,0.0,6162.0,0.0,31.0,0.0,6086.0,6163.0,0.0,5802.0,0.0
6173.0,0.0,6173.0,0.0,6163.0,0.0,31.0,0.0,6088.0,6164.0,0.0
5802.0,0.0,6174.0,0.0,6174.0,0.0,6164.0,0.0,31.0,0.0,6090.0
6165.0,0.0,5802.0,0.0,6175.0,0.0,6175.0,0.0,6165.0,0.0,31.0
0.0,6092.0,6166.0,0.0,5802.0,0.0,6176.0,0.0,6176.0,0.0,6166.0
0.0,31.0,0.0,6094.0,6167.0,0.0,5802.0,0.0,6177.0,0.0,6177.0
0.0,6167.0,0.0,31.0,0.0,6096.0,6168.0,0.0,5802.0,0.0,6178.0
0.0,6178.0,0.0,6168.0,0.0,31.0,0.0,6098.0,5803.0,0.0,5784.0
0.0,6179.0,0.0,6180.0,0.0,6181.0,0.0,6182.0,0.0,6183.0,0.0
6184.0,0.0,6185.0,0.0,6186.0,0.0,6187.0,0.0,6188.0,0.0,6179.0
0.0,5803.0,0.0,6189.0,0.0,6189.0,0.0,6179.0,0.0,31.0,0.0
6101.0,6180.0,0.0,5803.0,0.0,6190.0,0.0,6190.0,0.0,6180.0,0.0
31.0,0.0,6103.0,6181.0,0.0,5803.0,0.0,6191.0,0.0,6191.0,0.0
6181.0,0.0,31.0,0.0,6105.0,6182.0,0.0,5803.0,0.0,6192.0,0.0
6192.0,0.0,6182.0,0.0,31.0,0.0,6107.0,6183.0,0.0,5803.0,0.0
6193.0,0.0,6193.0,0.0,6183.0,0.0,31.0,0.0,6109.0,6184.0,0.0
5803.0,0.0,6194.0,0.0,6194.0,0.0,6184.0,0.0,31.0,0.0,6111.0
6185.0,0.0,5803.0,0.0,6195.0,0.0,6195.0,0.0,6185.0,0.0,31.0
0.0,6113.0,6186.0,0.0,5803.0,0.0,6196.0,0.0,6196.0,0.0,6186.0
0.0,31.0,0.0,6115.0,6187.0,0.0,5803.0,0.0,6197.0,0.0,6197.0
0.0,6187.0,0.0,31.0,0.0,6117.0,6188.0,0.0,5803.0,0.0,6198.0
0.0,6198.0,0.0,6188.0,0.0,31.0,0.0,6119.0,5804.0,0.0,5784.0
0.0,6199.0,0.0,6200.0,0.0,6201.0,0.0,6202.0,0.0,6203.0,0.0
6204.0,0.0,6205.0,0.0,6206.0,0.0,6207.0,0.0,6208.0,0.0,6199.0
0.0,5804.0,0.0,6209.0,0.0,6209.0,0.0,6199.0,0.0,31.0,0.0
6122.0,6200.0,0.0,5804.0,0.0,6210.0,0.0,6210.0,0.0,6200.0,0.0
31.0,0.0,6124.0,6201.0,0.0,5804.0,0.0,6211.0,0.0,6211.0,0.0
6201.0,0.0,31.0,0.0,6126.0,6202.0,0.0,5804.0,0.0,6212.0,0.0
6212.0,0.0,6202.0,0.0,31.0,0.0,6128.0,6203.0,0.0,5804.0,0.0
6213.0,0.0,6213.0,0.0,6203.0,0.0,31.0,0.0,6130.0,6204.0,0.0
5804.0,0.0,6214.0,0.0,6214.0,0.0,6204.0,0.0,31.0,0.0,6132.0
6205.0,0.0,5804.0,0.0,6215.0,0.0,6215.0,0.0,6205.0,0.0,31.0
0.0,6134.0,6206.0,0.0,5804.0,0.0,6216.0,0.0,6216.0,0.0,6206.0
0.0,31.0,0.0,6136.0,6207.0,0.0,5804.0,0.0,6217.0,0.0,6217.0
0.0,6207.0,0.0,31.0,0.0,6138.0,6208.0,0.0,5804.0,0.0,6218.0
0.0,6218.0,0.0,6208.0,0.0,31.0,0.0,6140.0,5805.0,0.0,5784.0
0.0,6219.0,0.0,6220.0,0.0,6221.0,0.0,6222.0,0.0,6223.0,0.0
6224.0,0.0,6225.0,0.0,6226.0,0.0,6227.0,0.0,6228.0,0.0,6219.0
0.0,5805.0,0.0,6229.0,0.0,6229.0,0.0,6219.0,0.0,31.0,0.0
6143.0,6220.0,0.0,5805.0,0.0,6230.0,0.0,6230.0,0.0,6220.0,0.0
31.0,0.0,6145.0,6221.0,0.0,5805.0,0.0,6231.0,0.0,6231.0,0.0
6221.0,0.0,31.0,0.0,6147.0,6222.0,0.0,5805.0,0.0,6232.0,0.0
6232.0,0.0,6222.0,0.0,31.0,0.0,6149.0,6223.0,0.0,5805.0,0.0
6233.0,0.0,6233.0,0.0,6223.0,0.0,31.0,0.0,6151.0,6224.0,0.0
5805.0,0.0,6234.0,0.0,6234.0,0.0,6224.0,0.0,31.0,0.0,6153.0
6225.0,0.0,5805.0,0.0,6235.0,0.0,6235.0,0.0,6225.0,0.0,31.0
0.0,6155.0,6226.0,0.0,5805.0,0.0,6236.0,0.0,6236.0,0.0,6226.0
0.0,31.0,0.0,6157.0,6227.0,0.0,5805.0,0.0,6237.0,0.0,6237.0
0.0,6227.0,0.0,31.0,0.0,6159.0,6228.0,0.0,5805.0,0.0,6238.0
0.0,6238.0,0.0,6228.0,0.0,31.0,0.0,6161.0,5806.0,0.0,5784.0
0.0,6239.0,0.0,6240.0,0.0,6241.0,0.0,6242.0,0.0,6243.0,0.0
6244.0,0.0,6245.0,0.0,6246.0,0.0,6247.0,0.0,6248.0,0.0,6239.0
0.0,5806.0,0.0,6249.0,0.0,6249.0,0.0,6239.0,0.0,31.0,0.0
6164.0,6240.0,0.0,5806.0,0.0,6250.0,0.0,6250.0,0.0,6240.0,0.0
31.0,0.0,6166.0,6241.0,0.0,5806.0,0.0,6251.0,0.0,6251.0,0.0
6241.0,0.0,31.0,0.0,6168.0,6242.0,0.0,5806.0,0.0,6252.0,0.0
6252.0,0.0,6242.0,0.0,31.0,0.0,6170.0,6243.0,0.0,5806.0,0.0
6253.0,0.0,6253.0,0.0,6243.0,0.0,31.0,0.0,6172.0,6244.0,0.0
5806.0,0.0,6254.0,0.0,6254.0,0.0,6244.0,0.0,31.0,0.0,6174.0
6245.0,0.0,5806.0,0.0,6255.0,0.0,6255.0,0.0,6245.0,0.0,31.0
0.0,6176.0,6246.0,0.0,5806.0,0.0,6256.0,0.0,6256.0,0.0,6246.0
0.0,31.0,0.0,6178.0,6247.0,0.0,5806.0,0.0,6257.0,0.0,6257.0
0.0,6247.0,0.0,31.0,0.0,6180.0,6248.0,0.0,5806.0,0.0,6258.0
0.0,6258.0,0.0,6248.0,0.0,31.0,0.0,6182.0,5807.0,0.0,5784.0
0.0,6259.0,0.0,6260.0,0.0,6261.0,0.0,6262.0,0.0,6263.0,0.0
6264.0,0.0,6265.0,0.0,6266.0,0.0,6267.0,0.0,6268.0,0.0,6259.0
0.0,5807.0,0.0,6269.0,0.0,6269.0,0.0,6259.0,0.0,31.0,0.0
6185.0,6260.0,0.0,5807.0,0.0,6270.0,0.0,6270.0,0.0,6260.0,0.0
31.0,0.0,6187.0,6261.0,0.0,5807.0,0.0,6271.0,0.0,6271.0,0.0
6261.0,0.0,31.0,0.0,6189.0,6262.0,0.0,5807.0,0.0,6272.0,0.0
6272.0,0.0,6262.0,0.0,31.0,0.0,6191.0,6263.0,0.0,5807.0,0.0
6273.0,0.0,6273.0,0.0,6263.0,0.0,31.0,0.0,6193.0,6264.0,0.0
5807.0,0.0,6274.0,0.0,6274.0,0.0,6264.0,0.0,31.0,0.0,6195.0
6265.0,0.0,5807.0,0.0,6275.0,0.0,6275.0,0.0,6265.0,0.0,31.0
0.0,6197.0,6266.0,0.0,5807.0,0.0,6276.0,0.0,6276.0,0.0,6266.0
0.0,31.0,0.0,6199.0,6267.0,0.0,5807.0,0.0,6277.0,0.0,6277.0
0.0,6267.0,0.0,31.0,0.0,6201.0,6268.0,0.0,5807.0,0.0,6278.0
0.0,6278.0,0.0,6268.0,0.0,31.0,0.0,6203.0,5808.0,0.0,5784.0
0.0,6279.0,0.0,6280.0,0.0,6281.0,0.0,6282.0,0.0,6283.0,0.0
6284.0,0.0,6285.0,0.0,6286.0,0.0,6287.0,0.0,6288.0,0.0,6279.0
0.0,5808.0,0.0,6289.0,0.0,6289.0,0.0,6279.0,0.0,31.0,0.0
6206.0,6280.0,0.0,5808.0,0.0,6290.0,0.0,6290.0,0.0,6280.0,0.0
31.0,0.0,6208.0,6281.0,0.0,5808.0,0.0,6291.0,0.0,6291.0,0.0
6281.0,0.0,31.0,0.0,6210.0,6282.0,0.0,5808.0,0.0,6292.0,0.0
6292.0,0.0,6282.0,0.0,31.0,0.0,6212.0,6283.0,0.0,5808.0,0.0
6293.0,0.0,6293.0,0.0,6283.0,0.0,31.0,0.0,6214.0,6284.0,0.0
5808.0,0.0,6294.0,0.0,6294.0,0.0,6284.0,0.0,31.0,0.0,6216.0
6285.0,0.0,5808.0,0.0,6295.0,0.0,6295.0,0.0,6285.0,0.0,31.0
0.0,6218.0,6286.0,0.0,5808.0,0.0,6296.0,0.0,6296.0,0.0,6286.0
0.0,31.0,0.0,6220.0,6287.0,0.0,5808.0,0.0,6297.0,0.0,6297.0
0.0,6287.0,0.0,31.0,0.0,6222.0,6288.0,0.0,5808.0,0.0,6298.0
0.0,6298.0,0.0,6288.0,0.0,31.0,0.0,6224.0,5809.0,0.0,5784.0
0.0,6299.0,0.0,6300.0,0.0,6301.0,0.0,6302.0,0.0,6303.0,0.0
6304.0,0.0,6305.0,0.0,6306.0,0.0,6307.0,0.0,6308.0,0.0,6299.0
0.0,5809.0,0.0,6309.0,0.0,6309.0,0.0,6299.0,0.0,31.0,0.0
6227.0,6300.0,0.0,5809.0,0.0,6310.0,0.0,6310.0,0.0,6300.0,0.0
31.0,0.0,6229.0,6301.0,0.0,5809.0,0.0,6311.0,0.0,6311.0,0.0
6301.0,0.0,31.0,0.0,6231.0,6302.0,0.0,5809.0,0.0,6312.0,0.0
6312.0,0.0,6302.0,0.0,31.0,0.0,6233.0,6303.0,0.0,5809.0,0.0
6313.0,0.0,6313.0,0.0,6303.0,0.0,31.0,0.0,6235.0,6304.0,0.0
5809.0,0.0,6314.0,0.0,6314.0,0.0,6304.0,0.0,31.0,0.0,6237.0
6305.0,0.0,5809.0,0.0,6315.0,0.0,6315.0,0.0,6305.0,0.0,31.0
0.0,6239.0,6306.0,0.0,5809.0,0.0,6316.0,0.0,6316.0,0.0,6306.0
0.0,31.0,0.0,6241.0,6307.0,0.0,5809.0,0.0,6317.0,0.0,6317.0
0.0,6307.0,0.0,31.0,0.0,6243.0,6308.0,0.0,5809.0,0.0,6318.0
0.0,6318.0,0.0,6308.0,0.0,31.0,0.0,6245.0,5810.0,0.0,5784.0
0.0,6319.0,0.0,6320.0,0.0,6321.0,0.0,6322.0,0.0,6323.0,0.0
6324.0,0.0,6325.0,0.0,6326.0,0.0,6327.0,0.0,6328.0,0.0,6319.0
0.0,5810.0,0.0,6329.0,0.0,6329.0,0.0,6319.0,0.0,31.0,0.0
6248.0,6320.0,0.0,5810.0,0.0,6330.0,0.0,6330.0,0.0,6320.0,0.0
31.0,0.0,6250.0,6321.0,0.0,5810.0,0.0,6331.0,0.0,6331.0,0.0
6321.0,0.0,31.0,0.0,6252.0,6322.0,0.0,5810.0,0.0,6332.0,0.0
6332.0,0.0,6322.0,0.0,31.0,0.0,6254.0,6323.0,0.0,5810.0,0.0
6333.0,0.0,6333.0,0.0,6323.0,0.0,31.0,0.0,6256.0,6324.0,0.0
5810.0,0.0,6334.0,0.0,6334.0,0.0,6324.0,0.0,31.0,0.0,6258.0
6325.0,0.0,5810.0,0.0,6335.0,0.0,6335.0,0.0,6325.0,0.0,31.0
0.0,6260.0,6326.0,0.0,5810.0,0.0,6336.0,0.0,6336.0,0.0,6326.0
0.0,31.0,0.0,6262.0,6327.0,0.0,5810.0,0.0,6337.0,0.0,6337.0
0.0,6327.0,0.0,31.0,0.0,6264.0,6328.0,0.0,5810.0,0.0,6338.0
0.0,6338.0,0.0,6328.0,0.0,31.0,0.0,6266.0,5811.0,0.0,5784.0
0.0,6339.0,0.0,6340.0,0.0,6341.0,0.0,6342.0,0.0,6343.0,0.0
6344.0,0.0,6345.0,0.0,6346.0,0.0,6347.0,0.0,6348.0,0.0,6339.0
0.0,5811.0,0.0,6349.0,0.0,6349.0,0.0,6339.0,0.0,31.0,0.0
6269.0,6340.0,0.0,5811.0,0.0,6350.0,0.0,6350.0,0.0,6340.0,0.0
31.0,0.0,6271.0,6341.0,0.0,5811.0,0.0,6351.0,0.0,6351.0,0.0
6341.0,0.0,31.0,0.0,6273.0,6342.0,0.0,5811.0,0.0,6352.0,0.0
6352.0,0.0,6342.0,0.0,31.0,0.0,6275.0,6343.0,0.0,5811.0,0.0
6353.0,0.0,6353.0,0.0,6343.0,0.0,31.0,0.0,6277.0,6344.0,0.0
5811.0,0.0,6354.0,0.0,6354.0,0.0,6344.0,0.0,31.0,0.0,6279.0
6345.0,0.0,5811.0,0.0,6355.0,0.0,6355.0,0.0,6345.0,0.0,31.0
0.0,6281.0,6346.0,0.0,5811.0,0.0,6356.0,0.0,6356.0,0.0,6346.0
0.0,31.0,0.0,6283.0,6347.0,0.0,5811.0,0.0,6357.0,0.0,6357.0
0.0,6347.0,0.0,31.0,0.0,6285.0,6348.0,0.0,5811.0,0.0,6358.0
0.0,6358.0,0.0,6348.0,0.0,31.0,0.0,6287.0,5812.0,0.0,5784.0
0.0,6359.0,0.0,6360.0,0.0,6361.0,0.0,6362.0,0.0,6363.0,0.0
6364.0,0.0,6365.0,0.0,6366.0,0.0,6367.0,0.0,6368.0,0.0,6359.0
0.0,5812.0,0.0,6369.0,0.0,6369.0,0.0,6359.0,0.0,31.0,0.0
6290.0,6360.0,0.0,5812.0,0.0,6370.0,0.0,6370.0,0.0,6360.0,0.0
31.0,0.0,6292.0,6361.0,0.0,5812.0,0.0,6371.0,0.0,6371.0,0.0
6361.0,0.0,31.0,0.0,6294.0,6362.0,0.0,5812.0,0.0,6372.0,0.0
6372.0,0.0,6362.0,0.0,31.0,0.0,6296.0,6363.0,0.0,5812.0,0.0
6373.0,0.0,6373.0,0.0,6363.0,0.0,31.0,0.0,6298.0,6364.0,0.0
5812.0,0.0,6374.0,0.0,6374.0,0.0,6364.0,0.0,31.0,0.0,6300.0
6365.0,0.0,5812.0,0.0,6375.0,0.0,6375.0,0.0,6365.0,0.0,31.0
0.0,6302.0,6366.0,0.0,5812.0,0.0,6376.0,0.0,6376.0,0.0,6366.0
0.0,31.0,0.0,6304.0,6367.0,0.0,5812.0,0.0,6377.0,0.0,6377.0
0.0,6367.0,0.0,31.0,0.0,6306.0,6368.0,0.0,5812.0,0.0,6378.0
0.0,6378.0,0.0,6368.0,0.0,31.0,0.0,6308.0,5813.0,0.0,5784.0
0.0,6379.0,0.0,6380.0,0.0,6381.0,0.0,6382.0,0.0,6383.0,0.0
6384.0,0.0,6385.0,0.0,6386.0,0.0,6387.0,0.0,6388.0,0.0,6379.0
0.0,5813.0,0.0,6389.0,0.0,6389.0,0.0,6379.0,0.0,31.0,0.0
6311.0,6380.0,0.0,5813.0,0.0,6390.0,0.0,6390.0,0.0,6380.0,0.0
31.0,0.0,6313.0,6381.0,0.0,5813.0,0.0,6391.0,0.0,6391.0,0.0
6381.0,0.0,31.0,0.0,6315.0,6382.0,0.0,5813.0,0.0,6392.0,0.0
6392.0,0.0,6382.0,0.0,31.0,0.0,6317.0,6383.0,0.0,5813.0,0.0
6393.0,0.0,6393.0,0.0,6383.0,0.0,31.0,0.0,6319.0,6384.0,0.0
5813.0,0.0,6394.0,0.0,6394.0,0.0,6384.0,0.0,31.0,0.0,6321.0
6385.0,0.0,5813.0,0.0,6395.0,0.0,6395.0,0.0,6385.0,0.0,31.0
0.0,6323.0,6386.0,0.0,5813.0,0.0,6396.0,0.0,6396.0,0.0,6386.0
0.0,31.0,0.0,6325.0,6387.0,0.0,5813.0,0.0,6397.0,0.0,6397.0
0.0,6387.0,0.0,31.0,0.0,6327.0,6388.0,0.0,5813.0,0.0,6398.0
0.0,6398.0,0.0,6388.0,0.0,31.0,0.0,6329.0,5814.0,0.0,5784.0
0.0,6399.0,0.0,6400.0,0.0,6401.0,0.0,6402.0,0.0,6403.0,0.0
6404.0,0.0,6405.0,0.0,6406.0,0.0,6407.0,0.0,6408.0,0.0,6399.0
0.0,5814.0,0.0,6409.0,0.0,6409.0,0.0,6399.0,0.0,31.0,0.0
6332.0,6400.0,0.0,5814.0,0.0,6410.0,0.0,6410.0,0.0,6400.0,0.0
31.0,0.0,6334.0,6401.0,0.0,5814.0,0.0,6411.0,0.0,6411.0,0.0
6401.0,0.0,31.0,0.0,6336.0,6402.0,0.0,5814.0,0.0,6412.0,0.0
6412.0,0.0,6402.0,0.0,31.0,0.0,6338.0,6403.0,0.0,5814.0,0.0
6413.0,0.0,6413.0,0.0,6403.0,0.0,31.0,0.0,6340.0,6404.0,0.0
5814.0,0.0,6414.0,0.0,6414.0,0.0,6404.0,0.0,31.0,0.0,6342.0
6405.0,0.0,5814.0,0.0,6415.0,0.0,6415.0,0.0,6405.0,0.0,31.0
0.0,6344.0,6406.0,0.0,5814.0,0.0,6416.0,0.0,6416.0,0.0,6406.0
0.0,31.0,0.0,6346.0,6407.0,0.0,5814.0,0.0,6417.0,0.0,6417.0
0.0,6407.0,0.0,31.0,0.0,6348.0,6408.0,0.0,5814.0,0.0,6418.0
0.0,6418.0,0.0,6408.0,0.0,31.0,0.0,6350.0,5815.0,0.0,5784.0
0.0,6419.0,0.0,6420.0,0.0,6421.0,0.0,6422.0,0.0,6423.0,0.0
6424.0,0.0,6425.0,0.0,6426.0,0.0,6427.0,0.0,6428.0,0.0,6419.0
0.0,5815.0,0.0,6429.0,0.0,6429.0,0.0,6419.0,0.0,31.0,0.0
6353.0,6420.0,0.0,5815.0,0.0,6430.0,0.0,6430.0,0.0,6420.0,0.0
31.0,0.0,6355.0,6421.0,0.0,5815.0,0.0,6431.0,0.0,6431.0,0.0
6421.0,0.0,31.0,0.0,6357.0,6422.0,0.0,5815.0,0.0,6432.0,0.0
6432.0,0.0,6422.0,0.0,31.0,0.0,6359.0,6423.0,0.0,5815.0,0.0
6433.0,0.0,6433.0,0.0,6423.0,0.0,31.0,0.0,6361.0,6424.0,0.0
5815.0,0.0,6434.0,0.0,6434.0,0.0,6424.0,0.0,31.0,0.0,6363.0
6425.0,0.0,5815.0,0.0,6435.0,0.0,6435.0,0.0,6425.0,0.0,31.0
0.0,6365.0,6426.0,0.0,5815.0,0.0,6436.0,0.0,6436.0,0.0,6426.0
0.0,31.0,0.0,6367.0,6427.0,0.0,5815.0,0.0,6437.0,0.0,6437.0
0.0,6427.0,0.0,31.0,0.0,6369.0,6428.0,0.0,5815.0,0.0,6438.0
0.0,6438.0,0.0,6428.0,0.0,31.0,0.0,6371.0,5816.0,0.0,5784.0
0.0,6439.0,0.0,6440.0,0.0,6441.0,0.0,6442.0,0.0,6443.0,0.0
6444.0,0.0,6445.0,0.0,6446.0,0.0,6447.0,0.0,6448.0,0.0,6439.0
0.0,5816.0,0.0,6449.0,0.0,6449.0,0.0,6439.0,0.0,31.0,0.0
6374.0,6440.0,0.0,5816.0,0.0,6450.0,0.0,6450.0,0.0,6440.0,0.0
31.0,0.0,6376.0,6441.0,0.0,5816.0,0.0,6451.0,0.0,6451.0,0.0
6441.0,0.0,31.0,0.0,6378.0,6442.0,0.0,5816.0,0.0,6452.0,0.0
6452.0,0.0,6442.0,0.0,31.0,0.0,6380.0,6443.0,0.0,5816.0,0.0
6453.0,0.0,6453.0,0.0,6443.0,0.0,31.0,0.0,6382.0,6444.0,0.0
5816.0,0.0,6454.0,0.0,6454.0,0.0,6444.0,0.0,31.0,0.0,6384.0
6445.0,0.0,5816.0,0.0,6455.0,0.0,6455.0,0.0,6445.0,0.0,31.0
0.0,6386.0,6446.0,0.0,5816.0,0.0,6456.0,0.0,6456.0,0.0,6446.0
0.0,31.0,0.0,6388.0,6447.0,0.0,5816.0,0.0,6457.0,0.0,6457.0
0.0,6447.0,0.0,31.0,0.0,6390.0,6448.0,0.0,5816.0,0.0,6458.0
0.0,6458.0,0.0,6448.0,0.0,31.0,0.0,6392.0,5817.0,0.0,5784.0
0.0,6459.0,0.0,6460.0,0.0,6461.0,0.0,6462.0,0.0,6463.0,0.0
6464.0,0.0,6465.0,0.0,6466.0,0.0,6467.0,0.0,6468.0,0.0,6459.0
0.0,5817.0,0.0,6469.0,0.0,6469.0,0.0,6459.0,0.0,31.0,0.0
6395.0,6460.0,0.0,5817.0,0.0,6470.0,0.0,6470.0,0.0,6460.0,0.0
31.0,0.0,6397.0,6461.0,0.0,5817.0,0.0,6471.0,0.0,6471.0,0.0
6461.0,0.0,31.0,0.0,6399.0,6462.0,0.0,5817.0,0.0,6472.0,0.0
6472.0,0.0,6462.0,0.0,31.0,0.0,6401.0,6463.0,0.0,5817.0,0.0
6473.0,0.0,6473.0,0.0,6463.0,0.0,31.0,0.0,6403.0,6464.0,0.0
5817.0,0.0,6474.0,0.0,6474.0,0.0,6464.0,0.0,31.0,0.0,6405.0
6465.0,0.0,5817.0,0.0,6475.0,0.0,6475.0,0.0,6465.0,0.0,31.0
0.0,6407.0,6466.0,0.0,5817.0,0.0,6476.0,0.0,6476.0,0.0,6466.0
0.0,31.0,0.0,6409.0,6467.0,0.0,5817.0,0.0,6477.0,0.0,6477.0
0.0,6467.0,0.0,31.0,0.0,6411.0,6468.0,0.0,5817.0,0.0,6478.0
0.0,6478.0,0.0,6468.0,0.0,31.0,0.0,6413.0,5818.0,0.0,5784.0
0.0,6479.0,0.0,6480.0,0.0,6481.0,0.0,6482.0,0.0,6483.0,0.0
6484.0,0.0,6485.0,0.0,6486.0,0.0,6487.0,0.0,6488.0,0.0,6479.0
0.0,5818.0,0.0,6489.0,0.0,6489.0,0.0,6479.0,0.0,31.0,0.0
6416.0,6480.0,0.0,5818.0,0.0,6490.0,0.0,6490.0,0.0,6480.0,0.0
31.0,0.0,6418.0,6481.0,0.0,5818.0,0.0,6491.0,0.0,6491.0,0.0
6481.0,0.0,31.0,0.0,6420.0,6482.0,0.0,5818.0,0.0,6492.0,0.0
6492.0,0.0,6482.0,0.0,31.0,0.0,6422.0,6483.0,0.0,5818.0,0.0
6493.0,0.0,6493.0,0.0,6483.0,0.0,31.0,0.0,6424.0,6484.0,0.0
5818.0,0.0,6494.0,0.0,6494.0,0.0,6484.0,0.0,31.0,0.0,6426.0
6485.0,0.0,5818.0,0.0,6495.0,0.0,6495.0,0.0,6485.0,0.0,31.0
0.0,6428.0,6486.0,0.0,5818.0,0.0,6496.0,0.0,6496.0,0.0,6486.0
0.0,31.0,0.0,6430.0,6487.0,0.0,5818.0,0.0,6497.0,0.0,6497.0
0.0,6487.0,0.0,31.0,0.0,6432.0,6488.0,0.0,5818.0,0.0,6498.0
0.0,6498.0,0.0,6488.0,0.0,31.0,0.0,6434.0,71.0,0.0,50.0
0.0,31.0,0.0,6435.0,72.0,0.0,50.0,0.0,6499.0,0.0,6499.0
0.0,72.0,0.0,6500.0,0.0,6501.0,0.0,6502.0,0.0,6503.0,0.0
6504.0,0.0,6505.0,0.0,6506.0,0.0,6507.0,0.0,6508.0,0.0,6509.0
0.0,6510.0,0.0,6511.0,0.0,6512.0,0.0,6513.0,0.0,6514.0,0.0
6515.0,0.0,6516.0,0.0,6517.0,0.0,6518.0,0.0,6519.0,0.0,6520.0
0.0,6521.0,0.0,6522.0,0.0,6523.0,0.0,6524.0,0.0,6525.0,0.0
6526.0,0.0,6527.0,0.0,6528.0,0.0,6529.0,0.0,6530.0,0.0,6531.0
0.0,6532.0,0.0,6533.0,0.0,6500.0,0.0,6499.0,0.0,6534.0,0.0
6535.0,0.0,6536.0,0.0,6537.0,0.0,6538.0,0.0,6539.0,0.0,6540.0
0.0,6541.0,0.0,6542.0,0.0,6543.0,0.0,6534.0,0.0,6500.0,0.0
6544.0,0.0,6544.0,0.0,6534.0,0.0,35.0,0.0,6440.0,6535.0,0.0
6500.0,0.0,6545.0,0.0,6545.0,0.0,6535.0,0.0,35.0,0.0,6442.0
6536.0,0.0,6500.0,0.0,6546.0,0.0,6546.0,0.0,6536.0,0.0,35.0
0.0,6444.0,6537.0,0.0,6500.0,0.0,6547.0,0.0,6547.0,0.0,6537.0
0.0,35.0,0.0,6446.0,6538.0,0.0,6500.0,0.0,6548.0,0.0,6548.0
0.0,6538.0,0.0,35.0,0.0,6448.0,6539.0,0.0,6500.0,0.0,6549.0
0.0,6549.0,0.0,6539.0,0.0,35.0,0.0,6450.0,6540.0,0.0,6500.0
0.0,6550.0,0.0,6550.0,0.0,6540.0,0.0,35.0,0.0,6452.0,6541.0
0.0,6500.0,0.0,6551.0,0.0,6551.0,0.0,6541.0,0.0,35.0,0.0
6454.0,6542.0,0.0,6500.0,0.0,6552.0,0.0,6552.0,0.0,6542.0,0.0
35.0,0.0,6456.0,6543.0,0.0,6500.0,0.0,6553.0,0.0,6553.0,0.0
6543.0,0.0,35.0,0.0,6458.0,6501.0,0.0,6499.0,0.0,6554.0,0.0
6555.0,0.0,6556.0,0.0,6557.0,0.0,6558.0,0.0,6559.0,0.0,6560.0
0.0,6561.0,0.0,6562.0,0.0,6563.0,0.0,6554.0,0.0,6501.0,0.0
6564.0,0.0,6564.0,0.0,6554.0,0.0,35.0,0.0,6461.0,6555.0,0.0
6501.0,0.0,6565.0,0.0,6565.0,0.0,6555.0,0.0,35.0,0.0,6463.0
6556.0,0.0,6501.0,0.0,6566.0,0.0,6566.0,0.0,6556.0,0.0,35.0
0.0,6465.0,6557.0,0.0,6501.0,0.0,6567.0,0.0,6567.0,0.0,6557.0
0.0,35.0,0.0,6467.0,6558.0,0.0,6501.0,0.0,6568.0,0.0,6568.0
0.0,6558.0,0.0,35.0,0.0,6469.0,6559.0,0.0,6501.0,0.0,6569.0
0.0,6569.0,0.0,6559.0,0.0,35.0,0.0,6471.0,6560.0,0.0,6501.0
0.0,6570.0,0.0,6570.0,0.0,6560.0,0.0,35.0,0.0,6473.0,6561.0
0.0,6501.0,0.0,6571.0,0.0,6571.0,0.0,6561.0,0.0,35.0,0.0
6475.0,6562.0,0.0,6501.0,0.0,6572.0,0.0,6572.0,0.0,6562.0,0.0
35.0,0.0,6477.0,6563.0,0.0,6501.0,0.0,6573.0,0.0,6573.0,0.0
6563.0,0.0,35.0,0.0,6479.0,6502.0,0.0,6499.0,0.0,6574.0,0.0
6575.0,0.0,6576.0,0.0,6577.0,0.0,6578.0,0.0,6579.0,0.0,6580.0
0.0,6581.0,0.0,6582.0,0.0,6583.0,0.0,6574.0,0.0,6502.0,0.0
6584.0,0.0,6584.0,0.0,6574.0,0.0,35.0,0.0,6482.0,6575.0,0.0
6502.0,0.0,6585.0,0.0,6585.0,0.0,6575.0,0.0,35.0,0.0,6484.0
6576.0,0.0,6502.0,0.0,6586.0,0.0,6586.0,0.0,6576.0,0.0,35.0
0.0,6486.0,6577.0,0.0,6502.0,0.0,6587.0,0.0,6587.0,0.0,6577.0
0.0,35.0,0.0,6488.0,6578.0,0.0,6502.0,0.0,6588.0,0.0,6588.0
0.0,6578.0,0.0,35.0,0.0,6490.0,6579.0,0.0,6502.0,0.0,6589.0
0.0,6589.0,0.0,6579.0,0.0,35.0,0.0,6492.0,6580.0,0.0,6502.0
0.0,6590.0,0.0,6590.0,0.0,6580.0,0.0,35.0,0.0,6494.0,6581.0
0.0,6502.0,0.0,6591.0,0.0,6591.0,0.0,6581.0,0.0,35.0,0.0
6496.0,6582.0,0.0,6502.0,0.0,6592.0,0.0,6592.0,0.0,6582.0,0.0
35.0,0.0,6498.0,6583.0,0.0,6502.0,0.0,6593.0,0.0,6593.0,0.0
6583.0,0.0,35.0,0.0,6500.0,6503.0,0.0,6499.0,0.0,6594.0,0.0
6595.0,0.0,6596.0,0.0,6597.0,0.0,6598.0,0.0,6599.0,0.0,6600.0
0.0,6601.0,0.0,6602.0,0.0,6603.0,0.0,6594.0,0.0,6503.0,0.0
6604.0,0.0,6604.0,0.0,6594.0,0.0,35.0,0.0,6503.0,6595.0,0.0
6503.0,0.0,6605.0,0.0,6605.0,0.0,6595.0,0.0,35.0,0.0,6505.0
6596.0,0.0,6503.0,0.0,6606.0,0.0,6606.0,0.0,6596.0,0.0,35.0
0.0,6507.0,6597.0,0.0,6503.0,0.0,6607.0,0.0,6607.0,0.0,6597.0
0.0,35.0,0.0,6509.0,6598.0,0.0,6503.0,0.0,6608.0,0.0,6608.0
0.0,6598.0,0.0,35.0,0.0,6511.0,6599.0,0.0,6503.0,0.0,6609.0
0.0,6609.0,0.0,6599.0,0.0,35.0,0.0,6513.0,6600.0,0.0,6503.0
0.0,6610.0,0.0,6610.0,0.0,6600.0,0.0,35.0,0.0,6515.0,6601.0
0.0,6503.0,0.0,6611.0,0.0,6611.0,0.0,6601.0,0.0,35.0,0.0
6517.0,6602.0,0.0,6503.0,0.0,6612.0,0.0,6612.0,0.0,6602.0,0.0
35.0,0.0,6519.0,6603.0,0.0,6503.0,0.0,6613.0,0.0,6613.0,0.0
6603.0,0.0,35.0,0.0,6521.0,6504.0,0.0,6499.0,0.0,6614.0,0.0
6615.0,0.0,6616.0,0.0,6617.0,0.0,6618.0,0.0,6619.0,0.0,6620.0
0.0,6621.0,0.0,6622.0,0.0,6623.0,0.0,6614.0,0.0,6504.0,0.0
6624.0,0.0,6624.0,0.0,6614.0,0.0,35.0,0.0,6524.0,6615.0,0.0
6504.0,0.0,6625.0,0.0,6625.0,0.0,6615.0,0.0,35.0,0.0,6526.0
6616.0,0.0,6504.0,0.0,6626.0,0.0,6626.0,0.0,6616.0,0.0,35.0
0.0,6528.0,6617.0,0.0,6504.0,0.0,6627.0,0.0,6627.0,0.0,6617.0
0.0,35.0,0.0,6530.0,6618.0,0.0,6504.0,0.0,6628.0,0.0,6628.0
0.0,6618.0,0.0,35.0,0.0,6532.0,6619.0,0.0,6504.0,0.0,6629.0
0.0,6629.0,0.0,6619.0,0.0,35.0,0.0,6534.0,6620.0,0.0,6504.0
0.0,6630.0,0.0,6630.0,0.0,6620.0,0.0,35.0,0.0,6536.0,6621.0
0.0,6504.0,0.0,6631.0,0.0,6631.0,0.0,6621.0,0.0,35.0,0.0
6538.0,6622.0,0.0,6504.0,0.0,6632.0,0.0,6632.0,0.0,6622.0,0.0
35.0,0.0,6540.0,6623.0,0.0,6504.0,0.0,6633.0,0.0,6633.0,0.0
6623.0,0.0,35.0,0.0,6542.0,6505.0,0.0,6499.0,0.0,6634.0,0.0
6635.0,0.0,6636.0,0.0,6637.0,0.0,6638.0,0.0,6639.0,0.0,6640.0
0.0,6641.0,0.0,6642.0,0.0,6643.0,0.0,6634.0,0.0,6505.0,0.0
6644.0,0.0,6644.0,0.0,6634.0,0.0,35.0,0.0,6545.0,6635.0,0.0
6505.0,0.0,6645.0,0.0,6645.0,0.0,6635.0,0.0,35.0,0.0,6547.0
6636.0,0.0,6505.0,0.0,6646.0,0.0,6646.0,0.0,6636.0,0.0,35.0
0.0,6549.0,6637.0,0.0,6505.0,0.0,6647.0,0.0,6647.0,0.0,6637.0
0.0,35.0,0.0,6551.0,6638.0,0.0,6505.0,0.0,6648.0,0.0,6648.0
0.0,6638.0,0.0,35.0,0.0,6553.0,6639.0,0.0,6505.0,0.0,6649.0
0.0,6649.0,0.0,6639.0,0.0,35.0,0.0,6555.0,6640.0,0.0,6505.0
0.0,6650.0,0.0,6650.0,0.0,6640.0,0.0,35.0,0.0,6557.0,6641.0
0.0,6505.0,0.0,6651.0,0.0,6651.0,0.0,6641.0,0.0,35.0,0.0
6559.0,6642.0,0.0,6505.0,0.0,6652.0,0.0,6652.0,0.0,6642.0,0.0
35.0,0.0,6561.0,6643.0,0.0,6505.0,0.0,6653.0,0.0,6653.0,0.0
6643.0,0.0,35.0,0.0,6563.0,6506.0,0.0,6499.0,0.0,6654.0,0.0
6655.0,0.0,6656.0,0.0,6657.0,0.0,6658.0,0.0,6659.0,0.0,6660.0
0.0,6661.0,0.0,6662.0,0.0,6663.0,0.0,6654.0,0.0,6506.0,0.0
6664.0,0.0,6664.0,0.0,6654.0,0.0,35.0,0.0,6566.0,6655.0,0.0
6506.0,0.0,6665.0,0.0,6665.0,0.0,6655.0,0.0,35.0,0.0,6568.0
6656.0,0.0,6506.0,0.0,6666.0,0.0,6666.0,0.0,6656.0,0.0,35.0
0.0,6570.0,6657.0,0.0,6506.0,0.0,6667.0,0.0,6667.0,0.0,6657.0
0.0,35.0,0.0,6572.0,6658.0,0.0,6506.0,0.0,6668.0,0.0,6668.0
0.0,6658.0,0.0,35.0,0.0,6574.0,6659.0,0.0,6506.0,0.0,6669.0
0.0,6669.0,0.0,6659.0,0.0,35.0,0.0,6576.0,6660.0,0.0,6506.0
0.0,6670.0,0.0,6670.0,0.0,6660.0,0.0,35.0,0.0,6578.0,6661.0
0.0,6506.0,0.0,6671.0,0.0,6671.0,0.0,6661.0,0.0,35.0,0.0
6580.0,6662.0,0.0,6506.0,0.0,6672.0,0.0,6672.0,0.0,6662.0,0.0
35.0,0.0,6582.0,6663.0,0.0,6506.0,0.0,6673.0,0.0,6673.0,0.0
6663.0,0.0,35.0,0.0,6584.0,6507.0,0.0,6499.0,0.0,6674.0,0.0
6675.0,0.0,6676.0,0.0,6677.0,0.0,6678.0,0.0,6679.0,0.0,6680.0
0.0,6681.0,0.0,6682.0,0.0,6683.0,0.0,6674.0,0.0,6507.0,0.0
6684.0,0.0,6684.0,0.0,6674.0,0.0,35.0,0.0,6587.0,6675.0,0.0
6507.0,0.0,6685.0,0.0,6685.0,0.0,6675.0,0.0,35.0,0.0,6589.0
6676.0,0.0,6507.0,0.0,6686.0,0.0,6686.0,0.0,6676.0,0.0,35.0
0.0,6591.0,6677.0,0.0,6507.0,0.0,6687.0,0.0,6687.0,0.0,6677.0
0.0,35.0,0.0,6593.0,6678.0,0.0,6507.0,0.0,6688.0,0.0,6688.0
0.0,6678.0,0.0,35.0,0.0,6595.0,6679.0,0.0,6507.0,0.0,6689.0
0.0,6689.0,0.0,6679.0,0.0,35.0,0.0,6597.0,6680.0,0.0,6507.0
0.0,6690.0,0.0,6690.0,0.0,6680.0,0.0,35.0,0.0,6599.0,6681.0
0.0,6507.0,0.0,6691.0,0.0,6691.0,0.0,6681.0,0.0,35.0,0.0
6601.0,6682.0,0.0,6507.0,0.0,6692.0,0.0,6692.0,0.0,6682.0,0.0
35.0,0.0,6603.0,6683.0,0.0,6507.0,0.0,6693.0,0.0,6693.0,0.0
6683.0,0.0,35.0,0.0,6605.0,6508.0,0.0,6499.0,0.0,6694.0,0.0
6695.0,0.0,6696.0,0.0,6697.0,0.0,6698.0,0.0,6699.0,0.0,6700.0
0.0,6701.0,0.0,6702.0,0.0,6703.0,0.0,6694.0,0.0,6508.0,0.0
6704.0,0.0,6704.0,0.0,6694.0,0.0,35.0,0.0,6608.0,6695.0,0.0
6508.0,0.0,6705.0,0.0,6705.0,0.0,6695.0,0.0,35.0,0.0,6610.0
6696.0,0.0,6508.0,0.0,6706.0,0.0,6706.0,0.0,6696.0,0.0,35.0
0.0,6612.0,6697.0,0.0,6508.0,0.0,6707.0,0.0,6707.0,0.0,6697.0
0.0,35.0,0.0,6614.0,6698.0,0.0,6508.0,0.0,6708.0,0.0,6708.0
0.0,6698.0,0.0,35.0,0.0,6616.0,6699.0,0.0,6508.0,0.0,6709.0
0.0,6709.0,0.0,6699.0,0.0,35.0,0.0,6618.0,6700.0,0.0,6508.0
0.0,6710.0,0.0,6710.0,0.0,6700.0,0.0,35.0,0.0,6620.0,6701.0
0.0,6508.0,0.0,6711.0,0.0,6711.0,0.0,6701.0,0.0,35.0,0.0
6622.0,6702.0,0.0,6508.0,0.0,6712.0,0.0,6712.0,0.0,6702.0,0.0
35.0,0.0,6624.0,6703.0,0.0,6508.0,0.0,6713.0,0.0,6713.0,0.0
6703.0,0.0,35.0,0.0,6626.0,6509.0,0.0,6499.0,0.0,6714.0,0.0
6715.0,0.0,6716.0,0.0,6717.0,0.0,6718.0,0.0,6719.0,0.0,6720.0
0.0,6721.0,0.0,6722.0,0.0,6723.0,0.0,6714.0,0.0,6509.0,0.0
6724.0,0.0,6724.0,0.0,6714.0,0.0,35.0,0.0,6629.0,6715.0,0.0
6509.0,0.0,6725.0,0.0,6725.0,0.0,6715.0,0.0,35.0,0.0,6631.0
6716.0,0.0,6509.0,0.0,6726.0,0.0,6726.0,0.0,6716.0,0.0,35.0
0.0,6633.0,6717.0,0.0,6509.0,0.0,6727.0,0.0,6727.0,0.0,6717.0
0.0,35.0,0.0,6635.0,6718.0,0.0,6509.0,0.0,6728.0,0.0,6728.0
0.0,6718.0,0.0,35.0,0.0,6637.0,6719.0,0.0,6509.0,0.0,6729.0
0.0,6729.0,0.0,6719.0,0.0,35.0,0.0,6639.0,6720.0,0.0,6509.0
0.0,6730.0,0.0,6730.0,0.0,6720.0,0.0,35.0,0.0,6641.0,6721.0
0.0,6509.0,0.0,6731.0,0.0,6731.0,0.0,6721.0,0.0,35.0,0.0
6643.0,6722.0,0.0,6509.0,0.0,6732.0,0.0,6732.0,0.0,6722.0,0.0
35.0,0.0,6645.0,6723.0,0.0,6509.0,0.0,6733.0,0.0,6733.0,0.0
6723.0,0.0,35.0,0.0,6647.0,6510.0,0.0,6499.0,0.0,6734.0,0.0
6735.0,0.0,6736.0,0.0,6737.0,0.0,6738.0,0.0,6739.0,0.0,6740.0
0.0,6741.0,0.0,6742.0,0.0,6743.0,0.0,6734.0,0.0,6510.0,0.0
6744.0,0.0,6744.0,0.0,6734.0,0.0,35.0,0.0,6650.0,6735.0,0.0
6510.0,0.0,6745.0,0.0,6745.0,0.0,6735.0,0.0,35.0,0.0,6652.0
6736.0,0.0,6510.0,0.0,6746.0,0.0,6746.0,0.0,6736.0,0.0,35.0
0.0,6654.0,6737.0,0.0,6510.0,0.0,6747.0,0.0,6747.0,0.0,6737.0
0.0,35.0,0.0,6656.0,6738.0,0.0,6510.0,0.0,6748.0,0.0,6748.0
0.0,6738.0,0.0,35.0,0.0,6658.0,6739.0,0.0,6510.0,0.0,6749.0
0.0,6749.0,0.0,6739.0,0.0,35.0,0.0,6660.0,6740.0,0.0,6510.0
0.0,6750.0,0.0,6750.0,0.0,6740.0,0.0,35.0,0.0,6662.0,6741.0
0.0,6510.0,0.0,6751.0,0.0,6751.0,0.0,6741.0,0.0,35.0,0.0
6664.0,6742.0,0.0,6510.0,0.0,6752.0,0.0,6752.0,0.0,6742.0,0.0
35.0,0.0,6666.0,6743.0,0.0,6510.0,0.0,6753.0,0.0,6753.0,0.0
6743.0,0.0,35.0,0.0,6668.0,6511.0,0.0,6499.0,0.0,6754.0,0.0
6755.0,0.0,6756.0,0.0,6757.0,0.0,6758.0,0.0,6759.0,0.0,6760.0
0.0,6761.0,0.0,6762.0,0.0,6763.0,0.0,6754.0,0.0,6511.0,0.0
6764.0,0.0,6764.0,0.0,6754.0,0.0,35.0,0.0,6671.0,6755.0,0.0
6511.0,0.0,6765.0,0.0,6765.0,0.0,6755.0,0.0,35.0,0.0,6673.0
6756.0,0.0,6511.0,0.0,6766.0,0.0,6766.0,0.0,6756.0,0.0,35.0
0.0,6675.0,6757.0,0.0,6511.0,0.0,6767.0,0.0,6767.0,0.0,6757.0
0.0,35.0,0.0,6677.0,6758.0,0.0,6511.0,0.0,6768.0,0.0,6768.0
0.0,6758.0,0.0,35.0,0.0,6679.0,6759.0,0.0,6511.0,0.0,6769.0
0.0,6769.0,0.0,6759.0,0.0,35.0,0.0,6681.0,6760.0,0.0,6511.0
0.0,6770.0,0.0,6770.0,0.0,6760.0,0.0,35.0,0.0,6683.0,6761.0
0.0,6511.0,0.0,6771.0,0.0,6771.0,0.0,6761.0,0.0,35.0,0.0
6685.0,6762.0,0.0,6511.0,0.0,6772.0,0.0,6772.0,0.0,6762.0,0.0
35.0,0.0,6687.0,6763.0,0.0,6511.0,0.0,6773.0,0.0,6773.0,0.0
6763.0,0.0,35.0,0.0,6689.0,6512.0,0.0,6499.0,0.0,6774.0,0.0
6775.0,0.0,6776.0,0.0,6777.0,0.0,6778.0,0.0,6779.0,0.0,6780.0
0.0,6781.0,0.0,6782.0,0.0,6783.0,0.0,6774.0,0.0,6512.0,0.0
6784.0,0.0,6784.0,0.0,6774.0,0.0,35.0,0.0,6692.0,6775.0,0.0
6512.0,0.0,6785.0,0.0,6785.0,0.0,6775.0,0.0,35.0,0.0,6694.0
6776.0,0.0,6512.0,0.0,6786.0,0.0,6786.0,0.0,6776.0,0.0,35.0
0.0,6696.0,6777.0,0.0,6512.0,0.0,6787.0,0.0,6787.0,0.0,6777.0
0.0,35.0,0.0,6698.0,6778.0,0.0,6512.0,0.0,6788.0,0.0,6788.0
0.0,6778.0,0.0,35.0,0.0,6700.0,6779.0,0.0,6512.0,0.0,6789.0
0.0,6789.0,0.0,6779.0,0.0,35.0,0.0,6702.0,6780.0,0.0,6512.0
0.0,6790.0,0.0,6790.0,0.0,6780.0,0.0,35.0,0.0,6704.0,6781.0
0.0,6512.0,0.0,6791.0,0.0,6791.0,0.0,6781.0,0.0,35.0,0.0
6706.0,6782.0,0.0,6512.0,0.0,6792.0,0.0,6792.0,0.0,6782.0,0.0
35.0,0.0,6708.0,6783.0,0.0,6512.0,0.0,6793.0,0.0,6793.0,0.0
6783.0,0.0,35.0,0.0,6710.0,6513.0,0.0,6499.0,0.0,6794.0,0.0
6795.0,0.0,6796.0,0.0,6797.0,0.0,6798.0,0.0,6799.0,0.0,6800.0
0.0,6801.0,0.0,6802.0,0.0,6803.0,0.0,6794.0,0.0,6513.0,0.0
6804.0,0.0,6804.0,0.0,6794.0,0.0,35.0,0.0,6713.0,6795.0,0.0
6513.0,0.0,6805.0,0.0,6805.0,0.0,6795.0,0.0,35.0,0.0,6715.0
6796.0,0.0,6513.0,0.0,6806.0,0.0,6806.0,0.0,6796.0,0.0,35.0
0.0,6717.0,6797.0,0.0,6513.0,0.0,6807.0,0.0,6807.0,0.0,6797.0
0.0,35.0,0.0,6719.0,6798.0,0.0,6513.0,0.0,6808.0,0.0,6808.0
0.0,6798.0,0.0,35.0,0.0,6721.0,6799.0,0.0,6513.0,0.0,6809.0
0.0,6809.0,0.0,6799.0,0.0,35.0,0.0,6723.0,6800.0,0.0,6513.0
0.0,6810.0,0.0,6810.0,0.0,6800.0,0.0,35.0,0.0,6725.0,6801.0
0.0,6513.0,0.0,6811.0,0.0,6811.0,0.0,6801.0,0.0,35.0,0.0
6727.0,6802.0,0.0,6513.0,0.0,6812.0,0.0,6812.0,0.0,6802.0,0.0
35.0,0.0,6729.0,6803.0,0.0,6513.0,0.0,6813.0,0.0,6813.0,0.0
6803.0,0.0,35.0,0.0,6731.0,6514.0,0.0,6499.0,0.0,6814.0,0.0
6815.0,0.0,6816.0,0.0,6817.0,0.0,6818.0,0.0,6819.0,0.0,6820.0
0.0,6821.0,0.0,6822.0,0.0,6823.0,0.0,6814.0,0.0,6514.0,0.0
6824.0,0.0,6824.0,0.0,6814.0,0.0,35.0,0.0,6734.0,6815.0,0.0
6514.0,0.0,6825.0,0.0,6825.0,0.0,6815.0,0.0,35.0,0.0,6736.0
6816.0,0.0,6514.0,0.0,6826.0,0.0,6826.0,0.0,6816.0,0.0,35.0
0.0,6738.0,6817.0,0.0,6514.0,0.0,6827.0,0.0,6827.0,0.0,6817.0
0.0,35.0,0.0,6740.0,6818.0,0.0,6514.0,0.0,6828.0,0.0,6828.0
0.0,6818.0,0.0,35.0,0.0,6742.0,6819.0,0.0,6514.0,0.0,6829.0
0.0,6829.0,0.0,6819.0,0.0,35.0,0.0,6744.0,6820.0,0.0,6514.0
0.0,6830.0,0.0,6830.0,0.0,6820.0,0.0,35.0,0.0,6746.0,6821.0
0.0,6514.0,0.0,6831.0,0.0,6831.0,0.0,6821.0,0.0,35.0,0.0
6748.0,6822.0,0.0,6514.0,0.0,6832.0,0.0,6832.0,0.0,6822.0,0.0
35.0,0.0,6750.0,6823.0,0.0,6514.0,0.0,6833.0,0.0,6833.0,0.0
6823.0,0.0,35.0,0.0,6752.0,6515.0,0.0,6499.0,0.0,6834.0,0.0
6835.0,0.0,6836.0,0.0,6837.0,0.0,6838.0,0.0,6839.0,0.0,6840.0
0.0,6841.0,0.0,6842.0,0.0,6843.0,0.0,6834.0,0.0,6515.0,0.0
6844.0,0.0,6844.0,0.0,6834.0,0.0,35.0,0.0,6755.0,6835.0,0.0
6515.0,0.0,6845.0,0.0,6845.0,0.0,6835.0,0.0,35.0,0.0,6757.0
6836.0,0.0,6515.0,0.0,6846.0,0.0,6846.0,0.0,6836.0,0.0,35.0
0.0,6759.0,6837.0,0.0,6515.0,0.0,6847.0,0.0,6847.0,0.0,6837.0
0.0,35.0,0.0,6761.0,6838.0,0.0,6515.0,0.0,6848.0,0.0,6848.0
0.0,6838.0,0.0,35.0,0.0,6763.0,6839.0,0.0,6515.0,0.0,6849.0
0.0,6849.0,0.0,6839.0,0.0,35.0,0.0,6765.0,6840.0,0.0,6515.0
0.0,6850.0,0.0,6850.0,0.0,6840.0,0.0,35.0,0.0,6767.0,6841.0
0.0,6515.0,0.0,6851.0,0.0,6851.0,0.0,6841.0,0.0,35.0,0.0
6769.0,6842.0,0.0,6515.0,0.0,6852.0,0.0,6852.0,0.0,6842.0,0.0
35.0,0.0,6771.0,6843.0,0.0,6515.0,0.0,6853.0,0.0,6853.0,0.0
6843.0,0.0,35.0,0.0,6773.0,6516.0,0.0,6499.0,0.0,6854.0,0.0
6855.0,0.0,6856.0,0.0,6857.0,0.0,6858.0,0.0,6859.0,0.0,6860.0
0.0,6861.0,0.0,6862.0,0.0,6863.0,0.0,6854.0,0.0,6516.0,0.0
6864.0,0.0,6864.0,0.0,6854.0,0.0,35.0,0.0,6776.0,6855.0,0.0
6516.0,0.0,6865.0,0.0,6865.0,0.0,6855.0,0.0,35.0,0.0,6778.0
6856.0,0.0,6516.0,0.0,6866.0,0.0,6866.0,0.0,6856.0,0.0,35.0
0.0,6780.0,6857.0,0.0,6516.0,0.0,6867.0,0.0,6867.0,0.0,6857.0
0.0,35.0,0.0,6782.0,6858.0,0.0,6516.0,0.0,6868.0,0.0,6868.0
0.0,6858.0,0.0,35.0,0.0,6784.0,6859.0,0.0,6516.0,0.0,6869.0
0.0,6869.0,0.0,6859.0,0.0,35.0,0.0,6786.0,6860.0,0.0,6516.0
0.0,6870.0,0.0,6870.0,0.0,6860.0,0.0,35.0,0.0,6788.0,6861.0
0.0,6516.0,0.0,6871.0,0.0,6871.0,0.0,6861.0,0.0,35.0,0.0
6790.0,6862.0,0.0,6516.0,0.0,6872.0,0.0,6872.0,0.0,6862.0,0.0
35.0,0.0,6792.0,6863.0,0.0,6516.0,0.0,6873.0,0.0,6873.0,0.0
6863.0,0.0,35.0,0.0,6794.0,6517.0,0.0,6499.0,0.0,6874.0,0.0
6875.0,0.0,6876.0,0.0,6877.0,0.0,6878.0,0.0,6879.0,0.0,6880.0
0.0,6881.0,0.0,6882.0,0.0,6883.0,0.0,6874.0,0.0,6517.0,0.0
6884.0,0.0,6884.0,0.0,6874.0,0.0,35.0,0.0,6797.0,6875.0,0.0
6517.0,0.0,6885.0,0.0,6885.0,0.0,6875.0,0.0,35.0,0.0,6799.0
6876.0,0.0,6517.0,0.0,6886.0,0.0,6886.0,0.0,6876.0,0.0,35.0
0.0,6801.0,6877.0,0.0,6517.0,0.0,6887.0,0.0,6887.0,0.0,6877.0
0.0,35.0,0.0,6803.0,6878.0,0.0,6517.0,0.0,6888.0,0.0,6888.0
0.0,6878.0,0.0,35.0,0.0,6805.0,6879.0,0.0,6517.0,0.0,6889.0
0.0,6889.0,0.0,6879.0,0.0,35.0,0.0,6807.0,6880.0,0.0,6517.0
0.0,6890.0,0.0,6890.0,0.0,6880.0,0.0,35.0,0.0,6809.0,6881.0
0.0,6517.0,0.0,6891.0,0.0,6891.0,0.0,6881.0,0.0,35.0,0.0
6811.0,6882.0,0.0,6517.0,0.0,6892.0,0.0,6892.0,0.0,6882.0,0.0
35.0,0.0,6813.0,6883.0,0.0,6517.0,0.0,6893.0,0.0,6893.0,0.0
6883.0,0.0,35.0,0.0,6815.0,6518.0,0.0,6499.0,0.0,6894.0,0.0
6895.0,0.0,6896.0,0.0,6897.0,0.0,6898.0,0.0,6899.0,0.0,6900.0
0.0,6901.0,0.0,6902.0,0.0,6903.0,0.0,6894.0,0.0,6518.0,0.0
6904.0,0.0,6904.0,0.0,6894.0,0.0,35.0,0.0,6818.0,6895.0,0.0
6518.0,0.0,6905.0,0.0,6905.0,0.0,6895.0,0.0,35.0,0.0,6820.0
6896.0,0.0,6518.0,0.0,6906.0,0.0,6906.0,0.0,6896.0,0.0,35.0
0.0,6822.0,6897.0,0.0,6518.0,0.0,6907.0,0.0,6907.0,0.0,6897.0
0.0,35.0,0.0,6824.0,6898.0,0.0,6518.0,0.0,6908.0,0.0,6908.0
0.0,6898.0,0.0,35.0,0.0,6826.0,6899.0,0.0,6518.0,0.0,6909.0
0.0,6909.0,0.0,6899.0,0.0,35.0,0.0,6828.0,6900.0,0.0,6518.0
0.0,6910.0,0.0,6910.0,0.0,6900.0,0.0,35.0,0.0,6830.0,6901.0
0.0,6518.0,0.0,6911.0,0.0,6911.0,0.0,6901.0,0.0,35.0,0.0
6832.0,6902.0,0.0,6518.0,0.0,6912.0,0.0,6912.0,0.0,6902.0,0.0
35.0,0.0,6834.0,6903.0,0.0,6518.0,0.0,6913.0,0.0,6913.0,0.0
6903.0,0.0,35.0,0.0,6836.0,6519.0,0.0,6499.0,0.0,6914.0,0.0
6915.0,0.0,6916.0,0.0,6917.0,0.0,6918.0,0.0,6919.0,0.0,6920.0
0.0,6921.0,0.0,6922.0,0.0,6923.0,0.0,6914.0,0.0,6519.0,0.0
6924.0,0.0,6924.0,0.0,6914.0,0.0,35.0,0.0,6839.0,6915.0,0.0
6519.0,0.0,6925.0,0.0,6925.0,0.0,6915.0,0.0,35.0,0.0,6841.0
6916.0,0.0,6519.0,0.0,6926.0,0.0,6926.0,0.0,6916.0,0.0,35.0
0.0,6843.0,6917.0,0.0,6519.0,0.0,6927.0,0.0,6927.0,0.0,6917.0
0.0,35.0,0.0,6845.0,6918.0,0.0,6519.0,0.0,6928.0,0.0,6928.0
0.0,6918.0,0.0,35.0,0.0,6847.0,6919.0,0.0,6519.0,0.0,6929.0
0.0,6929.0,0.0,6919.0,0.0,35.0,0.0,6849.0,6920.0,0.0,6519.0
0.0,6930.0,0.0,6930.0,0.0,6920.0,0.0,35.0,0.0,6851.0,6921.0
0.0,6519.0,0.0,6931.0,0.0,6931.0,0.0,6921.0,0.0,35.0,0.0
6853.0,6922.0,0.0,6519.0,0.0,6932.0,0.0,6932.0,0.0,6922.0,0.0
35.0,0.0,6855.0,6923.0,0.0,6519.0,0.0,6933.0,0.0,6933.0,0.0
6923.0,0.0,35.0,0.0,6857.0,6520.0,0.0,6499.0,0.0,6934.0,0.0
6935.0,0.0,6936.0,0.0,6937.0,0.0,6938.0,0.0,6939.0,0.0,6940.0
0.0,6941.0,0.0,6942.0,0.0,6943.0,0.0,6934.0,0.0,6520.0,0.0
6944.0,0.0,6944.0,0.0,6934.0,0.0,35.0,0.0,6860.0,6935.0,0.0
6520.0,0.0,6945.0,0.0,6945.0,0.0,6935.0,0.0,35.0,0.0,6862.0
6936.0,0.0,6520.0,0.0,6946.0,0.0,6946.0,0.0,6936.0,0.0,35.0
0.0,6864.0,6937.0,0.0,6520.0,0.0,6947.0,0.0,6947.0,0.0,6937.0
0.0,35.0,0.0,6866.0,6938.0,0.0,6520.0,0.0,6948.0,0.0,6948.0
0.0,6938.0,0.0,35.0,0.0,6868.0,6939.0,0.0,6520.0,0.0,6949.0
0.0,6949.0,0.0,6939.0,0.0,35.0,0.0,6870.0,6940.0,0.0,6520.0
0.0,6950.0,0.0,6950.0,0.0,6940.0,0.0,35.0,0.0,6872.0,6941.0
0.0,6520.0,0.0,6951.0,0.0,6951.0,0.0,6941.0,0.0,35.0,0.0
6874.0,6942.0,0.0,6520.0,0.0,6952.0,0.0,6952.0,0.0,6942.0,0.0
35.0,0.0,6876.0,6943.0,0.0,6520.0,0.0,6953.0,0.0,6953.0,0.0
6943.0,0.0,35.0,0.0,6878.0,6521.0,0.0,6499.0,0.0,6954.0,0.0
6955.0,0.0,6956.0,0.0,6957.0,0.0,6958.0,0.0,6959.0,0.0,6960.0
0.0,6961.0,0.0,6962.0,0.0,6963.0,0.0,6954.0,0.0,6521.0,0.0
6964.0,0.0,6964.0,0.0,6954.0,0.0,35.0,0.0,6881.0,6955.0,0.0
6521.0,0.0,6965.0,0.0,6965.0,0.0,6955.0,0.0,35.0,0.0,6883.0
6956.0,0.0,6521.0,0.0,6966.0,0.0,6966.0,0.0,6956.0,0.0,35.0
0.0,6885.0,6957.0,0.0,6521.0,0.0,6967.0,0.0,6967.0,0.0,6957.0
0.0,35.0,0.0,6887.0,6958.0,0.0,6521.0,0.0,6968.0,0.0,6968.0
0.0,6958.0,0.0,35.0,0.0,6889.0,6959.0,0.0,6521.0,0.0,6969.0
0.0,6969.0,0.0,6959.0,0.0,35.0,0.0,6891.0,6960.0,0.0,6521.0
0.0,6970.0,0.0,6970.0,0.0,6960.0,0.0,35.0,0.0,6893.0,6961.0
0.0,6521.0,0.0,6971.0,0.0,6971.0,0.0,6961.0,0.0,35.0,0.0
6895.0,6962.0,0.0,6521.0,0.0,6972.0,0.0,6972.0,0.0,6962.0,0.0
35.0,0.0,6897.0,6963.0,0.0,6521.0,0.0,6973.0,0.0,6973.0,0.0
6963.0,0.0,35.0,0.0,6899.0,6522.0,0.0,6499.0,0.0,6974.0,0.0
6975.0,0.0,6976.0,0.0,6977.0,0.0,6978.0,0.0,6979.0,0.0,6980.0
0.0,6981.0,0.0,6982.0,0.0,6983.0,0.0,6974.0,0.0,6522.0,0.0
6984.0,0.0,6984.0,0.0,6974.0,0.0,35.0,0.0,6902.0,6975.0,0.0
6522.0,0.0,6985.0,0.0,6985.0,0.0,6975.0,0.0,35.0,0.0,6904.0
6976.0,0.0,6522.0,0.0,6986.0,0.0,6986.0,0.0,6976.0,0.0,35.0
0.0,6906.0,6977.0,0.0,6522.0,0.0,6987.0,0.0,6987.0,0.0,6977.0
0.0,35.0,0.0,6908.0,6978.0,0.0,6522.0,0.0,6988.0,0.0,6988.0
0.0,6978.0,0.0,35.0,0.0,6910.0,6979.0,0.0,6522.0,0.0,6989.0
0.0,6989.0,0.0,6979.0,0.0,35.0,0.0,6912.0,6980.0,0.0,6522.0
0.0,6990.0,0.0,6990.0,0.0,6980.0,0.0,35.0,0.0,6914.0,6981.0
0.0,6522.0,0.0,6991.0,0.0,6991.0,0.0,6981.0,0.0,35.0,0.0
6916.0,6982.0,0.0,6522.0,0.0,6992.0,0.0,6992.0,0.0,6982.0,0.0
35.0,0.0,6918.0,6983.0,0.0,6522.0,0.0,6993.0,0.0,6993.0,0.0
6983.0,0.0,35.0,0.0,6920.0,6523.0,0.0,6499.0,0.0,6994.0,0.0
6995.0,0.0,6996.0,0.0,6997.0,0.0,6998.0,0.0,6999.0,0.0,7000.0
0.0,7001.0,0.0,7002.0,0.0,7003.0,0.0,6994.0,0.0,6523.0,0.0
7004.0,0.0,7004.0,0.0,6994.0,0.0,35.0,0.0,6923.0,6995.0,0.0
6523.0,0.0,7005.0,0.0,7005.0,0.0,6995.0,0.0,35.0,0.0,6925.0
6996.0,0.0,6523.0,0.0,7006.0,0.0,7006.0,0.0,6996.0,0.0,35.0
0.0,6927.0,6997.0,0.0,6523.0,0.0,7007.0,0.0,7007.0,0.0,6997.0
0.0,35.0,0.0,6929.0,6998.0,0.0,6523.0,0.0,7008.0,0.0,7008.0
0.0,6998.0,0.0,35.0,0.0,6931.0,6999.0,0.0,6523.0,0.0,7009.0
0.0,7009.0,0.0,6999.0,0.0,35.0,0.0,6933.0,7000.0,0.0,6523.0
0.0,7010.0,0.0,7010.0,0.0,7000.0,0.0,35.0,0.0,6935.0,7001.0
0.0,6523.0,0.0,7011.0,0.0,7011.0,0.0,7001.0,0.0,35.0,0.0
6937.0,7002.0,0.0,6523.0,0.0,7012.0,0.0,7012.0,0.0,7002.0,0.0
35.0,0.0,6939.0,7003.0,0.0,6523.0,0.0,7013.0,0.0,7013.0,0.0
7003.0,0.0,35.0,0.0,6941.0,6524.0,0.0,6499.0,0.0,7014.0,0.0
7015.0,0.0,7016.0,0.0,7017.0,0.0,7018.0,0.0,7019.0,0.0,7020.0
0.0,7021.0,0.0,7022.0,0.0,7023.0,0.0,7014.0,0.0,6524.0,0.0
7024.0,0.0,7024.0,0.0,7014.0,0.0,35.0,0.0,6944.0,7015.0,0.0
6524.0,0.0,7025.0,0.0,7025.0,0.0,7015.0,0.0,35.0,0.0,6946.0
7016.0,0.0,6524.0,0.0,7026.0,0.0,7026.0,0.0,7016.0,0.0,35.0
0.0,6948.0,7017.0,0.0,6524.0,0.0,7027.0,0.0,7027.0,0.0,7017.0
0.0,35.0,0.0,6950.0,7018.0,0.0,6524.0,0.0,7028.0,0.0,7028.0
0.0,7018.0,0.0,35.0,0.0,6952.0,7019.0,0.0,6524.0,0.0,7029.0
0.0,7029.0,0.0,7019.0,0.0,35.0,0.0,6954.0,7020.0,0.0,6524.0
0.0,7030.0,0.0,7030.0,0.0,7020.0,0.0,35.0,0.0,6956.0,7021.0
0.0,6524.0,0.0,7031.0,0.0,7031.0,0.0,7021.0,0.0,35.0,0.0
6958.0,7022.0,0.0,6524.0,0.0,7032.0,0.0,7032.0,0.0,7022.0,0.0
35.0,0.0,6960.0,7023.0,0.0,6524.0,0.0,7033.0,0.0,7033.0,0.0
7023.0,0.0,35.0,0.0,6962.0,6525.0,0.0,6499.0,0.0,7034.0,0.0
7035.0,0.0,7036.0,0.0,7037.0,0.0,7038.0,0.0,7039.0,0.0,7040.0
0.0,7041.0,0.0,7042.0,0.0,7043.0,0.0,7034.0,0.0,6525.0,0.0
7044.0,0.0,7044.0,0.0,7034.0,0.0,35.0,0.0,6965.0,7035.0,0.0
6525.0,0.0,7045.0,0.0,7045.0,0.0,7035.0,0.0,35.0,0.0,6967.0
7036.0,0.0,6525.0,0.0,7046.0,0.0,7046.0,0.0,7036.0,0.0,35.0
0.0,6969.0,7037.0,0.0,6525.0,0.0,7047.0,0.0,7047.0,0.0,7037.0
0.0,35.0,0.0,6971.0,7038.0,0.0,6525.0,0.0,7048.0,0.0,7048.0
0.0,7038.0,0.0,35.0,0.0,6973.0,7039.0,0.0,6525.0,0.0,7049.0
0.0,7049.0,0.0,7039.0,0.0,35.0,0.0,6975.0,7040.0,0.0,6525.0
0.0,7050.0,0.0,7050.0,0.0,7040.0,0.0,35.0,0.0,6977.0,7041.0
0.0,6525.0,0.0,7051.0,0.0,7051.0,0.0,7041.0,0.0,35.0,0.0
6979.0,7042.0,0.0,6525.0,0.0,7052.0,0.0,7052.0,0.0,7042.0,0.0
35.0,0.0,6981.0,7043.0,0.0,6525.0,0.0,7053.0,0.0,7053.0,0.0
7043.0,0.0,35.0,0.0,6983.0,6526.0,0.0,6499.0,0.0,7054.0,0.0
7055.0,0.0,7056.0,0.0,7057.0,0.0,7058.0,0.0,7059.0,0.0,7060.0
0.0,7061.0,0.0,7062.0,0.0,7063.0,0.0,7054.0,0.0,6526.0,0.0
7064.0,0.0,7064.0,0.0,7054.0,0.0,35.0,0.0,6986.0,7055.0,0.0
6526.0,0.0,7065.0,0.0,7065.0,0.0,7055.0,0.0,35.0,0.0,6988.0
7056.0,0.0,6526.0,0.0,7066.0,0.0,7066.0,0.0,7056.0,0.0,35.0
0.0,6990.0,7057.0,0.0,6526.0,0.0,7067.0,0.0,7067.0,0.0,7057.0
0.0,35.0,0.0,6992.0,7058.0,0.0,6526.0,0.0,7068.0,0.0,7068.0
0.0,7058.0,0.0,35.0,0.0,6994.0,7059.0,0.0,6526.0,0.0,7069.0
0.0,7069.0,0.0,7059.0,0.0,35.0,0.0,6996.0,7060.0,0.0,6526.0
0.0,7070.0,0.0,7070.0,0.0,7060.0,0.0,35.0,0.0,6998.0,7061.0
0.0,6526.0,0.0,7071.0,0.0,7071.0,0.0,7061.0,0.0,35.0,0.0
7000.0,7062.0,0.0,6526.0,0.0,7072.0,0.0,7072.0,0.0,7062.0,0.0
35.0,0.0,7002.0,7063.0,0.0,6526.0,0.0,7073.0,0.0,7073.0,0.0
7063.0,0.0,35.0,0.0,7004.0,6527.0,0.0,6499.0,0.0,7074.0,0.0
7075.0,0.0,7076.0,0.0,7077.0,0.0,7078.0,0.0,7079.0,0.0,7080.0
0.0,7081.0,0.0,7082.0,0.0,7083.0,0.0,7074.0,0.0,6527.0,0.0
7084.0,0.0,7084.0,0.0,7074.0,0.0,35.0,0.0,7007.0,7075.0,0.0
6527.0,0.0,7085.0,0.0,7085.0,0.0,7075.0,0.0,35.0,0.0,7009.0
7076.0,0.0,6527.0,0.0,7086.0,0.0,7086.0,0.0,7076.0,0.0,35.0
0.0,7011.0,7077.0,0.0,6527.0,0.0,7087.0,0.0,7087.0,0.0,7077.0
0.0,35.0,0.0,7013.0,7078.0,0.0,6527.0,0.0,7088.0,0.0,7088.0
0.0,7078.0,0.0,35.0,0.0,7015.0,7079.0,0.0,6527.0,0.0,7089.0
0.0,7089.0,0.0,7079.0,0.0,35.0,0.0,7017.0,7080.0,0.0,6527.0
0.0,7090.0,0.0,7090.0,0.0,7080.0,0.0,35.0,0.0,7019.0,7081.0
0.0,6527.0,0.0,7091.0,0.0,7091.0,0.0,7081.0,0.0,35.0,0.0
7021.0,7082.0,0.0,6527.0,0.0,7092.0,0.0,7092.0,0.0,7082.0,0.0
35.0,0.0,7023.0,7083.0,0.0,6527.0,0.0,7093.0,0.0,7093.0,0.0
7083.0,0.0,35.0,0.0,7025.0,6528.0,0.0,6499.0,0.0,7094.0,0.0
7095.0,0.0,7096.0,0.0,7097.0,0.0,7098.0,0.0,7099.0,0.0,7100.0
0.0,7101.0,0.0,7102.0,0.0,7103.0,0.0,7094.0,0.0,6528.0,0.0
7104.0,0.0,7104.0,0.0,7094.0,0.0,35.0,0.0,7028.0,7095.0,0.0
6528.0,0.0,7105.0,0.0,7105.0,0.0,7095.0,0.0,35.0,0.0,7030.0
7096.0,0.0,6528.0,0.0,7106.0,0.0,7106.0,0.0,7096.0,0.0,35.0
0.0,7032.0,7097.0,0.0,6528.0,0.0,7107.0,0.0,7107.0,0.0,7097.0
0.0,35.0,0.0,7034.0,7098.0,0.0,6528.0,0.0,7108.0,0.0,7108.0
0.0,7098.0,0.0,35.0,0.0,7036.0,7099.0,0.0,6528.0,0.0,7109.0
0.0,7109.0,0.0,7099.0,0.0,35.0,0.0,7038.0,7100.0,0.0,6528.0
0.0,7110.0,0.0,7110.0,0.0,7100.0,0.0,35.0,0.0,7040.0,7101.0
0.0,6528.0,0.0,7111.0,0.0,7111.0,0.0,7101.0,0.0,35.0,0.0
7042.0,7102.0,0.0,6528.0,0.0,7112.0,0.0,7112.0,0.0,7102.0,0.0
35.0,0.0,7044.0,7103.0,0.0,6528.0,0.0,7113.0,0.0,7113.0,0.0
7103.0,0.0,35.0,0.0,7046.0,6529.0,0.0,6499.0,0.0,7114.0,0.0
7115.0,0.0,7116.0,0.0,7117.0,0.0,7118.0,0.0,7119.0,0.0,7120.0
0.0,7121.0,0.0,7122.0,0.0,7123.0,0.0,7114.0,0.0,6529.0,0.0
7124.0,0.0,7124.0,0.0,7114.0,0.0,35.0,0.0,7049.0,7115.0,0.0
6529.0,0.0,7125.0,0.0,7125.0,0.0,7115.0,0.0,35.0,0.0,7051.0
7116.0,0.0,6529.0,0.0,7126.0,0.0,7126.0,0.0,7116.0,0.0,35.0
0.0,7053.0,7117.0,0.0,6529.0,0.0,7127.0,0.0,7127.0,0.0,7117.0
0.0,35.0,0.0,7055.0,7118.0,0.0,6529.0,0.0,7128.0,0.0,7128.0
0.0,7118.0,0.0,35.0,0.0,7057.0,7119.0,0.0,6529.0,0.0,7129.0
0.0,7129.0,0.0,7119.0,0.0,35.0,0.0,7059.0,7120.0,0.0,6529.0
0.0,7130.0,0.0,7130.0,0.0,7120.0,0.0,35.0,0.0,7061.0,7121.0
0.0,6529.0,0.0,7131.0,0.0,7131.0,0.0,7121.0,0.0,35.0,0.0
7063.0,7122.0,0.0,6529.0,0.0,7132.0,0.0,7132.0,0.0,7122.0,0.0
35.0,0.0,7065.0,7123.0,0.0,6529.0,0.0,7133.0,0.0,7133.0,0.0
7123.0,0.0,35.0,0.0,7067.0,6530.0,0.0,6499.0,0.0,7134.0,0.0
7135.0,0.0,7136.0,0.0,7137.0,0.0,7138.0,0.0,7139.0,0.0,7140.0
0.0,7141.0,0.0,7142.0,0.0,7143.0,0.0,7134.0,0.0,6530.0,0.0
7144.0,0.0,7144.0,0.0,7134.0,0.0,35.0,0.0,7070.0,7135.0,0.0
6530.0,0.0,7145.0,0.0,7145.0,0.0,7135.0,0.0,35.0,0.0,7072.0
7136.0,0.0,6530.0,0.0,7146.0,0.0,7146.0,0.0,7136.0,0.0,35.0
0.0,7074.0,7137.0,0.0,6530.0,0.0,7147.0,0.0,7147.0,0.0,7137.0
0.0,35.0,0.0,7076.0,7138.0,0.0,6530.0,0.0,7148.0,0.0,7148.0
0.0,7138.0,0.0,35.0,0.0,7078.0,7139.0,0.0,6530.0,0.0,7149.0
0.0,7149.0,0.0,7139.0,0.0,35.0,0.0,7080.0,7140.0,0.0,6530.0
0.0,7150.0,0.0,7150.0,0.0,7140.0,0.0,35.0,0.0,7082.0,7141.0
0.0,6530.0,0.0,7151.0,0.0,7151.0,0.0,7141.0,0.0,35.0,0.0
7084.0,7142.0,0.0,6530.0,0.0,7152.0,0.0,7152.0,0.0,7142.0,0.0
35.0,0.0,7086.0,7143.0,0.0,6530.0,0.0,7153.0,0.0,7153.0,0.0
7143.0,0.0,35.0,0.0,7088.0,6531.0,0.0,6499.0,0.0,7154.0,0.0
7155.0,0.0,7156.0,0.0,7157.0,0.0,7158.0,0.0,7159.0,0.0,7160.0
0.0,7161.0,0.0,7162.0,0.0,7163.0,0.0,7154.0,0.0,6531.0,0.0
7164.0,0.0,7164.0,0.0,7154.0,0.0,35.0,0.0,7091.0,7155.0,0.0
6531.0,0.0,7165.0,0.0,7165.0,0.0,7155.0,0.0,35.0,0.0,7093.0
7156.0,0.0,6531.0,0.0,7166.0,0.0,7166.0,0.0,7156.0,0.0,35.0
0.0,7095.0,7157.0,0.0,6531.0,0.0,7167.0,0.0,7167.0,0.0,7157.0
0.0,35.0,0.0,7097.0,7158.0,0.0,6531.0,0.0,7168.0,0.0,7168.0
0.0,7158.0,0.0,35.0,0.0,7099.0,7159.0,0.0,6531.0,0.0,7169.0
0.0,7169.0,0.0,7159.0,0.0,35.0,0.0,7101.0,7160.0,0.0,6531.0
0.0,7170.0,0.0,7170.0,0.0,7160.0,0.0,35.0,0.0,7103.0,7161.0
0.0,6531.0,0.0,7171.0,0.0,7171.0,0.0,7161.0,0.0,35.0,0.0
7105.0,7162.0,0.0,6531.0,0.0,7172.0,0.0,7172.0,0.0,7162.0,0.0
35.0,0.0,7107.0,7163.0,0.0,6531.0,0.0,7173.0,0.0,7173.0,0.0
7163.0,0.0,35.0,0.0,7109.0,6532.0,0.0,6499.0,0.0,7174.0,0.0
7175.0,0.0,7176.0,0.0,7177.0,0.0,7178.0,0.0,7179.0,0.0,7180.0
0.0,7181.0,0.0,7182.0,0.0,7183.0,0.0,7174.0,0.0,6532.0,0.0
7184.0,0.0,7184.0,0.0,7174.0,0.0,35.0,0.0,7112.0,7175.0,0.0
6532.0,0.0,7185.0,0.0,7185.0,0.0,7175.0,0.0,35.0,0.0,7114.0
7176.0,0.0,6532.0,0.0,7186.0,0.0,7186.0,0.0,7176.0,0.0,35.0
0.0,7116.0,7177.0,0.0,6532.0,0.0,7187.0,0.0,7187.0,0.0,7177.0
0.0,35.0,0.0,7118.0,7178.0,0.0,6532.0,0.0,7188.0,0.0,7188.0
0.0,7178.0,0.0,35.0,0.0,7120.0,7179.0,0.0,6532.0,0.0,7189.0
0.0,7189.0,0.0,7179.0,0.0,35.0,0.0,7122.0,7180.0,0.0,6532.0
0.0,7190.0,0.0,7190.0,0.0,7180.0,0.0,35.0,0.0,7124.0,7181.0
0.0,6532.0,0.0,7191.0,0.0,7191.0,0.0,7181.0,0.0,35.0,0.0
7126.0,7182.0,0.0,6532.0,0.0,7192.0,0.0,7192.0,0.0,7182.0,0.0
35.0,0.0,7128.0,7183.0,0.0,6532.0,0.0,7193.0,0.0,7193.0,0.0
7183.0,0.0,35.0,0.0,7130.0,6533.0,0.0,6499.0,0.0,7194.0,0.0
7195.0,0.0,7196.0,0.0,7197.0,0.0,7198.0,0.0,7199.0,0.0,7200.0
0.0,7201.0,0.0,7202.0,0.0,7203.0,0.0,7194.0,0.0,6533.0,0.0
7204.0,0.0,7204.0,0.0,7194.0,0.0,35.0,0.0,7133.0,7195.0,0.0
6533.0,0.0,7205.0,0.0,7205.0,0.0,7195.0,0.0,35.0,0.0,7135.0
7196.0,0.0,6533.0,0.0,7206.0,0.0,7206.0,0.0,7196.0,0.0,35.0
0.0,7137.0,7197.0,0.0,6533.0,0.0,7207.0,0.0,7207.0,0.0,7197.0
0.0,35.0,0.0,7139.0,7198.0,0.0,6533.0,0.0,7208.0,0.0,7208.0
0.0,7198.0,0.0,35.0,0.0,7141.0,7199.0,0.0,6533.0,0.0,7209.0
0.0,7209.0,0.0,7199.0,0.0,35.0,0.0,7143.0,7200.0,0.0,6533.0
0.0,7210.0,0.0,7210.0,0.0,7200.0,0.0,35.0,0.0,7145.0,7201.0
0.0,6533.0,0.0,7211.0,0.0,7211.0,0.0,7201.0,0.0,35.0,0.0
7147.0,7202.0,0.0,6533.0,0.0,7212.0,0.0,7212.0,0.0,7202.0,0.0
35.0,0.0,7149.0,7203.0,0.0,6533.0,0.0,7213.0,0.0,7213.0,0.0
7203.0,0.0,35.0,0.0,7151.0,73.0,0.0,50.0,0.0,35.0,0.0
7152.0,74.0,0.0,50.0,0.0,7214.0,0.0,7214.0,0.0,74.0,0.0
7215.0,0.0,7216.0,0.0,7217.0,0.0,7218.0,0.0,7219.0,0.0,7220.0
0.0,7221.0,0.0,7222.0,0.0,7223.0,0.0,7224.0,0.0,7225.0,0.0
7226.0,0.0,7227.0,0.0,7228.0,0.0,7229.0,0.0,7230.0,0.0,7231.0
0.0,7232.0,0.0,7233.0,0.0,7234.0,0.0,7235.0,0.0,7236.0,0.0
7237.0,0.0,7238.0,0.0,7239.0,0.0,7240.0,0.0,7241.0,0.0,7242.0
0.0,7243.0,0.0,7244.0,0.0,7245.0,0.0,7246.0,0.0,7247.0,0.0
7248.0,0.0,7215.0,0.0,7214.0,0.0,7249.0,0.0,7250.0,0.0,7251.0
0.0,7252.0,0.0,7253.0,0.0,7254.0,0.0,7255.0,0.0,7256.0,0.0
7257.0,0.0,7258.0,0.0,7249.0,0.0,7215.0,0.0,7259.0,0.0,7259.0
0.0,7249.0,0.0,38.0,0.0,7157.0,7250.0,0.0,7215.0,0.0,7260.0
0.0,7260.0,0.0,7250.0,0.0,38.0,0.0,7159.0,7251.0,0.0,7215.0
0.0,7261.0,0.0,7261.0,0.0,7251.0,0.0,38.0,0.0,7161.0,7252.0
0.0,7215.0,0.0,7262.0,0.0,7262.0,0.0,7252.0,0.0,38.0,0.0
7163.0,7253.0,0.0,7215.0,0.0,7263.0,0.0,7263.0,0.0,7253.0,0.0
38.0,0.0,7165.0,7254.0,0.0,7215.0,0.0,7264.0,0.0,7264.0,0.0
7254.0,0.0,38.0,0.0,7167.0,7255.0,0.0,7215.0,0.0,7265.0,0.0
7265.0,0.0,7255.0,0.0,38.0,0.0,7169.0,7256.0,0.0,7215.0,0.0
7266.0,0.0,7266.0,0.0,7256.0,0.0,38.0,0.0,7171.0,7257.0,0.0
7215.0,0.0,7267.0,0.0,7267.0,0.0,7257.0,0.0,38.0,0.0,7173.0
7258.0,0.0,7215.0,0.0,7268.0,0.0,7268.0,0.0,7258.0,0.0,38.0
0.0,7175.0,7216.0,0.0,7214.0,0.0,7269.0,0.0,7270.0,0.0,7271.0
0.0,7272.0,0.0,7273.0,0.0,7274.0,0.0,7275.0,0.0,7276.0,0.0
7277.0,0.0,7278.0,0.0,7269.0,0.0,7216.0,0.0,7279.0,0.0,7279.0
0.0,7269.0,0.0,38.0,0.0,7178.0,7270.0,0.0,7216.0,0.0,7280.0
0.0,7280.0,0.0,7270.0,0.0,38.0,0.0,7180.0,7271.0,0.0,7216.0
0.0,7281.0,0.0,7281.0,0.0,7271.0,0.0,38.0,0.0,7182.0,7272.0
0.0,7216.0,0.0,7282.0,0.0,7282.0,0.0,7272.0,0.0,38.0,0.0
7184.0,7273.0,0.0,7216.0,0.0,7283.0,0.0,7283.0,0.0,7273.0,0.0
38.0,0.0,7186.0,7274.0,0.0,7216.0,0.0,7284.0,0.0,7284.0,0.0
7274.0,0.0,38.0,0.0,7188.0,7275.0,0.0,7216.0,0.0,7285.0,0.0
7285.0,0.0,7275.0,0.0,38.0,0.0,7190.0,7276.0,0.0,7216.0,0.0
7286.0,0.0,7286.0,0.0,7276.0,0.0,38.0,0.0,7192.0,7277.0,0.0
7216.0,0.0,7287.0,0.0,7287.0,0.0,7277.0,0.0,38.0,0.0,7194.0
7278.0,0.0,7216.0,0.0,7288.0,0.0,7288.0,0.0,7278.0,0.0,38.0
0.0,7196.0,7217.0,0.0,7214.0,0.0,7289.0,0.0,7290.0,0.0,7291.0
0.0,7292.0,0.0,7293.0,0.0,7294.0,0.0,7295.0,0.0,7296.0,0.0
7297.0,0.0,7298.0,0.0,7289.0,0.0,7217.0,0.0,7299.0,0.0,7299.0
0.0,7289.0,0.0,38.0,0.0,7199.0,7290.0,0.0,7217.0,0.0,7300.0
0.0,7300.0,0.0,7290.0,0.0,38.0,0.0,7201.0,7291.0,0.0,7217.0
0.0,7301.0,0.0,7301.0,0.0,7291.0,0.0,38.0,0.0,7203.0,7292.0
0.0,7217.0,0.0,7302.0,0.0,7302.0,0.0,7292.0,0.0,38.0,0.0
7205.0,7293.0,0.0,7217.0,0.0,7303.0,0.0,7303.0,0.0,7293.0,0.0
38.0,0.0,7207.0,7294.0,0.0,7217.0,0.0,7304.0,0.0,7304.0,0.0
7294.0,0.0,38.0,0.0,7209.0,7295.0,0.0,7217.0,0.0,7305.0,0.0
7305.0,0.0,7295.0,0.0,38.0,0.0,7211.0,7296.0,0.0,7217.0,0.0
7306.0,0.0,7306.0,0.0,7296.0,0.0,38.0,0.0,7213.0,7297.0,0.0
7217.0,0.0,7307.0,0.0,7307.0,0.0,7297.0,0.0,38.0,0.0,7215.0
7298.0,0.0,7217.0,0.0,7308.0,0.0,7308.0,0.0,7298.0,0.0,38.0
0.0,7217.0,7218.0,0.0,7214.0,0.0,7309.0,0.0,7310.0,0.0,7311.0
0.0,7312.0,0.0,7313.0,0.0,7314.0,0.0,7315.0,0.0,7316.0,0.0
7317.0,0.0,7318.0,0.0,7309.0,0.0,7218.0,0.0,7319.0,0.0,7319.0
0.0,7309.0,0.0,38.0,0.0,7220.0,7310.0,0.0,7218.0,0.0,7320.0
0.0,7320.0,0.0,7310.0,0.0,38.0,0.0,7222.0,7311.0,0.0,7218.0
0.0,7321.0,0.0,7321.0,0.0,7311.0,0.0,38.0,0.0,7224.0,7312.0
0.0,7218.0,0.0,7322.0,0.0,7322.0,0.0,7312.0,0.0,38.0,0.0
7226.0,7313.0,0.0,7218.0,0.0,7323.0,0.0,7323.0,0.0,7313.0,0.0
38.0,0.0,7228.0,7314.0,0.0,7218.0,0.0,7324.0,0.0,7324.0,0.0
7314.0,0.0,38.0,0.0,7230.0,7315.0,0.0,7218.0,0.0,7325.0,0.0
7325.0,0.0,7315.0,0.0,38.0,0.0,7232.0,7316.0,0.0,7218.0,0.0
7326.0,0.0,7326.0,0.0,7316.0,0.0,38.0,0.0,7234.0,7317.0,0.0
7218.0,0.0,7327.0,0.0,7327.0,0.0,7317.0,0.0,38.0,0.0,7236.0
7318.0,0.0,7218.0,0.0,7328.0,0.0,7328.0,0.0,7318.0,0.0,38.0
0.0,7238.0,7219.0,0.0,7214.0,0.0,7329.0,0.0,7330.0,0.0,7331.0
0.0,7332.0,0.0,7333.0,0.0,7334.0,0.0,7335.0,0.0,7336.0,0.0
7337.0,0.0,7338.0,0.0,7329.0,0.0,7219.0,0.0,7339.0,0.0,7339.0
0.0,7329.0,0.0,38.0,0.0,7241.0,7330.0,0.0,7219.0,0.0,7340.0
0.0,7340.0,0.0,7330.0,0.0,38.0,0.0,7243.0,7331.0,0.0,7219.0
0.0,7341.0,0.0,7341.0,0.0,7331.0,0.0,38.0,0.0,7245.0,7332.0
0.0,7219.0,0.0,7342.0,0.0,7342.0,0.0,7332.0,0.0,38.0,0.0
7247.0,7333.0,0.0,7219.0,0.0,7343.0,0.0,7343.0,0.0,7333.0,0.0
38.0,0.0,7249.0,7334.0,0.0,7219.0,0.0,7344.0,0.0,7344.0,0.0
7334.0,0.0,38.0,0.0,7251.0,7335.0,0.0,7219.0,0.0,7345.0,0.0
7345.0,0.0,7335.0,0.0,38.0,0.0,7253.0,7336.0,0.0,7219.0,0.0
7346.0,0.0,7346.0,0.0,7336.0,0.0,38.0,0.0,7255.0,7337.0,0.0
7219.0,0.0,7347.0,0.0,7347.0,0.0,7337.0,0.0,38.0,0.0,7257.0
7338.0,0.0,7219.0,0.0,7348.0,0.0,7348.0,0.0,7338.0,0.0,38.0
0.0,7259.0,7220.0,0.0,7214.0,0.0,7349.0,0.0,7350.0,0.0,7351.0
0.0,7352.0,0.0,7353.0,0.0,7354.0,0.0,7355.0,0.0,7356.0,0.0
7357.0,0.0,7358.0,0.0,7349.0,0.0,7220.0,0.0,7359.0,0.0,7359.0
0.0,7349.0,0.0,38.0,0.0,7262.0,7350.0,0.0,7220.0,0.0,7360.0
0.0,7360.0,0.0,7350.0,0.0,38.0,0.0,7264.0,7351.0,0.0,7220.0
0.0,7361.0,0.0,7361.0,0.0,7351.0,0.0,38.0,0.0,7266.0,7352.0
0.0,7220.0,0.0,7362.0,0.0,7362.0,0.0,7352.0,0.0,38.0,0.0
7268.0,7353.0,0.0,7220.0,0.0,7363.0,0.0,7363.0,0.0,7353.0,0.0
38.0,0.0,7270.0,7354.0,0.0,7220.0,0.0,7364.0,0.0,7364.0,0.0
7354.0,0.0,38.0,0.0,7272.0,7355.0,0.0,7220.0,0.0,7365.0,0.0
7365.0,0.0,7355.0,0.0,38.0,0.0,7274.0,7356.0,0.0,7220.0,0.0
7366.0,0.0,7366.0,0.0,7356.0,0.0,38.0,0.0,7276.0,7357.0,0.0
7220.0,0.0,7367.0,0.0,7367.0,0.0,7357.0,0.0,38.0,0.0,7278.0
7358.0,0.0,7220.0,0.0,7368.0,0.0,7368.0,0.0,7358.0,0.0,38.0
0.0,7280.0,7221.0,0.0,7214.0,0.0,7369.0,0.0,7370.0,0.0,7371.0
0.0,7372.0,0.0,7373.0,0.0,7374.0,0.0,7375.0,0.0,7376.0,0.0
7377.0,0.0,7378.0,0.0,7369.0,0.0,7221.0,0.0,7379.0,0.0,7379.0
0.0,7369.0,0.0,38.0,0.0,7283.0,7370.0,0.0,7221.0,0.0,7380.0
0.0,7380.0,0.0,7370.0,0.0,38.0,0.0,7285.0,7371.0,0.0,7221.0
0.0,7381.0,0.0,7381.0,0.0,7371.0,0.0,38.0,0.0,7287.0,7372.0
0.0,7221.0,0.0,7382.0,0.0,7382.0,0.0,7372.0,0.0,38.0,0.0
7289.0,7373.0,0.0,7221.0,0.0,7383.0,0.0,7383.0,0.0,7373.0,0.0
38.0,0.0,7291.0,7374.0,0.0,7221.0,0.0,7384.0,0.0,7384.0,0.0
7374.0,0.0,38.0,0.0,7293.0,7375.0,0.0,7221.0,0.0,7385.0,0.0
7385.0,0.0,7375.0,0.0,38.0,0.0,7295.0,7376.0,0.0,7221.0,0.0
7386.0,0.0,7386.0,0.0,7376.0,0.0,38.0,0.0,7297.0,7377.0,0.0
7221.0,0.0,7387.0,0.0,7387.0,0.0,7377.0,0.0,38.0,0.0,7299.0
7378.0,0.0,7221.0,0.0,7388.0,0.0,7388.0,0.0,7378.0,0.0,38.0
0.0,7301.0,7222.0,0.0,7214.0,0.0,7389.0,0.0,7390.0,0.0,7391.0
0.0,7392.0,0.0,7393.0,0.0,7394.0,0.0,7395.0,0.0,7396.0,0.0
7397.0,0.0,7398.0,0.0,7389.0,0.0,7222.0,0.0,7399.0,0.0,7399.0
0.0,7389.0,0.0,38.0,0.0,7304.0,7390.0,0.0,7222.0,0.0,7400.0
0.0,7400.0,0.0,7390.0,0.0,38.0,0.0,7306.0,7391.0,0.0,7222.0
0.0,7401.0,0.0,7401.0,0.0,7391.0,0.0,38.0,0.0,7308.0,7392.0
0.0,7222.0,0.0,7402.0,0.0,7402.0,0.0,7392.0,0.0,38.0,0.0
7310.0,7393.0,0.0,7222.0,0.0,7403.0,0.0,7403.0,0.0,7393.0,0.0
38.0,0.0,7312.0,7394.0,0.0,7222.0,0.0,7404.0,0.0,7404.0,0.0
7394.0,0.0,38.0,0.0,7314.0,7395.0,0.0,7222.0,0.0,7405.0,0.0
7405.0,0.0,7395.0,0.0,38.0,0.0,7316.0,7396.0,0.0,7222.0,0.0
7406.0,0.0,7406.0,0.0,7396.0,0.0,38.0,0.0,7318.0,7397.0,0.0
7222.0,0.0,7407.0,0.0,7407.0,0.0,7397.0,0.0,38.0,0.0,7320.0
7398.0,0.0,7222.0,0.0,7408.0,0.0,7408.0,0.0,7398.0,0.0,38.0
0.0,7322.0,7223.0,0.0,7214.0,0.0,7409.0,0.0,7410.0,0.0,7411.0
0.0,7412.0,0.0,7413.0,0.0,7414.0,0.0,7415.0,0.0,7416.0,0.0
7417.0,0.0,7418.0,0.0,7409.0,0.0,7223.0,0.0,7419.0,0.0,7419.0
0.0,7409.0,0.0,38.0,0.0,7325.0,7410.0,0.0,7223.0,0.0,7420.0
0.0,7420.0,0.0,7410.0,0.0,38.0,0.0,7327.0,7411.0,0.0,7223.0
0.0,7421.0,0.0,7421.0,0.0,7411.0,0.0,38.0,0.0,7329.0,7412.0
0.0,7223.0,0.0,7422.0,0.0,7422.0,0.0,7412.0,0.0,38.0,0.0
7331.0,7413.0,0.0,7223.0,0.0,7423.0,0.0,7423.0,0.0,7413.0,0.0
38.0,0.0,7333.0,7414.0,0.0,7223.0,0.0,7424.0,0.0,7424.0,0.0
7414.0,0.0,38.0,0.0,7335.0,7415.0,0.0,7223.0,0.0,7425.0,0.0
7425.0,0.0,7415.0,0.0,38.0,0.0,7337.0,7416.0,0.0,7223.0,0.0
7426.0,0.0,7426.0,0.0,7416.0,0.0,38.0,0.0,7339.0,7417.0,0.0
7223.0,0.0,7427.0,0.0,7427.0,0.0,7417.0,0.0,38.0,0.0,7341.0
7418.0,0.0,7223.0,0.0,7428.0,0.0,7428.0,0.0,7418.0,0.0,38.0
0.0,7343.0,7224.0,0.0,7214.0,0.0,7429.0,0.0,7430.0,0.0,7431.0
0.0,7432.0,0.0,7433.0,0.0,7434.0,0.0,7435.0,0.0,7436.0,0.0
7437.0,0.0,7438.0,0.0,7429.0,0.0,7224.0,0.0,7439.0,0.0,7439.0
0.0,7429.0,0.0,38.0,0.0,7346.0,7430.0,0.0,7224.0,0.0,7440.0
0.0,7440.0,0.0,7430.0,0.0,38.0,0.0,7348.0,7431.0,0.0,7224.0
0.0,7441.0,0.0,7441.0,0.0,7431.0,0.0,38.0,0.0,7350.0,7432.0
0.0,7224.0,0.0,7442.0,0.0,7442.0,0.0,7432.0,0.0,38.0,0.0
7352.0,7433.0,0.0,7224.0,0.0,7443.0,0.0,7443.0,0.0,7433.0,0.0
38.0,0.0,7354.0,7434.0,0.0,7224.0,0.0,7444.0,0.0,7444.0,0.0
7434.0,0.0,38.0,0.0,7356.0,7435.0,0.0,7224.0,0.0,7445.0,0.0
7445.0,0.0,7435.0,0.0,38.0,0.0,7358.0,7436.0,0.0,7224.0,0.0
7446.0,0.0,7446.0,0.0,7436.0,0.0,38.0,0.0,7360.0,7437.0,0.0
7224.0,0.0,7447.0,0.0,7447.0,0.0,7437.0,0.0,38.0,0.0,7362.0
7438.0,0.0,7224.0,0.0,7448.0,0.0,7448.0,0.0,7438.0,0.0,38.0
0.0,7364.0,7225.0,0.0,7214.0,0.0,7449.0,0.0,7450.0,0.0,7451.0
0.0,7452.0,0.0,7453.0,0.0,7454.0,0.0,7455.0,0.0,7456.0,0.0
7457.0,0.0,7458.0,0.0,7449.0,0.0,7225.0,0.0,7459.0,0.0,7459.0
0.0,7449.0,0.0,38.0,0.0,7367.0,7450.0,0.0,7225.0,0.0,7460.0
0.0,7460.0,0.0,7450.0,0.0,38.0,0.0,7369.0,7451.0,0.0,7225.0
0.0,7461.0,0.0,7461.0,0.0,7451.0,0.0,38.0,0.0,7371.0,7452.0
0.0,7225.0,0.0,7462.0,0.0,7462.0,0.0,7452.0,0.0,38.0,0.0
7373.0,7453.0,0.0,7225.0,0.0,7463.0,0.0,7463.0,0.0,7453.0,0.0
38.0,0.0,7375.0,7454.0,0.0,7225.0,0.0,7464.0,0.0,7464.0,0.0
7454.0,0.0,38.0,0.0,7377.0,7455.0,0.0,7225.0,0.0,7465.0,0.0
7465.0,0.0,7455.0,0.0,38.0,0.0,7379.0,7456.0,0.0,7225.0,0.0
7466.0,0.0,7466.0,0.0,7456.0,0.0,38.0,0.0,7381.0,7457.0,0.0
7225.0,0.0,7467.0,0.0,7467.0,0.0,7457.0,0.0,38.0,0.0,7383.0
7458.0,0.0,7225.0,0.0,7468.0,0.0,7468.0,0.0,7458.0,0.0,38.0
0.0,7385.0,7226.0,0.0,7214.0,0.0,7469.0,0.0,7470.0,0.0,7471.0
0.0,7472.0,0.0,7473.0,0.0,7474.0,0.0,7475.0,0.0,7476.0,0.0
7477.0,0.0,7478.0,0.0,7469.0,0.0,7226.0,0.0,7479.0,0.0,7479.0
0.0,7469.0,0.0,38.0,0.0,7388.0,7470.0,0.0,7226.0,0.0,7480.0
0.0,7480.0,0.0,7470.0,0.0,38.0,0.0,7390.0,7471.0,0.0,7226.0
0.0,7481.0,0.0,7481.0,0.0,7471.0,0.0,38.0,0.0,7392.0,7472.0
0.0,7226.0,0.0,7482.0,0.0,7482.0,0.0,7472.0,0.0,38.0,0.0
7394.0,7473.0,0.0,7226.0,0.0,7483.0,0.0,7483.0,0.0,7473.0,0.0
38.0,0.0,7396.0,7474.0,0.0,7226.0,0.0,7484.0,0.0,7484.0,0.0
7474.0,0.0,38.0,0.0,7398.0,7475.0,0.0,7226.0,0.0,7485.0,0.0
7485.0,0.0,7475.0,0.0,38.0,0.0,7400.0,7476.0,0.0,7226.0,0.0
7486.0,0.0,7486.0,0.0,7476.0,0.0,38.0,0.0,7402.0,7477.0,0.0
7226.0,0.0,7487.0,0.0,7487.0,0.0,7477.0,0.0,38.0,0.0,7404.0
7478.0,0.0,7226.0,0.0,7488.0,0.0,7488.0,0.0,7478.0,0.0,38.0
0.0,7406.0,7227.0,0.0,7214.0,0.0,7489.0,0.0,7490.0,0.0,7491.0
0.0,7492.0,0.0,7493.0,0.0,7494.0,0.0,7495.0,0.0,7496.0,0.0
7497.0,0.0,7498.0,0.0,7489.0,0.0,7227.0,0.0,7499.0,0.0,7499.0
0.0,7489.0,0.0,38.0,0.0,7409.0,7490.0,0.0,7227.0,0.0,7500.0
0.0,7500.0,0.0,7490.0,0.0,38.0,0.0,7411.0,7491.0,0.0,7227.0
0.0,7501.0,0.0,7501.0,0.0,7491.0,0.0,38.0,0.0,7413.0,7492.0
0.0,7227.0,0.0,7502.0,0.0,7502.0,0.0,7492.0,0.0,38.0,0.0
7415.0,7493.0,0.0,7227.0,0.0,7503.0,0.0,7503.0,0.0,7493.0,0.0
38.0,0.0,7417.0,7494.0,0.0,7227.0,0.0,7504.0,0.0,7504.0,0.0
7494.0,0.0,38.0,0.0,7419.0,7495.0,0.0,7227.0,0.0,7505.0,0.0
7505.0,0.0,7495.0,0.0,38.0,0.0,7421.0,7496.0,0.0,7227.0,0.0
7506.0,0.0,7506.0,0.0,7496.0,0.0,38.0,0.0,7423.0,7497.0,0.0
7227.0,0.0,7507.0,0.0,7507.0,0.0,7497.0,0.0,38.0,0.0,7425.0
7498.0,0.0,7227.0,0.0,7508.0,0.0,7508.0,0.0,7498.0,0.0,38.0
0.0,7427.0,7228.0,0.0,7214.0,0.0,7509.0,0.0,7510.0,0.0,7511.0
0.0,7512.0,0.0,7513.0,0.0,7514.0,0.0,7515.0,0.0,7516.0,0.0
7517.0,0.0,7518.0,0.0,7509.0,0.0,7228.0,0.0,7519.0,0.0,7519.0
0.0,7509.0,0.0,38.0,0.0,7430.0,7510.0,0.0,7228.0,0.0,7520.0
0.0,7520.0,0.0,7510.0,0.0,38.0,0.0,7432.0,7511.0,0.0,7228.0
0.0,7521.0,0.0,7521.0,0.0,7511.0,0.0,38.0,0.0,7434.0,7512.0
0.0,7228.0,0.0,7522.0,0.0,7522.0,0.0,7512.0,0.0,38.0,0.0
7436.0,7513.0,0.0,7228.0,0.0,7523.0,0.0,7523.0,0.0,7513.0,0.0
38.0,0.0,7438.0,7514.0,0.0,7228.0,0.0,7524.0,0.0,7524.0,0.0
7514.0,0.0,38.0,0.0,7440.0,7515.0,0.0,7228.0,0.0,7525.0,0.0
7525.0,0.0,7515.0,0.0,38.0,0.0,7442.0,7516.0,0.0,7228.0,0.0
7526.0,0.0,7526.0,0.0,7516.0,0.0,38.0,0.0,7444.0,7517.0,0.0
7228.0,0.0,7527.0,0.0,7527.0,0.0,7517.0,0.0,38.0,0.0,7446.0
7518.0,0.0,7228.0,0.0,7528.0,0.0,7528.0,0.0,7518.0,0.0,38.0
0.0,7448.0,7229.0,0.0,7214.0,0.0,7529.0,0.0,7530.0,0.0,7531.0
0.0,7532.0,0.0,7533.0,0.0,7534.0,0.0,7535.0,0.0,7536.0,0.0
7537.0,0.0,7538.0,0.0,7529.0,0.0,7229.0,0.0,7539.0,0.0,7539.0
0.0,7529.0,0.0,38.0,0.0,7451.0,7530.0,0.0,7229.0,0.0,7540.0
0.0,7540.0,0.0,7530.0,0.0,38.0,0.0,7453.0,7531.0,0.0,7229.0
0.0,7541.0,0.0,7541.0,0.0,7531.0,0.0,38.0,0.0,7455.0,7532.0
0.0,7229.0,0.0,7542.0,0.0,7542.0,0.0,7532.0,0.0,38.0,0.0
7457.0,7533.0,0.0,7229.0,0.0,7543.0,0.0,7543.0,0.0,7533.0,0.0
38.0,0.0,7459.0,7534.0,0.0,7229.0,0.0,7544.0,0.0,7544.0,0.0
7534.0,0.0,38.0,0.0,7461.0,7535.0,0.0,7229.0,0.0,7545.0,0.0
7545.0,0.0,7535.0,0.0,38.0,0.0,7463.0,7536.0,0.0,7229.0,0.0
7546.0,0.0,7546.0,0.0,7536.0,0.0,38.0,0.0,7465.0,7537.0,0.0
7229.0,0.0,7547.0,0.0,7547.0,0.0,7537.0,0.0,38.0,0.0,7467.0
7538.0,0.0,7229.0,0.0,7548.0,0.0,7548.0,0.0,7538.0,0.0,38.0
0.0,7469.0,7230.0,0.0,7214.0,0.0,7549.0,0.0,7550.0,0.0,7551.0
0.0,7552.0,0.0,7553.0,0.0,7554.0,0.0,7555.0,0.0,7556.0,0.0
7557.0,0.0,7558.0,0.0,7549.0,0.0,7230.0,0.0,7559.0,0.0,7559.0
0.0,7549.0,0.0,38.0,0.0,7472.0,7550.0,0.0,7230.0,0.0,7560.0
0.0,7560.0,0.0,7550.0,0.0,38.0,0.0,7474.0,7551.0,0.0,7230.0
0.0,7561.0,0.0,7561.0,0.0,7551.0,0.0,38.0,0.0,7476.0,7552.0
0.0,7230.0,0.0,7562.0,0.0,7562.0,0.0,7552.0,0.0,38.0,0.0
7478.0,7553.0,0.0,7230.0,0.0,7563.0,0.0,7563.0,0.0,7553.0,0.0
38.0,0.0,7480.0,7554.0,0.0,7230.0,0.0,7564.0,0.0,7564.0,0.0
7554.0,0.0,38.0,0.0,7482.0,7555.0,0.0,7230.0,0.0,7565.0,0.0
7565.0,0.0,7555.0,0.0,38.0,0.0,7484.0,7556.0,0.0,7230.0,0.0
7566.0,0.0,7566.0,0.0,7556.0,0.0,38.0,0.0,7486.0,7557.0,0.0
7230.0,0.0,7567.0,0.0,7567.0,0.0,7557.0,0.0,38.0,0.0,7488.0
7558.0,0.0,7230.0,0.0,7568.0,0.0,7568.0,0.0,7558.0,0.0,38.0
0.0,7490.0,7231.0,0.0,7214.0,0.0,7569.0,0.0,7570.0,0.0,7571.0
0.0,7572.0,0.0,7573.0,0.0,7574.0,0.0,7575.0,0.0,7576.0,0.0
7577.0,0.0,7578.0,0.0,7569.0,0.0,7231.0,0.0,7579.0,0.0,7579.0
0.0,7569.0,0.0,38.0,0.0,7493.0,7570.0,0.0,7231.0,0.0,7580.0
0.0,7580.0,0.0,7570.0,0.0,38.0,0.0,7495.0,7571.0,0.0,7231.0
0.0,7581.0,0.0,7581.0,0.0,7571.0,0.0,38.0,0.0,7497.0,7572.0
0.0,7231.0,0.0,7582.0,0.0,7582.0,0.0,7572.0,0.0,38.0,0.0
7499.0,7573.0,0.0,7231.0,0.0,7583.0,0.0,7583.0,0.0,7573.0,0.0
38.0,0.0,7501.0,7574.0,0.0,7231.0,0.0,7584.0,0.0,7584.0,0.0
7574.0,0.0,38.0,0.0,7503.0,7575.0,0.0,7231.0,0.0,7585.0,0.0
7585.0,0.0,7575.0,0.0,38.0,0.0,7505.0,7576.0,0.0,7231.0,0.0
7586.0,0.0,7586.0,0.0,7576.0,0.0,38.0,0.0,7507.0,7577.0,0.0
7231.0,0.0,7587.0,0.0,7587.0,0.0,7577.0,0.0,38.0,0.0,7509.0
7578.0,0.0,7231.0,0.0,7588.0,0.0,7588.0,0.0,7578.0,0.0,38.0
0.0,7511.0,7232.0,0.0,7214.0,0.0,7589.0,0.0,7590.0,0.0,7591.0
0.0,7592.0,0.0,7593.0,0.0,7594.0,0.0,7595.0,0.0,7596.0,0.0
7597.0,0.0,7598.0,0.0,7589.0,0.0,7232.0,0.0,7599.0,0.0,7599.0
0.0,7589.0,0.0,38.0,0.0,7514.0,7590.0,0.0,7232.0,0.0,7600.0
0.0,7600.0,0.0,7590.0,0.0,38.0,0.0,7516.0,7591.0,0.0,7232.0
0.0,7601.0,0.0,7601.0,0.0,7591.0,0.0,38.0,0.0,7518.0,7592.0
0.0,7232.0,0.0,7602.0,0.0,7602.0,0.0,7592.0,0.0,38.0,0.0
7520.0,7593.0,0.0,7232.0,0.0,7603.0,0.0,7603.0,0.0,7593.0,0.0
38.0,0.0,7522.0,7594.0,0.0,7232.0,0.0,7604.0,0.0,7604.0,0.0
7594.0,0.0,38.0,0.0,7524.0,7595.0,0.0,7232.0,0.0,7605.0,0.0
7605.0,0.0,7595.0,0.0,38.0,0.0,7526.0,7596.0,0.0,7232.0,0.0
7606.0,0.0,7606.0,0.0,7596.0,0.0,38.0,0.0,7528.0,7597.0,0.0
7232.0,0.0,7607.0,0.0,7607.0,0.0,7597.0,0.0,38.0,0.0,7530.0
7598.0,0.0,7232.0,0.0,7608.0,0.0,7608.0,0.0,7598.0,0.0,38.0
0.0,7532.0,7233.0,0.0,7214.0,0.0,7609.0,0.0,7610.0,0.0,7611.0
0.0,7612.0,0.0,7613.0,0.0,7614.0,0.0,7615.0,0.0,7616.0,0.0
7617.0,0.0,7618.0,0.0,7609.0,0.0,7233.0,0.0,7619.0,0.0,7619.0
0.0,7609.0,0.0,38.0,0.0,7535.0,7610.0,0.0,7233.0,0.0,7620.0
0.0,7620.0,0.0,7610.0,0.0,38.0,0.0,7537.0,7611.0,0.0,7233.0
0.0,7621.0,0.0,7621.0,0.0,7611.0,0.0,38.0,0.0,7539.0,7612.0
0.0,7233.0,0.0,7622.0,0.0,7622.0,0.0,7612.0,0.0,38.0,0.0
7541.0,7613.0,0.0,7233.0,0.0,7623.0,0.0,7623.0,0.0,7613.0,0.0
38.0,0.0,7543.0,7614.0,0.0,7233.0,0.0,7624.0,0.0,7624.0,0.0
7614.0,0.0,38.0,0.0,7545.0,7615.0,0.0,7233.0,0.0,7625.0,0.0
7625.0,0.0,7615.0,0.0,38.0,0.0,7547.0,7616.0,0.0,7233.0,0.0
7626.0,0.0,7626.0,0.0,7616.0,0.0,38.0,0.0,7549.0,7617.0,0.0
7233.0,0.0,7627.0,0.0,7627.0,0.0,7617.0,0.0,38.0,0.0,7551.0
7618.0,0.0,7233.0,0.0,7628.0,0.0,7628.0,0.0,7618.0,0.0,38.0
0.0,7553.0,7234.0,0.0,7214.0,0.0,7629.0,0.0,7630.0,0.0,7631.0
0.0,7632.0,0.0,7633.0,0.0,7634.0,0.0,7635.0,0.0,7636.0,0.0
7637.0,0.0,7638.0,0.0,7629.0,0.0,7234.0,0.0,7639.0,0.0,7639.0
0.0,7629.0,0.0,38.0,0.0,7556.0,7630.0,0.0,7234.0,0.0,7640.0
0.0,7640.0,0.0,7630.0,0.0,38.0,0.0,7558.0,7631.0,0.0,7234.0
0.0,7641.0,0.0,7641.0,0.0,7631.0,0.0,38.0,0.0,7560.0,7632.0
0.0,7234.0,0.0,7642.0,0.0,7642.0,0.0,7632.0,0.0,38.0,0.0
7562.0,7633.0,0.0,7234.0,0.0,7643.0,0.0,7643.0,0.0,7633.0,0.0
38.0,0.0,7564.0,7634.0,0.0,7234.0,0.0,7644.0,0.0,7644.0,0.0
7634.0,0.0,38.0,0.0,7566.0,7635.0,0.0,7234.0,0.0,7645.0,0.0
7645.0,0.0,7635.0,0.0,38.0,0.0,7568.0,7636.0,0.0,7234.0,0.0
7646.0,0.0,7646.0,0.0,7636.0,0.0,38.0,0.0,7570.0,7637.0,0.0
7234.0,0.0,7647.0,0.0,7647.0,0.0,7637.0,0.0,38.0,0.0,7572.0
7638.0,0.0,7234.0,0.0,7648.0,0.0,7648.0,0.0,7638.0,0.0,38.0
0.0,7574.0,7235.0,0.0,7214.0,0.0,7649.0,0.0,7650.0,0.0,7651.0
0.0,7652.0,0.0,7653.0,0.0,7654.0,0.0,7655.0,0.0,7656.0,0.0
7657.0,0.0,7658.0,0.0,7649.0,0.0,7235.0,0.0,7659.0,0.0,7659.0
0.0,7649.0,0.0,38.0,0.0,7577.0,7650.0,0.0,7235.0,0.0,7660.0
0.0,7660.0,0.0,7650.0,0.0,38.0,0.0,7579.0,7651.0,0.0,7235.0
0.0,7661.0,0.0,7661.0,0.0,7651.0,0.0,38.0,0.0,7581.0,7652.0
0.0,7235.0,0.0,7662.0,0.0,7662.0,0.0,7652.0,0.0,38.0,0.0
7583.0,7653.0,0.0,7235.0,0.0,7663.0,0.0,7663.0,0.0,7653.0,0.0
38.0,0.0,7585.0,7654.0,0.0,7235.0,0.0,7664.0,0.0,7664.0,0.0
7654.0,0.0,38.0,0.0,7587.0,7655.0,0.0,7235.0,0.0,7665.0,0.0
7665.0,0.0,7655.0,0.0,38.0,0.0,7589.0,7656.0,0.0,7235.0,0.0
7666.0,0.0,7666.0,0.0,7656.0,0.0,38.0,0.0,7591.0,7657.0,0.0
7235.0,0.0,7667.0,0.0,7667.0,0.0,7657.0,0.0,38.0,0.0,7593.0
7658.0,0.0,7235.0,0.0,7668.0,0.0,7668.0,0.0,7658.0,0.0,38.0
0.0,7595.0,7236.0,0.0,7214.0,0.0,7669.0,0.0,7670.0,0.0,7671.0
0.0,7672.0,0.0,7673.0,0.0,7674.0,0.0,7675.0,0.0,7676.0,0.0
7677.0,0.0,7678.0,0.0,7669.0,0.0,7236.0,0.0,7679.0,0.0,7679.0
0.0,7669.0,0.0,38.0,0.0,7598.0,7670.0,0.0,7236.0,0.0,7680.0
0.0,7680.0,0.0,7670.0,0.0,38.0,0.0,7600.0,7671.0,0.0,7236.0
0.0,7681.0,0.0,7681.0,0.0,7671.0,0.0,38.0,0.0,7602.0,7672.0
0.0,7236.0,0.0,7682.0,0.0,7682.0,0.0,7672.0,0.0,38.0,0.0
7604.0,7673.0,0.0,7236.0,0.0,7683.0,0.0,7683.0,0.0,7673.0,0.0
38.0,0.0,7606.0,7674.0,0.0,7236.0,0.0,7684.0,0.0,7684.0,0.0
7674.0,0.0,38.0,0.0,7608.0,7675.0,0.0,7236.0,0.0,7685.0,0.0
7685.0,0.0,7675.0,0.0,38.0,0.0,7610.0,7676.0,0.0,7236.0,0.0
7686.0,0.0,7686.0,0.0,7676.0,0.0,38.0,0.0,7612.0,7677.0,0.0
7236.0,0.0,7687.0,0.0,7687.0,0.0,7677.0,0.0,38.0,0.0,7614.0
7678.0,0.0,7236.0,0.0,7688.0,0.0,7688.0,0.0,7678.0,0.0,38.0
0.0,7616.0,7237.0,0.0,7214.0,0.0,7689.0,0.0,7690.0,0.0,7691.0
0.0,7692.0,0.0,7693.0,0.0,7694.0,0.0,7695.0,0.0,7696.0,0.0
7697.0,0.0,7698.0,0.0,7689.0,0.0,7237.0,0.0,7699.0,0.0,7699.0
0.0,7689.0,0.0,38.0,0.0,7619.0,7690.0,0.0,7237.0,0.0,7700.0
0.0,7700.0,0.0,7690.0,0.0,38.0,0.0,7621.0,7691.0,0.0,7237.0
0.0,7701.0,0.0,7701.0,0.0,7691.0,0.0,38.0,0.0,7623.0,7692.0
0.0,7237.0,0.0,7702.0,0.0,7702.0,0.0,7692.0,0.0,38.0,0.0
7625.0,7693.0,0.0,7237.0,0.0,7703.0,0.0,7703.0,0.0,7693.0,0.0
38.0,0.0,7627.0,7694.0,0.0,7237.0,0.0,7704.0,0.0,7704.0,0.0
7694.0,0.0,38.0,0.0,7629.0,7695.0,0.0,7237.0,0.0,7705.0,0.0
7705.0,0.0,7695.0,0.0,38.0,0.0,7631.0,7696.0,0.0,7237.0,0.0
7706.0,0.0,7706.0,0.0,7696.0,0.0,38.0,0.0,7633.0,7697.0,0.0
7237.0,0.0,7707.0,0.0,7707.0,0.0,7697.0,0.0,38.0,0.0,7635.0
7698.0,0.0,7237.0,0.0,7708.0,0.0,7708.0,0.0,7698.0,0.0,38.0
0.0,7637.0,7238.0,0.0,7214.0,0.0,7709.0,0.0,7710.0,0.0,7711.0
0.0,7712.0,0.0,7713.0,0.0,7714.0,0.0,7715.0,0.0,7716.0,0.0
7717.0,0.0,7718.0,0.0,7709.0,0.0,7238.0,0.0,7719.0,0.0,7719.0
0.0,7709.0,0.0,38.0,0.0,7640.0,7710.0,0.0,7238.0,0.0,7720.0
0.0,7720.0,0.0,7710.0,0.0,38.0,0.0,7642.0,7711.0,0.0,7238.0
0.0,7721.0,0.0,7721.0,0.0,7711.0,0.0,38.0,0.0,7644.0,7712.0
0.0,7238.0,0.0,7722.0,0.0,7722.0,0.0,7712.0,0.0,38.0,0.0
7646.0,7713.0,0.0,7238.0,0.0,7723.0,0.0,7723.0,0.0,7713.0,0.0
38.0,0.0,7648.0,7714.0,0.0,7238.0,0.0,7724.0,0.0,7724.0,0.0
7714.0,0.0,38.0,0.0,7650.0,7715.0,0.0,7238.0,0.0,7725.0,0.0
7725.0,0.0,7715.0,0.0,38.0,0.0,7652.0,7716.0,0.0,7238.0,0.0
7726.0,0.0,7726.0,0.0,7716.0,0.0,38.0,0.0,7654.0,7717.0,0.0
7238.0,0.0,7727.0,0.0,7727.0,0.0,7717.0,0.0,38.0,0.0,7656.0
7718.0,0.0,7238.0,0.0,7728.0,0.0,7728.0,0.0,7718.0,0.0,38.0
0.0,7658.0,7239.0,0.0,7214.0,0.0,7729.0,0.0,7730.0,0.0,7731.0
0.0,7732.0,0.0,7733.0,0.0,7734.0,0.0,7735.0,0.0,7736.0,0.0
7737.0,0.0,7738.0,0.0,7729.0,0.0,7239.0,0.0,7739.0,0.0,7739.0
0.0,7729.0,0.0,38.0,0.0,7661.0,7730.0,0.0,7239.0,0.0,7740.0
0.0,7740.0,0.0,7730.0,0.0,38.0,0.0,7663.0,7731.0,0.0,7239.0
0.0,7741.0,0.0,7741.0,0.0,7731.0,0.0,38.0,0.0,7665.0,7732.0
0.0,7239.0,0.0,7742.0,0.0,7742.0,0.0,7732.0,0.0,38.0,0.0
7667.0,7733.0,0.0,7239.0,0.0,7743.0,0.0,7743.0,0.0,7733.0,0.0
38.0,0.0,7669.0,7734.0,0.0,7239.0,0.0,7744.0,0.0,7744.0,0.0
7734.0,0.0,38.0,0.0,7671.0,7735.0,0.0,7239.0,0.0,7745.0,0.0
7745.0,0.0,7735.0,0.0,38.0,0.0,7673.0,7736.0,0.0,7239.0,0.0
7746.0,0.0,7746.0,0.0,7736.0,0.0,38.0,0.0,7675.0,7737.0,0.0
7239.0,0.0,7747.0,0.0,7747.0,0.0,7737.0,0.0,38.0,0.0,7677.0
7738.0,0.0,7239.0,0.0,7748.0,0.0,7748.0,0.0,7738.0,0.0,38.0
0.0,7679.0,7240.0,0.0,7214.0,0.0,7749.0,0.0,7750.0,0.0,7751.0
0.0,7752.0,0.0,7753.0,0.0,7754.0,0.0,7755.0,0.0,7756.0,0.0
7757.0,0.0,7758.0,0.0,7749.0,0.0,7240.0,0.0,7759.0,0.0,7759.0
0.0,7749.0,0.0,38.0,0.0,7682.0,7750.0,0.0,7240.0,0.0,7760.0
0.0,7760.0,0.0,7750.0,0.0,38.0,0.0,7684.0,7751.0,0.0,7240.0
0.0,7761.0,0.0,7761.0,0.0,7751.0,0.0,38.0,0.0,7686.0,7752.0
0.0,7240.0,0.0,7762.0,0.0,7762.0,0.0,7752.0,0.0,38.0,0.0
7688.0,7753.0,0.0,7240.0,0.0,7763.0,0.0,7763.0,0.0,7753.0,0.0
38.0,0.0,7690.0,7754.0,0.0,7240.0,0.0,7764.0,0.0,7764.0,0.0
7754.0,0.0,38.0,0.0,7692.0,7755.0,0.0,7240.0,0.0,7765.0,0.0
7765.0,0.0,7755.0,0.0,38.0,0.0,7694.0,7756.0,0.0,7240.0,0.0
7766.0,0.0,7766.0,0.0,7756.0,0.0,38.0,0.0,7696.0,7757.0,0.0
7240.0,0.0,7767.0,0.0,7767.0,0.0,7757.0,0.0,38.0,0.0,7698.0
7758.0,0.0,7240.0,0.0,7768.0,0.0,7768.0,0.0,7758.0,0.0,38.0
0.0,7700.0,7241.0,0.0,7214.0,0.0,7769.0,0.0,7770.0,0.0,7771.0
0.0,7772.0,0.0,7773.0,0.0,7774.0,0.0,7775.0,0.0,7776.0,0.0
7777.0,0.0,7778.0,0.0,7769.0,0.0,7241.0,0.0,7779.0,0.0,7779.0
0.0,7769.0,0.0,38.0,0.0,7703.0,7770.0,0.0,7241.0,0.0,7780.0
0.0,7780.0,0.0,7770.0,0.0,38.0,0.0,7705.0,7771.0,0.0,7241.0
0.0,7781.0,0.0,7781.0,0.0,7771.0,0.0,38.0,0.0,7707.0,7772.0
0.0,7241.0,0.0,7782.0,0.0,7782.0,0.0,7772.0,0.0,38.0,0.0
7709.0,7773.0,0.0,7241.0,0.0,7783.0,0.0,7783.0,0.0,7773.0,0.0
38.0,0.0,7711.0,7774.0,0.0,7241.0,0.0,7784.0,0.0,7784.0,0.0
7774.0,0.0,38.0,0.0,7713.0,7775.0,0.0,7241.0,0.0,7785.0,0.0
7785.0,0.0,7775.0,0.0,38.0,0.0,7715.0,7776.0,0.0,7241.0,0.0
7786.0,0.0,7786.0,0.0,7776.0,0.0,38.0,0.0,7717.0,7777.0,0.0
7241.0,0.0,7787.0,0.0,7787.0,0.0,7777.0,0.0,38.0,0.0,7719.0
7778.0,0.0,7241.0,0.0,7788.0,0.0,7788.0,0.0,7778.0,0.0,38.0
0.0,7721.0,7242.0,0.0,7214.0,0.0,7789.0,0.0,7790.0,0.0,7791.0
0.0,7792.0,0.0,7793.0,0.0,7794.0,0.0,7795.0,0.0,7796.0,0.0
7797.0,0.0,7798.0,0.0,7789.0,0.0,7242.0,0.0,7799.0,0.0,7799.0
0.0,7789.0,0.0,38.0,0.0,7724.0,7790.0,0.0,7242.0,0.0,7800.0
0.0,7800.0,0.0,7790.0,0.0,38.0,0.0,7726.0,7791.0,0.0,7242.0
0.0,7801.0,0.0,7801.0,0.0,7791.0,0.0,38.0,0.0,7728.0,7792.0
0.0,7242.0,0.0,7802.0,0.0,7802.0,0.0,7792.0,0.0,38.0,0.0
7730.0,7793.0,0.0,7242.0,0.0,7803.0,0.0,7803.0,0.0,7793.0,0.0
38.0,0.0,7732.0,7794.0,0.0,7242.0,0.0,7804.0,0.0,7804.0,0.0
7794.0,0.0,38.0,0.0,7734.0,7795.0,0.0,7242.0,0.0,7805.0,0.0
7805.0,0.0,7795.0,0.0,38.0,0.0,7736.0,7796.0,0.0,7242.0,0.0
7806.0,0.0,7806.0,0.0,7796.0,0.0,38.0,0.0,7738.0,7797.0,0.0
7242.0,0.0,7807.0,0.0,7807.0,0.0,7797.0,0.0,38.0,0.0,7740.0
7798.0,0.0,7242.0,0.0,7808.0,0.0,7808.0,0.0,7798.0,0.0,38.0
0.0,7742.0,7243.0,0.0,7214.0,0.0,7809.0,0.0,7810.0,0.0,7811.0
0.0,7812.0,0.0,7813.0,0.0,7814.0,0.0,7815.0,0.0,7816.0,0.0
7817.0,0.0,7818.0,0.0,7809.0,0.0,7243.0,0.0,7819.0,0.0,7819.0
0.0,7809.0,0.0,38.0,0.0,7745.0,7810.0,0.0,7243.0,0.0,7820.0
0.0,7820.0,0.0,7810.0,0.0,38.0,0.0,7747.0,7811.0,0.0,7243.0
0.0,7821.0,0.0,7821.0,0.0,7811.0,0.0,38.0,0.0,7749.0,7812.0
0.0,7243.0,0.0,7822.0,0.0,7822.0,0.0,7812.0,0.0,38.0,0.0
7751.0,7813.0,0.0,7243.0,0.0,7823.0,0.0,7823.0,0.0,7813.0,0.0
38.0,0.0,7753.0,7814.0,0.0,7243.0,0.0,7824.0,0.0,7824.0,0.0
7814.0,0.0,38.0,0.0,7755.0,7815.0,0.0,7243.0,0.0,7825.0,0.0
7825.0,0.0,7815.0,0.0,38.0,0.0,7757.0,7816.0,0.0,7243.0,0.0
7826.0,0.0,7826.0,0.0,7816.0,0.0,38.0,0.0,7759.0,7817.0,0.0
7243.0,0.0,7827.0,0.0,7827.0,0.0,7817.0,0.0,38.0,0.0,7761.0
7818.0,0.0,7243.0,0.0,7828.0,0.0,7828.0,0.0,7818.0,0.0,38.0
0.0,7763.0,7244.0,0.0,7214.0,0.0,7829.0,0.0,7830.0,0.0,7831.0
0.0,7832.0,0.0,7833.0,0.0,7834.0,0.0,7835.0,0.0,7836.0,0.0
7837.0,0.0,7838.0,0.0,7829.0,0.0,7244.0,0.0,7839.0,0.0,7839.0
0.0,7829.0,0.0,38.0,0.0,7766.0,7830.0,0.0,7244.0,0.0,7840.0
0.0,7840.0,0.0,7830.0,0.0,38.0,0.0,7768.0,7831.0,0.0,7244.0
0.0,7841.0,0.0,7841.0,0.0,7831.0,0.0,38.0,0.0,7770.0,7832.0
0.0,7244.0,0.0,7842.0,0.0,7842.0,0.0,7832.0,0.0,38.0,0.0
7772.0,7833.0,0.0,7244.0,0.0,7843.0,0.0,7843.0,0.0,7833.0,0.0
38.0,0.0,7774.0,7834.0,0.0,7244.0,0.0,7844.0,0.0,7844.0,0.0
7834.0,0.0,38.0,0.0,7776.0,7835.0,0.0,7244.0,0.0,7845.0,0.0
7845.0,0.0,7835.0,0.0,38.0,0.0,7778.0,7836.0,0.0,7244.0,0.0
7846.0,0.0,7846.0,0.0,7836.0,0.0,38.0,0.0,7780.0,7837.0,0.0
7244.0,0.0,7847.0,0.0,7847.0,0.0,7837.0,0.0,38.0,0.0,7782.0
7838.0,0.0,7244.0,0.0,7848.0,0.0,7848.0,0.0,7838.0,0.0,38.0
0.0,7784.0,7245.0,0.0,7214.0,0.0,7849.0,0.0,7850.0,0.0,7851.0
0.0,7852.0,0.0,7853.0,0.0,7854.0,0.0,7855.0,0.0,7856.0,0.0
7857.0,0.0,7858.0,0.0,7849.0,0.0,7245.0,0.0,7859.0,0.0,7859.0
0.0,7849.0,0.0,38.0,0.0,7787.0,7850.0,0.0,7245.0,0.0,7860.0
0.0,7860.0,0.0,7850.0,0.0,38.0,0.0,7789.0,7851.0,0.0,7245.0
0.0,7861.0,0.0,7861.0,0.0,7851.0,0.0,38.0,0.0,7791.0,7852.0
0.0,7245.0,0.0,7862.0,0.0,7862.0,0.0,7852.0,0.0,38.0,0.0
7793.0,7853.0,0.0,7245.0,0.0,7863.0,0.0,7863.0,0.0,7853.0,0.0
38.0,0.0,7795.0,7854.0,0.0,7245.0,0.0,7864.0,0.0,7864.0,0.0
7854.0,0.0,38.0,0.0,7797.0,7855.0,0.0,7245.0,0.0,7865.0,0.0
7865.0,0.0,7855.0,0.0,38.0,0.0,7799.0,7856.0,0.0,7245.0,0.0
7866.0,0.0,7866.0,0.0,7856.0,0.0,38.0,0.0,7801.0,7857.0,0.0
7245.0,0.0,7867.0,0.0,7867.0,0.0,7857.0,0.0,38.0,0.0,7803.0
7858.0,0.0,7245.0,0.0,7868.0,0.0,7868.0,0.0,7858.0,0.0,38.0
0.0,7805.0,7246.0,0.0,7214.0,0.0,7869.0,0.0,7870.0,0.0,7871.0
0.0,7872.0,0.0,7873.0,0.0,7874.0,0.0,7875.0,0.0,7876.0,0.0
7877.0,0.0,7878.0,0.0,7869.0,0.0,7246.0,0.0,7879.0,0.0,7879.0
0.0,7869.0,0.0,38.0,0.0,7808.0,7870.0,0.0,7246.0,0.0,7880.0
0.0,7880.0,0.0,7870.0,0.0,38.0,0.0,7810.0,7871.0,0.0,7246.0
0.0,7881.0,0.0,7881.0,0.0,7871.0,0.0,38.0,0.0,7812.0,7872.0
0.0,7246.0,0.0,7882.0,0.0,7882.0,0.0,7872.0,0.0,38.0,0.0
7814.0,7873.0,0.0,7246.0,0.0,7883.0,0.0,7883.0,0.0,7873.0,0.0
38.0,0.0,7816.0,7874.0,0.0,7246.0,0.0,7884.0,0.0,7884.0,0.0
7874.0,0.0,38.0,0.0,7818.0,7875.0,0.0,7246.0,0.0,7885.0,0.0
7885.0,0.0,7875.0,0.0,38.0,0.0,7820.0,7876.0,0.0,7246.0,0.0
7886.0,0.0,7886.0,0.0,7876.0,0.0,38.0,0.0,7822.0,7877.0,0.0
7246.0,0.0,7887.0,0.0,7887.0,0.0,7877.0,0.0,38.0,0.0,7824.0
7878.0,0.0,7246.0,0.0,7888.0,0.0,7888.0,0.0,7878.0,0.0,38.0
0.0,7826.0,7247.0,0.0,7214.0,0.0,7889.0,0.0,7890.0,0.0,7891.0
0.0,7892.0,0.0,7893.0,0.0,7894.0,0.0,7895.0,0.0,7896.0,0.0
7897.0,0.0,7898.0,0.0,7889.0,0.0,7247.0,0.0,7899.0,0.0,7899.0
0.0,7889.0,0.0,38.0,0.0,7829.0,7890.0,0.0,7247.0,0.0,7900.0
0.0,7900.0,0.0,7890.0,0.0,38.0,0.0,7831.0,7891.0,0.0,7247.0
0.0,7901.0,0.0,7901.0,0.0,7891.0,0.0,38.0,0.0,7833.0,7892.0
0.0,7247.0,0.0,7902.0,0.0,7902.0,0.0,7892.0,0.0,38.0,0.0
7835.0,7893.0,0.0,7247.0,0.0,7903.0,0.0,7903.0,0.0,7893.0,0.0
38.0,0.0,7837.0,7894.0,0.0,7247.0,0.0,7904.0,0.0,7904.0,0.0
7894.0,0.0,38.0,0.0,7839.0,7895.0,0.0,7247.0,0.0,7905.0,0.0
7905.0,0.0,7895.0,0.0,38.0,0.0,7841.0,7896.0,0.0,7247.0,0.0
7906.0,0.0,7906.0,0.0,7896.0,0.0,38.0,0.0,7843.0,7897.0,0.0
7247.0,0.0,7907.0,0.0,7907.0,0.0,7897.0,0.0,38.0,0.0,7845.0
7898.0,0.0,7247.0,0.0,7908.0,0.0,7908.0,0.0,7898.0,0.0,38.0
0.0,7847.0,7248.0,0.0,7214.0,0.0,7909.0,0.0,7910.0,0.0,7911.0
0.0,7912.0,0.0,7913.0,0.0,7914.0,0.0,7915.0,0.0,7916.0,0.0
7917.0,0.0,7918.0,0.0,7909.0,0.0,7248.0,0.0,7919.0,0.0,7919.0
0.0,7909.0,0.0,38.0,0.0,7850.0,7910.0,0.0,7248.0,0.0,7920.0
0.0,7920.0,0.0,7910.0,0.0,38.0,0.0,7852.0,7911.0,0.0,7248.0
0.0,7921.0,0.0,7921.0,0.0,7911.0,0.0,38.0,0.0,7854.0,7912.0
0.0,7248.0,0.0,7922.0,0.0,7922.0,0.0,7912.0,0.0,38.0,0.0
7856.0,7913.0,0.0,7248.0,0.0,7923.0,0.0,7923.0,0.0,7913.0,0.0
38.0,0.0,7858.0,7914.0,0.0,7248.0,0.0,7924.0,0.0,7924.0,0.0
7914.0,0.0,38.0,0.0,7860.0,7915.0,0.0,7248.0,0.0,7925.0,0.0
7925.0,0.0,7915.0,0.0,38.0,0.0,7862.0,7916.0,0.0,7248.0,0.0
7926.0,0.0,7926.0,0.0,7916.0,0.0,38.0,0.0,7864.0,7917.0,0.0
7248.0,0.0,7927.0,0.0,7927.0,0.0,7917.0,0.0,38.0,0.0,7866.0
7918.0,0.0,7248.0,0.0,7928.0,0.0,7928.0,0.0,7918.0,0.0,38.0
0.0,7868.0,75.0,0.0,50.0,0.0,38.0,0.0,7869.0,76.0,0.0
50.0,0.0,7929.0,0.0,7929.0,0.0,76.0,0.0,7930.0,0.0,7931.0
0.0,7932.0,0.0,7933.0,0.0,7934.0,0.0,7935.0,0.0,7936.0,0.0
7937.0,0.0,7938.0,0.0,7939.0,0.0,7940.0,0.0,7941.0,0.0,7942.0
0.0,7943.0,0.0,7944.0,0.0,7945.0,0.0,7946.0,0.0,7947.0,0.0
7948.0,0.0,7949.0,0.0,7950.0,0.0,7951.0,0.0,7952.0,0.0,7953.0
0.0,7954.0,0.0,7955.0,0.0,7956.0,0.0,7957.0,0.0,7958.0,0.0
7959.0,0.0,7960.0,0.0,7961.0,0.0,7962.0,0.0,7963.0,0.0,7930.0
0.0,7929.0,0.0,7964.0,0.0,7965.0,0.0,7966.0,0.0,7967.0,0.0
7968.0,0.0,7969.0,0.0,7970.0,0.0,7971.0,0.0,7972.0,0.0,7973.0
0.0,7964.0,0.0,7930.0,0.0,7974.0,0.0,7974.0,0.0,7964.0,0.0
41.0,0.0,7874.0,7965.0,0.0,7930.0,0.0,7975.0,0.0,7975.0,0.0
7965.0,0.0,41.0,0.0,7876.0,7966.0,0.0,7930.0,0.0,7976.0,0.0
7976.0,0.0,7966.0,0.0,41.0,0.0,7878.0,7967.0,0.0,7930.0,0.0
7977.0,0.0,7977.0,0.0,7967.0,0.0,41.0,0.0,7880.0,7968.0,0.0
7930.0,0.0,7978.0,0.0,7978.0,0.0,7968.0,0.0,41.0,0.0,7882.0
7969.0,0.0,7930.0,0.0,7979.0,0.0,7979.0,0.0,7969.0,0.0,41.0
0.0,7884.0,7970.0,0.0,7930.0,0.0,7980.0,0.0,7980.0,0.0,7970.0
0.0,41.0,0.0,7886.0,7971.0,0.0,7930.0,0.0,7981.0,0.0,7981.0
0.0,7971.0,0.0,41.0,0.0,7888.0,7972.0,0.0,7930.0,0.0,7982.0
0.0,7982.0,0.0,7972.0,0.0,41.0,0.0,7890.0,7973.0,0.0,7930.0
0.0,7983.0,0.0,7983.0,0.0,7973.0,0.0,41.0,0.0,7892.0,7931.0
0.0,7929.0,0.0,7984.0,0.0,7985.0,0.0,7986.0,0.0,7987.0,0.0
7988.0,0.0,7989.0,0.0,7990.0,0.0,7991.0,0.0,7992.0,0.0,7993.0
0.0,7984.0,0.0,7931.0,0.0,7994.0,0.0,7994.0,0.0,7984.0,0.0
41.0,0.0,7895.0,7985.0,0.0,7931.0,0.0,7995.0,0.0,7995.0,0.0
7985.0,0.0,41.0,0.0,7897.0,7986.0,0.0,7931.0,0.0,7996.0,0.0
7996.0,0.0,7986.0,0.0,41.0,0.0,7899.0,7987.0,0.0,7931.0,0.0
7997.0,0.0,7997.0,0.0,7987.0,0.0,41.0,0.0,7901.0,7988.0,0.0
7931.0,0.0,7998.0,0.0,7998.0,0.0,7988.0,0.0,41.0,0.0,7903.0
7989.0,0.0,7931.0,0.0,7999.0,0.0,7999.0,0.0,7989.0,0.0,41.0
0.0,7905.0,7990.0,0.0,7931.0,0.0,8000.0,0.0,8000.0,0.0,7990.0
0.0,41.0,0.0,7907.0,7991.0,0.0,7931.0,0.0,8001.0,0.0,8001.0
0.0,7991.0,0.0,41.0,0.0,7909.0,7992.0,0.0,7931.0,0.0,8002.0
0.0,8002.0,0.0,7992.0,0.0,41.0,0.0,7911.0,7993.0,0.0,7931.0
0.0,8003.0,0.0,8003.0,0.0,7993.0,0.0,41.0,0.0,7913.0,7932.0
0.0,7929.0,0.0,8004.0,0.0,8005.0,0.0,8006.0,0.0,8007.0,0.0
8008.0,0.0,8009.0,0.0,8010.0,0.0,8011.0,0.0,8012.0,0.0,8013.0
0.0,8004.0,0.0,7932.0,0.0,8014.0,0.0,8014.0,0.0,8004.0,0.0
41.0,0.0,7916.0,8005.0,0.0,7932.0,0.0,8015.0,0.0,8015.0,0.0
8005.0,0.0,41.0,0.0,7918.0,8006.0,0.0,7932.0,0.0,8016.0,0.0
8016.0,0.0,8006.0,0.0,41.0,0.0,7920.0,8007.0,0.0,7932.0,0.0
8017.0,0.0,8017.0,0.0,8007.0,0.0,41.0,0.0,7922.0,8008.0,0.0
7932.0,0.0,8018.0,0.0,8018.0,0.0,8008.0,0.0,41.0,0.0,7924.0
8009.0,0.0,7932.0,0.0,8019.0,0.0,8019.0,0.0,8009.0,0.0,41.0
0.0,7926.0,8010.0,0.0,7932.0,0.0,8020.0,0.0,8020.0,0.0,8010.0
0.0,41.0,0.0,7928.0,8011.0,0.0,7932.0,0.0,8021.0,0.0,8021.0
0.0,8011.0,0.0,41.0,0.0,7930.0,8012.0,0.0,7932.0,0.0,8022.0
0.0,8022.0,0.0,8012.0,0.0,41.0,0.0,7932.0,8013.0,0.0,7932.0
0.0,8023.0,0.0,8023.0,0.0,8013.0,0.0,41.0,0.0,7934.0,7933.0
0.0,7929.0,0.0,8024.0,0.0,8025.0,0.0,8026.0,0.0,8027.0,0.0
8028.0,0.0,8029.0,0.0,8030.0,0.0,8031.0,0.0,8032.0,0.0,8033.0
0.0,8024.0,0.0,7933.0,0.0,8034.0,0.0,8034.0,0.0,8024.0,0.0
41.0,0.0,7937.0,8025.0,0.0,7933.0,0.0,8035.0,0.0,8035.0,0.0
8025.0,0.0,41.0,0.0,7939.0,8026.0,0.0,7933.0,0.0,8036.0,0.0
8036.0,0.0,8026.0,0.0,41.0,0.0,7941.0,8027.0,0.0,7933.0,0.0
8037.0,0.0,8037.0,0.0,8027.0,0.0,41.0,0.0,7943.0,8028.0,0.0
7933.0,0.0,8038.0,0.0,8038.0,0.0,8028.0,0.0,41.0,0.0,7945.0
8029.0,0.0,7933.0,0.0,8039.0,0.0,8039.0,0.0,8029.0,0.0,41.0
0.0,7947.0,8030.0,0.0,7933.0,0.0,8040.0,0.0,8040.0,0.0,8030.0
0.0,41.0,0.0,7949.0,8031.0,0.0,7933.0,0.0,8041.0,0.0,8041.0
0.0,8031.0,0.0,41.0,0.0,7951.0,8032.0,0.0,7933.0,0.0,8042.0
0.0,8042.0,0.0,8032.0,0.0,41.0,0.0,7953.0,8033.0,0.0,7933.0
0.0,8043.0,0.0,8043.0,0.0,8033.0,0.0,41.0,0.0,7955.0,7934.0
0.0,7929.0,0.0,8044.0,0.0,8045.0,0.0,8046.0,0.0,8047.0,0.0
8048.0,0.0,8049.0,0.0,8050.0,0.0,8051.0,0.0,8052.0,0.0,8053.0
0.0,8044.0,0.0,7934.0,0.0,8054.0,0.0,8054.0,0.0,8044.0,0.0
41.0,0.0,7958.0,8045.0,0.0,7934.0,0.0,8055.0,0.0,8055.0,0.0
8045.0,0.0,41.0,0.0,7960.0,8046.0,0.0,7934.0,0.0,8056.0,0.0
8056.0,0.0,8046.0,0.0,41.0,0.0,7962.0,8047.0,0.0,7934.0,0.0
8057.0,0.0,8057.0,0.0,8047.0,0.0,41.0,0.0,7964.0,8048.0,0.0
7934.0,0.0,8058.0,0.0,8058.0,0.0,8048.0,0.0,41.0,0.0,7966.0
8049.0,0.0,7934.0,0.0,8059.0,0.0,8059.0,0.0,8049.0,0.0,41.0
0.0,7968.0,8050.0,0.0,7934.0,0.0,8060.0,0.0,8060.0,0.0,8050.0
0.0,41.0,0.0,7970.0,8051.0,0.0,7934.0,0.0,8061.0,0.0,8061.0
0.0,8051.0,0.0,41.0,0.0,7972.0,8052.0,0.0,7934.0,0.0,8062.0
0.0,8062.0,0.0,8052.0,0.0,41.0,0.0,7974.0,8053.0,0.0,7934.0
0.0,8063.0,0.0,8063.0,0.0,8053.0,0.0,41.0,0.0,7976.0,7935.0
0.0,7929.0,0.0,8064.0,0.0,8065.0,0.0,8066.0,0.0,8067.0,0.0
8068.0,0.0,8069.0,0.0,8070.0,0.0,8071.0,0.0,8072.0,0.0,8073.0
0.0,8064.0,0.0,7935.0,0.0,8074.0,0.0,8074.0,0.0,8064.0,0.0
41.0,0.0,7979.0,8065.0,0.0,7935.0,0.0,8075.0,0.0,8075.0,0.0
8065.0,0.0,41.0,0.0,7981.0,8066.0,0.0,7935.0,0.0,8076.0,0.0
8076.0,0.0,8066.0,0.0,41.0,0.0,7983.0,8067.0,0.0,7935.0,0.0
8077.0,0.0,8077.0,0.0,8067.0,0.0,41.0,0.0,7985.0,8068.0,0.0
7935.0,0.0,8078.0,0.0,8078.0,0.0,8068.0,0.0,41.0,0.0,7987.0
8069.0,0.0,7935.0,0.0,8079.0,0.0,8079.0,0.0,8069.0,0.0,41.0
0.0,7989.0,8070.0,0.0,7935.0,0.0,8080.0,0.0,8080.0,0.0,8070.0
0.0,41.0,0.0,7991.0,8071.0,0.0,7935.0,0.0,8081.0,0.0,8081.0
0.0,8071.0,0.0,41.0,0.0,7993.0,8072.0,0.0,7935.0,0.0,8082.0
0.0,8082.0,0.0,8072.0,0.0,41.0,0.0,7995.0,8073.0,0.0,7935.0
0.0,8083.0,0.0,8083.0,0.0,8073.0,0.0,41.0,0.0,7997.0,7936.0
0.0,7929.0,0.0,8084.0,0.0,8085.0,0.0,8086.0,0.0,8087.0,0.0
8088.0,0.0,8089.0,0.0,8090.0,0.0,8091.0,0.0,8092.0,0.0,8093.0
0.0,8084.0,0.0,7936.0,0.0,8094.0,0.0,8094.0,0.0,8084.0,0.0
41.0,0.0,8000.0,8085.0,0.0,7936.0,0.0,8095.0,0.0,8095.0,0.0
8085.0,0.0,41.0,0.0,8002.0,8086.0,0.0,7936.0,0.0,8096.0,0.0
8096.0,0.0,8086.0,0.0,41.0,0.0,8004.0,8087.0,0.0,7936.0,0.0
8097.0,0.0,8097.0,0.0,8087.0,0.0,41.0,0.0,8006.0,8088.0,0.0
7936.0,0.0,8098.0,0.0,8098.0,0.0,8088.0,0.0,41.0,0.0,8008.0
8089.0,0.0,7936.0,0.0,8099.0,0.0,8099.0,0.0,8089.0,0.0,41.0
0.0,8010.0,8090.0,0.0,7936.0,0.0,8100.0,0.0,8100.0,0.0,8090.0
0.0,41.0,0.0,8012.0,8091.0,0.0,7936.0,0.0,8101.0,0.0,8101.0
0.0,8091.0,0.0,41.0,0.0,8014.0,8092.0,0.0,7936.0,0.0,8102.0
0.0,8102.0,0.0,8092.0,0.0,41.0,0.0,8016.0,8093.0,0.0,7936.0
0.0,8103.0,0.0,8103.0,0.0,8093.0,0.0,41.0,0.0,8018.0,7937.0
0.0,7929.0,0.0,8104.0,0.0,8105.0,0.0,8106.0,0.0,8107.0,0.0
8108.0,0.0,8109.0,0.0,8110.0,0.0,8111.0,0.0,8112.0,0.0,8113.0
0.0,8104.0,0.0,7937.0,0.0,8114.0,0.0,8114.0,0.0,8104.0,0.0
41.0,0.0,8021.0,8105.0,0.0,7937.0,0.0,8115.0,0.0,8115.0,0.0
8105.0,0.0,41.0,0.0,8023.0,8106.0,0.0,7937.0,0.0,8116.0,0.0
8116.0,0.0,8106.0,0.0,41.0,0.0,8025.0,8107.0,0.0,7937.0,0.0
8117.0,0.0,8117.0,0.0,8107.0,0.0,41.0,0.0,8027.0,8108.0,0.0
7937.0,0.0,8118.0,0.0,8118.0,0.0,8108.0,0.0,41.0,0.0,8029.0
8109.0,0.0,7937.0,0.0,8119.0,0.0,8119.0,0.0,8109.0,0.0,41.0
0.0,8031.0,8110.0,0.0,7937.0,0.0,8120.0,0.0,8120.0,0.0,8110.0
0.0,41.0,0.0,8033.0,8111.0,0.0,7937.0,0.0,8121.0,0.0,8121.0
0.0,8111.0,0.0,41.0,0.0,8035.0,8112.0,0.0,7937.0,0.0,8122.0
0.0,8122.0,0.0,8112.0,0.0,41.0,0.0,8037.0,8113.0,0.0,7937.0
0.0,8123.0,0.0,8123.0,0.0,8113.0,0.0,41.0,0.0,8039.0,7938.0
0.0,7929.0,0.0,8124.0,0.0,8125.0,0.0,8126.0,0.0,8127.0,0.0
8128.0,0.0,8129.0,0.0,8130.0,0.0,8131.0,0.0,8132.0,0.0,8133.0
0.0,8124.0,0.0,7938.0,0.0,8134.0,0.0,8134.0,0.0,8124.0,0.0
41.0,0.0,8042.0,8125.0,0.0,7938.0,0.0,8135.0,0.0,8135.0,0.0
8125.0,0.0,41.0,0.0,8044.0,8126.0,0.0,7938.0,0.0,8136.0,0.0
8136.0,0.0,8126.0,0.0,41.0,0.0,8046.0,8127.0,0.0,7938.0,0.0
8137.0,0.0,8137.0,0.0,8127.0,0.0,41.0,0.0,8048.0,8128.0,0.0
7938.0,0.0,8138.0,0.0,8138.0,0.0,8128.0,0.0,41.0,0.0,8050.0
8129.0,0.0,7938.0,0.0,8139.0,0.0,8139.0,0.0,8129.0,0.0,41.0
0.0,8052.0,8130.0,0.0,7938.0,0.0,8140.0,0.0,8140.0,0.0,8130.0
0.0,41.0,0.0,8054.0,8131.0,0.0,7938.0,0.0,8141.0,0.0,8141.0
0.0,8131.0,0.0,41.0,0.0,8056.0,8132.0,0.0,7938.0,0.0,8142.0
0.0,8142.0,0.0,8132.0,0.0,41.0,0.0,8058.0,8133.0,0.0,7938.0
0.0,8143.0,0.0,8143.0,0.0,8133.0,0.0,41.0,0.0,8060.0,7939.0
0.0,7929.0,0.0,8144.0,0.0,8145.0,0.0,8146.0,0.0,8147.0,0.0
8148.0,0.0,8149.0,0.0,8150.0,0.0,8151.0,0.0,8152.0,0.0,8153.0
0.0,8144.0,0.0,7939.0,0.0,8154.0,0.0,8154.0,0.0,8144.0,0.0
41.0,0.0,8063.0,8145.0,0.0,7939.0,0.0,8155.0,0.0,8155.0,0.0
8145.0,0.0,41.0,0.0,8065.0,8146.0,0.0,7939.0,0.0,8156.0,0.0
8156.0,0.0,8146.0,0.0,41.0,0.0,8067.0,8147.0,0.0,7939.0,0.0
8157.0,0.0,8157.0,0.0,8147.0,0.0,41.0,0.0,8069.0,8148.0,0.0
7939.0,0.0,8158.0,0.0,8158.0,0.0,8148.0,0.0,41.0,0.0,8071.0
8149.0,0.0,7939.0,0.0,8159.0,0.0,8159.0,0.0,8149.0,0.0,41.0
0.0,8073.0,8150.0,0.0,7939.0,0.0,8160.0,0.0,8160.0,0.0,8150.0
0.0,41.0,0.0,8075.0,8151.0,0.0,7939.0,0.0,8161.0,0.0,8161.0
0.0,8151.0,0.0,41.0,0.0,8077.0,8152.0,0.0,7939.0,0.0,8162.0
0.0,8162.0,0.0,8152.0,0.0,41.0,0.0,8079.0,8153.0,0.0,7939.0
0.0,8163.0,0.0,8163.0,0.0,8153.0,0.0,41.0,0.0,8081.0,7940.0
0.0,7929.0,0.0,8164.0,0.0,8165.0,0.0,8166.0,0.0,8167.0,0.0
8168.0,0.0,8169.0,0.0,8170.0,0.0,8171.0,0.0,8172.0,0.0,8173.0
0.0,8164.0,0.0,7940.0,0.0,8174.0,0.0,8174.0,0.0,8164.0,0.0
41.0,0.0,8084.0,8165.0,0.0,7940.0,0.0,8175.0,0.0,8175.0,0.0
8165.0,0.0,41.0,0.0,8086.0,8166.0,0.0,7940.0,0.0,8176.0,0.0
8176.0,0.0,8166.0,0.0,41.0,0.0,8088.0,8167.0,0.0,7940.0,0.0
8177.0,0.0,8177.0,0.0,8167.0,0.0,41.0,0.0,8090.0,8168.0,0.0
7940.0,0.0,8178.0,0.0,8178.0,0.0,8168.0,0.0,41.0,0.0,8092.0
8169.0,0.0,7940.0,0.0,8179.0,0.0,8179.0,0.0,8169.0,0.0,41.0
0.0,8094.0,8170.0,0.0,7940.0,0.0,8180.0,0.0,8180.0,0.0,8170.0
0.0,41.0,0.0,8096.0,8171.0,0.0,7940.0,0.0,8181.0,0.0,8181.0
0.0,8171.0,0.0,41.0,0.0,8098.0,8172.0,0.0,7940.0,0.0,8182.0
0.0,8182.0,0.0,8172.0,0.0,41.0,0.0,8100.0,8173.0,0.0,7940.0
0.0,8183.0,0.0,8183.0,0.0,8173.0,0.0,41.0,0.0,8102.0,7941.0
0.0,7929.0,0.0,8184.0,0.0,8185.0,0.0,8186.0,0.0,8187.0,0.0
8188.0,0.0,8189.0,0.0,8190.0,0.0,8191.0,0.0,8192.0,0.0,8193.0
0.0,8184.0,0.0,7941.0,0.0,8194.0,0.0,8194.0,0.0,8184.0,0.0
41.0,0.0,8105.0,8185.0,0.0,7941.0,0.0,8195.0,0.0,8195.0,0.0
8185.0,0.0,41.0,0.0,8107.0,8186.0,0.0,7941.0,0.0,8196.0,0.0
8196.0,0.0,8186.0,0.0,41.0,0.0,8109.0,8187.0,0.0,7941.0,0.0
8197.0,0.0,8197.0,0.0,8187.0,0.0,41.0,0.0,8111.0,8188.0,0.0
7941.0,0.0,8198.0,0.0,8198.0,0.0,8188.0,0.0,41.0,0.0,8113.0
8189.0,0.0,7941.0,0.0,8199.0,0.0,8199.0,0.0,8189.0,0.0,41.0
0.0,8115.0,8190.0,0.0,7941.0,0.0,8200.0,0.0,8200.0,0.0,8190.0
0.0,41.0,0.0,8117.0,8191.0,0.0,7941.0,0.0,8201.0,0.0,8201.0
0.0,8191.0,0.0,41.0,0.0,8119.0,8192.0,0.0,7941.0,0.0,8202.0
0.0,8202.0,0.0,8192.0,0.0,41.0,0.0,8121.0,8193.0,0.0,7941.0
0.0,8203.0,0.0,8203.0,0.0,8193.0,0.0,41.0,0.0,8123.0,7942.0
0.0,7929.0,0.0,8204.0,0.0,8205.0,0.0,8206.0,0.0,8207.0,0.0
8208.0,0.0,8209.0,0.0,8210.0,0.0,8211.0,0.0,8212.0,0.0,8213.0
0.0,8204.0,0.0,7942.0,0.0,8214.0,0.0,8214.0,0.0,8204.0,0.0
41.0,0.0,8126.0,8205.0,0.0,7942.0,0.0,8215.0,0.0,8215.0,0.0
8205.0,0.0,41.0,0.0,8128.0,8206.0,0.0,7942.0,0.0,8216.0,0.0
8216.0,0.0,8206.0,0.0,41.0,0.0,8130.0,8207.0,0.0,7942.0,0.0
8217.0,0.0,8217.0,0.0,8207.0,0.0,41.0,0.0,8132.0,8208.0,0.0
7942.0,0.0,8218.0,0.0,8218.0,0.0,8208.0,0.0,41.0,0.0,8134.0
8209.0,0.0,7942.0,0.0,8219.0,0.0,8219.0,0.0,8209.0,0.0,41.0
0.0,8136.0,8210.0,0.0,7942.0,0.0,8220.0,0.0,8220.0,0.0,8210.0
0.0,41.0,0.0,8138.0,8211.0,0.0,7942.0,0.0,8221.0,0.0,8221.0
0.0,8211.0,0.0,41.0,0.0,8140.0,8212.0,0.0,7942.0,0.0,8222.0
0.0,8222.0,0.0,8212.0,0.0,41.0,0.0,8142.0,8213.0,0.0,7942.0
0.0,8223.0,0.0,8223.0,0.0,8213.0,0.0,41.0,0.0,8144.0,7943.0
0.0,7929.0,0.0,8224.0,0.0,8225.0,0.0,8226.0,0.0,8227.0,0.0
8228.0,0.0,8229.0,0.0,8230.0,0.0,8231.0,0.0,8232.0,0.0,8233.0
0.0,8224.0,0.0,7943.0,0.0,8234.0,0.0,8234.0,0.0,8224.0,0.0
41.0,0.0,8147.0,8225.0,0.0,7943.0,0.0,8235.0,0.0,8235.0,0.0
8225.0,0.0,41.0,0.0,8149.0,8226.0,0.0,7943.0,0.0,8236.0,0.0
8236.0,0.0,8226.0,0.0,41.0,0.0,8151.0,8227.0,0.0,7943.0,0.0
8237.0,0.0,8237.0,0.0,8227.0,0.0,41.0,0.0,8153.0,8228.0,0.0
7943.0,0.0,8238.0,0.0,8238.0,0.0,8228.0,0.0,41.0,0.0,8155.0
8229.0,0.0,7943.0,0.0,8239.0,0.0,8239.0,0.0,8229.0,0.0,41.0
0.0,8157.0,8230.0,0.0,7943.0,0.0,8240.0,0.0,8240.0,0.0,8230.0
0.0,41.0,0.0,8159.0,8231.0,0.0,7943.0,0.0,8241.0,0.0,8241.0
0.0,8231.0,0.0,41.0,0.0,8161.0,8232.0,0.0,7943.0,0.0,8242.0
0.0,8242.0,0.0,8232.0,0.0,41.0,0.0,8163.0,8233.0,0.0,7943.0
0.0,8243.0,0.0,8243.0,0.0,8233.0,0.0,41.0,0.0,8165.0,7944.0
0.0,7929.0,0.0,8244.0,0.0,8245.0,0.0,8246.0,0.0,8247.0,0.0
8248.0,0.0,8249.0,0.0,8250.0,0.0,8251.0,0.0,8252.0,0.0,8253.0
0.0,8244.0,0.0,7944.0,0.0,8254.0,0.0,8254.0,0.0,8244.0,0.0
41.0,0.0,8168.0,8245.0,0.0,7944.0,0.0,8255.0,0.0,8255.0,0.0
8245.0,0.0,41.0,0.0,8170.0,8246.0,0.0,7944.0,0.0,8256.0,0.0
8256.0,0.0,8246.0,0.0,41.0,0.0,8172.0,8247.0,0.0,7944.0,0.0
8257.0,0.0,8257.0,0.0,8247.0,0.0,41.0,0.0,8174.0,8248.0,0.0
7944.0,0.0,8258.0,0.0,8258.0,0.0,8248.0,0.0,41.0,0.0,8176.0
8249.0,0.0,7944.0,0.0,8259.0,0.0,8259.0,0.0,8249.0,0.0,41.0
0.0,8178.0,8250.0,0.0,7944.0,0.0,8260.0,0.0,8260.0,0.0,8250.0
0.0,41.0,0.0,8180.0,8251.0,0.0,7944.0,0.0,8261.0,0.0,8261.0
0.0,8251.0,0.0,41.0,0.0,8182.0,8252.0,0.0,7944.0,0.0,8262.0
0.0,8262.0,0.0,8252.0,0.0,41.0,0.0,8184.0,8253.0,0.0,7944.0
0.0,8263.0,0.0,8263.0,0.0,8253.0,0.0,41.0,0.0,8186.0,7945.0
0.0,7929.0,0.0,8264.0,0.0,8265.0,0.0,8266.0,0.0,8267.0,0.0
8268.0,0.0,8269.0,0.0,8270.0,0.0,8271.0,0.0,8272.0,0.0,8273.0
0.0,8264.0,0.0,7945.0,0.0,8274.0,0.0,8274.0,0.0,8264.0,0.0
41.0,0.0,8189.0,8265.0,0.0,7945.0,0.0,8275.0,0.0,8275.0,0.0
8265.0,0.0,41.0,0.0,8191.0,8266.0,0.0,7945.0,0.0,8276.0,0.0
8276.0,0.0,8266.0,0.0,41.0,0.0,8193.0,8267.0,0.0,7945.0,0.0
8277.0,0.0,8277.0,0.0,8267.0,0.0,41.0,0.0,8195.0,8268.0,0.0
7945.0,0.0,8278.0,0.0,8278.0,0.0,8268.0,0.0,41.0,0.0,8197.0
8269.0,0.0,7945.0,0.0,8279.0,0.0,8279.0,0.0,8269.0,0.0,41.0
0.0,8199.0,8270.0,0.0,7945.0,0.0,8280.0,0.0,8280.0,0.0,8270.0
0.0,41.0,0.0,8201.0,8271.0,0.0,7945.0,0.0,8281.0,0.0,8281.0
0.0,8271.0,0.0,41.0,0.0,8203.0,8272.0,0.0,7945.0,0.0,8282.0
0.0,8282.0,0.0,8272.0,0.0,41.0,0.0,8205.0,8273.0,0.0,7945.0
0.0,8283.0,0.0,8283.0,0.0,8273.0,0.0,41.0,0.0,8207.0,7946.0
0.0,7929.0,0.0,8284.0,0.0,8285.0,0.0,8286.0,0.0,8287.0,0.0
8288.0,0.0,8289.0,0.0,8290.0,0.0,8291.0,0.0,8292.0,0.0,8293.0
0.0,8284.0,0.0,7946.0,0.0,8294.0,0.0,8294.0,0.0,8284.0,0.0
41.0,0.0,8210.0,8285.0,0.0,7946.0,0.0,8295.0,0.0,8295.0,0.0
8285.0,0.0,41.0,0.0,8212.0,8286.0,0.0,7946.0,0.0,8296.0,0.0
8296.0,0.0,8286.0,0.0,41.0,0.0,8214.0,8287.0,0.0,7946.0,0.0
8297.0,0.0,8297.0,0.0,8287.0,0.0,41.0,0.0,8216.0,8288.0,0.0
7946.0,0.0,8298.0,0.0,8298.0,0.0,8288.0,0.0,41.0,0.0,8218.0
8289.0,0.0,7946.0,0.0,8299.0,0.0,8299.0,0.0,8289.0,0.0,41.0
0.0,8220.0,8290.0,0.0,7946.0,0.0,8300.0,0.0,8300.0,0.0,8290.0
0.0,41.0,0.0,8222.0,8291.0,0.0,7946.0,0.0,8301.0,0.0,8301.0
0.0,8291.0,0.0,41.0,0.0,8224.0,8292.0,0.0,7946.0,0.0,8302.0
0.0,8302.0,0.0,8292.0,0.0,41.0,0.0,8226.0,8293.0,0.0,7946.0
0.0,8303.0,0.0,8303.0,0.0,8293.0,0.0,41.0,0.0,8228.0,7947.0
0.0,7929.0,0.0,8304.0,0.0,8305.0,0.0,8306.0,0.0,8307.0,0.0
8308.0,0.0,8309.0,0.0,8310.0,0.0,8311.0,0.0,8312.0,0.0,8313.0
0.0,8304.0,0.0,7947.0,0.0,8314.0,0.0,8314.0,0.0,8304.0,0.0
41.0,0.0,8231.0,8305.0,0.0,7947.0,0.0,8315.0,0.0,8315.0,0.0
8305.0,0.0,41.0,0.0,8233.0,8306.0,0.0,7947.0,0.0,8316.0,0.0
8316.0,0.0,8306.0,0.0,41.0,0.0,8235.0,8307.0,0.0,7947.0,0.0
8317.0,0.0,8317.0,0.0,8307.0,0.0,41.0,0.0,8237.0,8308.0,0.0
7947.0,0.0,8318.0,0.0,8318.0,0.0,8308.0,0.0,41.0,0.0,8239.0
8309.0,0.0,7947.0,0.0,8319.0,0.0,8319.0,0.0,8309.0,0.0,41.0
0.0,8241.0,8310.0,0.0,7947.0,0.0,8320.0,0.0,8320.0,0.0,8310.0
0.0,41.0,0.0,8243.0,8311.0,0.0,7947.0,0.0,8321.0,0.0,8321.0
0.0,8311.0,0.0,41.0,0.0,8245.0,8312.0,0.0,7947.0,0.0,8322.0
0.0,8322.0,0.0,8312.0,0.0,41.0,0.0,8247.0,8313.0,0.0,7947.0
0.0,8323.0,0.0,8323.0,0.0,8313.0,0.0,41.0,0.0,8249.0,7948.0
0.0,7929.0,0.0,8324.0,0.0,8325.0,0.0,8326.0,0.0,8327.0,0.0
8328.0,0.0,8329.0,0.0,8330.0,0.0,8331.0,0.0,8332.0,0.0,8333.0
0.0,8324.0,0.0,7948.0,0.0,8334.0,0.0,8334.0,0.0,8324.0,0.0
41.0,0.0,8252.0,8325.0,0.0,7948.0,0.0,8335.0,0.0,8335.0,0.0
8325.0,0.0,41.0,0.0,8254.0,8326.0,0.0,7948.0,0.0,8336.0,0.0
8336.0,0.0,8326.0,0.0,41.0,0.0,8256.0,8327.0,0.0,7948.0,0.0
8337.0,0.0,8337.0,0.0,8327.0,0.0,41.0,0.0,8258.0,8328.0,0.0
7948.0,0.0,8338.0,0.0,8338.0,0.0,8328.0,0.0,41.0,0.0,8260.0
8329.0,0.0,7948.0,0.0,8339.0,0.0,8339.0,0.0,8329.0,0.0,41.0
0.0,8262.0,8330.0,0.0,7948.0,0.0,8340.0,0.0,8340.0,0.0,8330.0
0.0,41.0,0.0,8264.0,8331.0,0.0,7948.0,0.0,8341.0,0.0,8341.0
0.0,8331.0,0.0,41.0,0.0,8266.0,8332.0,0.0,7948.0,0.0,8342.0
0.0,8342.0,0.0,8332.0,0.0,41.0,0.0,8268.0,8333.0,0.0,7948.0
0.0,8343.0,0.0,8343.0,0.0,8333.0,0.0,41.0,0.0,8270.0,7949.0
0.0,7929.0,0.0,8344.0,0.0,8345.0,0.0,8346.0,0.0,8347.0,0.0
8348.0,0.0,8349.0,0.0,8350.0,0.0,8351.0,0.0,8352.0,0.0,8353.0
0.0,8344.0,0.0,7949.0,0.0,8354.0,0.0,8354.0,0.0,8344.0,0.0
41.0,0.0,8273.0,8345.0,0.0,7949.0,0.0,8355.0,0.0,8355.0,0.0
8345.0,0.0,41.0,0.0,8275.0,8346.0,0.0,7949.0,0.0,8356.0,0.0
8356.0,0.0,8346.0,0.0,41.0,0.0,8277.0,8347.0,0.0,7949.0,0.0
8357.0,0.0,8357.0,0.0,8347.0,0.0,41.0,0.0,8279.0,8348.0,0.0
7949.0,0.0,8358.0,0.0,8358.0,0.0,8348.0,0.0,41.0,0.0,8281.0
8349.0,0.0,7949.0,0.0,8359.0,0.0,8359.0,0.0,8349.0,0.0,41.0
0.0,8283.0,8350.0,0.0,7949.0,0.0,8360.0,0.0,8360.0,0.0,8350.0
0.0,41.0,0.0,8285.0,8351.0,0.0,7949.0,0.0,8361.0,0.0,8361.0
0.0,8351.0,0.0,41.0,0.0,8287.0,8352.0,0.0,7949.0,0.0,8362.0
0.0,8362.0,0.0,8352.0,0.0,41.0,0.0,8289.0,8353.0,0.0,7949.0
0.0,8363.0,0.0,8363.0,0.0,8353.0,0.0,41.0,0.0,8291.0,7950.0
0.0,7929.0,0.0,8364.0,0.0,8365.0,0.0,8366.0,0.0,8367.0,0.0
8368.0,0.0,8369.0,0.0,8370.0,0.0,8371.0,0.0,8372.0,0.0,8373.0
0.0,8364.0,0.0,7950.0,0.0,8374.0,0.0,8374.0,0.0,8364.0,0.0
41.0,0.0,8294.0,8365.0,0.0,7950.0,0.0,8375.0,0.0,8375.0,0.0
8365.0,0.0,41.0,0.0,8296.0,8366.0,0.0,7950.0,0.0,8376.0,0.0
8376.0,0.0,8366.0,0.0,41.0,0.0,8298.0,8367.0,0.0,7950.0,0.0
8377.0,0.0,8377.0,0.0,8367.0,0.0,41.0,0.0,8300.0,8368.0,0.0
7950.0,0.0,8378.0,0.0,8378.0,0.0,8368.0,0.0,41.0,0.0,8302.0
8369.0,0.0,7950.0,0.0,8379.0,0.0,8379.0,0.0,8369.0,0.0,41.0
0.0,8304.0,8370.0,0.0,7950.0,0.0,8380.0,0.0,8380.0,0.0,8370.0
0.0,41.0,0.0,8306.0,8371.0,0.0,7950.0,0.0,8381.0,0.0,8381.0
0.0,8371.0,0.0,41.0,0.0,8308.0,8372.0,0.0,7950.0,0.0,8382.0
0.0,8382.0,0.0,8372.0,0.0,41.0,0.0,8310.0,8373.0,0.0,7950.0
0.0,8383.0,0.0,8383.0,0.0,8373.0,0.0,41.0,0.0,8312.0,7951.0
0.0,7929.0,0.0,8384.0,0.0,8385.0,0.0,8386.0,0.0,8387.0,0.0
8388.0,0.0,8389.0,0.0,8390.0,0.0,8391.0,0.0,8392.0,0.0,8393.0
0.0,8384.0,0.0,7951.0,0.0,8394.0,0.0,8394.0,0.0,8384.0,0.0
41.0,0.0,8315.0,8385.0,0.0,7951.0,0.0,8395.0,0.0,8395.0,0.0
8385.0,0.0,41.0,0.0,8317.0,8386.0,0.0,7951.0,0.0,8396.0,0.0
8396.0,0.0,8386.0,0.0,41.0,0.0,8319.0,8387.0,0.0,7951.0,0.0
8397.0,0.0,8397.0,0.0,8387.0,0.0,41.0,0.0,8321.0,8388.0,0.0
7951.0,0.0,8398.0,0.0,8398.0,0.0,8388.0,0.0,41.0,0.0,8323.0
8389.0,0.0,7951.0,0.0,8399.0,0.0,8399.0,0.0,8389.0,0.0,41.0
0.0,8325.0,8390.0,0.0,7951.0,0.0,8400.0,0.0,8400.0,0.0,8390.0
0.0,41.0,0.0,8327.0,8391.0,0.0,7951.0,0.0,8401.0,0.0,8401.0
0.0,8391.0,0.0,41.0,0.0,8329.0,8392.0,0.0,7951.0,0.0,8402.0
0.0,8402.0,0.0,8392.0,0.0,41.0,0.0,8331.0,8393.0,0.0,7951.0
0.0,8403.0,0.0,8403.0,0.0,8393.0,0.0,41.0,0.0,8333.0,7952.0
0.0,7929.0,0.0,8404.0,0.0,8405.0,0.0,8406.0,0.0,8407.0,0.0
8408.0,0.0,8409.0,0.0,8410.0,0.0,8411.0,0.0,8412.0,0.0,8413.0
0.0,8404.0,0.0,7952.0,0.0,8414.0,0.0,8414.0,0.0,8404.0,0.0
41.0,0.0,8336.0,8405.0,0.0,7952.0,0.0,8415.0,0.0,8415.0,0.0
8405.0,0.0,41.0,0.0,8338.0,8406.0,0.0,7952.0,0.0,8416.0,0.0
8416.0,0.0,8406.0,0.0,41.0,0.0,8340.0,8407.0,0.0,7952.0,0.0
8417.0,0.0,8417.0,0.0,8407.0,0.0,41.0,0.0,8342.0,8408.0,0.0
7952.0,0.0,8418.0,0.0,8418.0,0.0,8408.0,0.0,41.0,0.0,8344.0
8409.0,0.0,7952.0,0.0,8419.0,0.0,8419.0,0.0,8409.0,0.0,41.0
0.0,8346.0,8410.0,0.0,7952.0,0.0,8420.0,0.0,8420.0,0.0,8410.0
0.0,41.0,0.0,8348.0,8411.0,0.0,7952.0,0.0,8421.0,0.0,8421.0
0.0,8411.0,0.0,41.0,0.0,8350.0,8412.0,0.0,7952.0,0.0,8422.0
0.0,8422.0,0.0,8412.0,0.0,41.0,0.0,8352.0,8413.0,0.0,7952.0
0.0,8423.0,0.0,8423.0,0.0,8413.0,0.0,41.0,0.0,8354.0,7953.0
0.0,7929.0,0.0,8424.0,0.0,8425.0,0.0,8426.0,0.0,8427.0,0.0
8428.0,0.0,8429.0,0.0,8430.0,0.0,8431.0,0.0,8432.0,0.0,8433.0
0.0,8424.0,0.0,7953.0,0.0,8434.0,0.0,8434.0,0.0,8424.0,0.0
41.0,0.0,8357.0,8425.0,0.0,7953.0,0.0,8435.0,0.0,8435.0,0.0
8425.0,0.0,41.0,0.0,8359.0,8426.0,0.0,7953.0,0.0,8436.0,0.0
8436.0,0.0,8426.0,0.0,41.0,0.0,8361.0,8427.0,0.0,7953.0,0.0
8437.0,0.0,8437.0,0.0,8427.0,0.0,41.0,0.0,8363.0,8428.0,0.0
7953.0,0.0,8438.0,0.0,8438.0,0.0,8428.0,0.0,41.0,0.0,8365.0
8429.0,0.0,7953.0,0.0,8439.0,0.0,8439.0,0.0,8429.0,0.0,41.0
0.0,8367.0,8430.0,0.0,7953.0,0.0,8440.0,0.0,8440.0,0.0,8430.0
0.0,41.0,0.0,8369.0,8431.0,0.0,7953.0,0.0,8441.0,0.0,8441.0
0.0,8431.0,0.0,41.0,0.0,8371.0,8432.0,0.0,7953.0,0.0,8442.0
0.0,8442.0,0.0,8432.0,0.0,41.0,0.0,8373.0,8433.0,0.0,7953.0
0.0,8443.0,0.0,8443.0,0.0,8433.0,0.0,41.0,0.0,8375.0,7954.0
0.0,7929.0,0.0,8444.0,0.0,8445.0,0.0,8446.0,0.0,8447.0,0.0
8448.0,0.0,8449.0,0.0,8450.0,0.0,8451.0,0.0,8452.0,0.0,8453.0
0.0,8444.0,0.0,7954.0,0.0,8454.0,0.0,8454.0,0.0,8444.0,0.0
41.0,0.0,8378.0,8445.0,0.0,7954.0,0.0,8455.0,0.0,8455.0,0.0
8445.0,0.0,41.0,0.0,8380.0,8446.0,0.0,7954.0,0.0,8456.0,0.0
8456.0,0.0,8446.0,0.0,41.0,0.0,8382.0,8447.0,0.0,7954.0,0.0
8457.0,0.0,8457.0,0.0,8447.0,0.0,41.0,0.0,8384.0,8448.0,0.0
7954.0,0.0,8458.0,0.0,8458.0,0.0,8448.0,0.0,41.0,0.0,8386.0
8449.0,0.0,7954.0,0.0,8459.0,0.0,8459.0,0.0,8449.0,0.0,41.0
0.0,8388.0,8450.0,0.0,7954.0,0.0,8460.0,0.0,8460.0,0.0,8450.0
0.0,41.0,0.0,8390.0,8451.0,0.0,7954.0,0.0,8461.0,0.0,8461.0
0.0,8451.0,0.0,41.0,0.0,8392.0,8452.0,0.0,7954.0,0.0,8462.0
0.0,8462.0,0.0,8452.0,0.0,41.0,0.0,8394.0,8453.0,0.0,7954.0
0.0,8463.0,0.0,8463.0,0.0,8453.0,0.0,41.0,0.0,8396.0,7955.0
0.0,7929.0,0.0,8464.0,0.0,8465.0,0.0,8466.0,0.0,8467.0,0.0
8468.0,0.0,8469.0,0.0,8470.0,0.0,8471.0,0.0,8472.0,0.0,8473.0
0.0,8464.0,0.0,7955.0,0.0,8474.0,0.0,8474.0,0.0,8464.0,0.0
41.0,0.0,8399.0,8465.0,0.0,7955.0,0.0,8475.0,0.0,8475.0,0.0
8465.0,0.0,41.0,0.0,8401.0,8466.0,0.0,7955.0,0.0,8476.0,0.0
8476.0,0.0,8466.0,0.0,41.0,0.0,8403.0,8467.0,0.0,7955.0,0.0
8477.0,0.0,8477.0,0.0,8467.0,0.0,41.0,0.0,8405.0,8468.0,0.0
7955.0,0.0,8478.0,0.0,8478.0,0.0,8468.0,0.0,41.0,0.0,8407.0
8469.0,0.0,7955.0,0.0,8479.0,0.0,8479.0,0.0,8469.0,0.0,41.0
0.0,8409.0,8470.0,0.0,7955.0,0.0,8480.0,0.0,8480.0,0.0,8470.0
0.0,41.0,0.0,8411.0,8471.0,0.0,7955.0,0.0,8481.0,0.0,8481.0
0.0,8471.0,0.0,41.0,0.0,8413.0,8472.0,0.0,7955.0,0.0,8482.0
0.0,8482.0,0.0,8472.0,0.0,41.0,0.0,8415.0,8473.0,0.0,7955.0
0.0,8483.0,0.0,8483.0,0.0,8473.0,0.0,41.0,0.0,8417.0,7956.0
0.0,7929.0,0.0,8484.0,0.0,8485.0,0.0,8486.0,0.0,8487.0,0.0
8488.0,0.0,8489.0,0.0,8490.0,0.0,8491.0,0.0,8492.0,0.0,8493.0
0.0,8484.0,0.0,7956.0,0.0,8494.0,0.0,8494.0,0.0,8484.0,0.0
41.0,0.0,8420.0,8485.0,0.0,7956.0,0.0,8495.0,0.0,8495.0,0.0
8485.0,0.0,41.0,0.0,8422.0,8486.0,0.0,7956.0,0.0,8496.0,0.0
8496.0,0.0,8486.0,0.0,41.0,0.0,8424.0,8487.0,0.0,7956.0,0.0
8497.0,0.0,8497.0,0.0,8487.0,0.0,41.0,0.0,8426.0,8488.0,0.0
7956.0,0.0,8498.0,0.0,8498.0,0.0,8488.0,0.0,41.0,0.0,8428.0
8489.0,0.0,7956.0,0.0,8499.0,0.0,8499.0,0.0,8489.0,0.0,41.0
0.0,8430.0,8490.0,0.0,7956.0,0.0,8500.0,0.0,8500.0,0.0,8490.0
0.0,41.0,0.0,8432.0,8491.0,0.0,7956.0,0.0,8501.0,0.0,8501.0
0.0,8491.0,0.0,41.0,0.0,8434.0,8492.0,0.0,7956.0,0.0,8502.0
0.0,8502.0,0.0,8492.0,0.0,41.0,0.0,8436.0,8493.0,0.0,7956.0
0.0,8503.0,0.0,8503.0,0.0,8493.0,0.0,41.0,0.0,8438.0,7957.0
0.0,7929.0,0.0,8504.0,0.0,8505.0,0.0,8506.0,0.0,8507.0,0.0
8508.0,0.0,8509.0,0.0,8510.0,0.0,8511.0,0.0,8512.0,0.0,8513.0
0.0,8504.0,0.0,7957.0,0.0,8514.0,0.0,8514.0,0.0,8504.0,0.0
41.0,0.0,8441.0,8505.0,0.0,7957.0,0.0,8515.0,0.0,8515.0,0.0
8505.0,0.0,41.0,0.0,8443.0,8506.0,0.0,7957.0,0.0,8516.0,0.0
8516.0,0.0,8506.0,0.0,41.0,0.0,8445.0,8507.0,0.0,7957.0,0.0
8517.0,0.0,8517.0,0.0,8507.0,0.0,41.0,0.0,8447.0,8508.0,0.0
7957.0,0.0,8518.0,0.0,8518.0,0.0,8508.0,0.0,41.0,0.0,8449.0
8509.0,0.0,7957.0,0.0,8519.0,0.0,8519.0,0.0,8509.0,0.0,41.0
0.0,8451.0,8510.0,0.0,7957.0,0.0,8520.0,0.0,8520.0,0.0,8510.0
0.0,41.0,0.0,8453.0,8511.0,0.0,7957.0,0.0,8521.0,0.0,8521.0
0.0,8511.0,0.0,41.0,0.0,8455.0,8512.0,0.0,7957.0,0.0,8522.0
0.0,8522.0,0.0,8512.0,0.0,41.0,0.0,8457.0,8513.0,0.0,7957.0
0.0,8523.0,0.0,8523.0,0.0,8513.0,0.0,41.0,0.0,8459.0,7958.0
0.0,7929.0,0.0,8524.0,0.0,8525.0,0.0,8526.0,0.0,8527.0,0.0
8528.0,0.0,8529.0,0.0,8530.0,0.0,8531.0,0.0,8532.0,0.0,8533.0
0.0,8524.0,0.0,7958.0,0.0,8534.0,0.0,8534.0,0.0,8524.0,0.0
41.0,0.0,8462.0,8525.0,0.0,7958.0,0.0,8535.0,0.0,8535.0,0.0
8525.0,0.0,41.0,0.0,8464.0,8526.0,0.0,7958.0,0.0,8536.0,0.0
8536.0,0.0,8526.0,0.0,41.0,0.0,8466.0,8527.0,0.0,7958.0,0.0
8537.0,0.0,8537.0,0.0,8527.0,0.0,41.0,0.0,8468.0,8528.0,0.0
7958.0,0.0,8538.0,0.0,8538.0,0.0,8528.0,0.0,41.0,0.0,8470.0
8529.0,0.0,7958.0,0.0,8539.0,0.0,8539.0,0.0,8529.0,0.0,41.0
0.0,8472.0,8530.0,0.0,7958.0,0.0,8540.0,0.0,8540.0,0.0,8530.0
0.0,41.0,0.0,8474.0,8531.0,0.0,7958.0,0.0,8541.0,0.0,8541.0
0.0,8531.0,0.0,41.0,0.0,8476.0,8532.0,0.0,7958.0,0.0,8542.0
0.0,8542.0,0.0,8532.0,0.0,41.0,0.0,8478.0,8533.0,0.0,7958.0
0.0,8543.0,0.0,8543.0,0.0,8533.0,0.0,41.0,0.0,8480.0,7959.0
0.0,7929.0,0.0,8544.0,0.0,8545.0,0.0,8546.0,0.0,8547.0,0.0
8548.0,0.0,8549.0,0.0,8550.0,0.0,8551.0,0.0,8552.0,0.0,8553.0
0.0,8544.0,0.0,7959.0,0.0,8554.0,0.0,8554.0,0.0,8544.0,0.0
41.0,0.0,8483.0,8545.0,0.0,7959.0,0.0,8555.0,0.0,8555.0,0.0
8545.0,0.0,41.0,0.0,8485.0,8546.0,0.0,7959.0,0.0,8556.0,0.0
8556.0,0.0,8546.0,0.0,41.0,0.0,8487.0,8547.0,0.0,7959.0,0.0
8557.0,0.0,8557.0,0.0,8547.0,0.0,41.0,0.0,8489.0,8548.0,0.0
7959.0,0.0,8558.0,0.0,8558.0,0.0,8548.0,0.0,41.0,0.0,8491.0
8549.0,0.0,7959.0,0.0,8559.0,0.0,8559.0,0.0,8549.0,0.0,41.0
0.0,8493.0,8550.0,0.0,7959.0,0.0,8560.0,0.0,8560.0,0.0,8550.0
0.0,41.0,0.0,8495.0,8551.0,0.0,7959.0,0.0,8561.0,0.0,8561.0
0.0,8551.0,0.0,41.0,0.0,8497.0,8552.0,0.0,7959.0,0.0,8562.0
0.0,8562.0,0.0,8552.0,0.0,41.0,0.0,8499.0,8553.0,0.0,7959.0
0.0,8563.0,0.0,8563.0,0.0,8553.0,0.0,41.0,0.0,8501.0,7960.0
0.0,7929.0,0.0,8564.0,0.0,8565.0,0.0,8566.0,0.0,8567.0,0.0
8568.0,0.0,8569.0,0.0,8570.0,0.0,8571.0,0.0,8572.0,0.0,8573.0
0.0,8564.0,0.0,7960.0,0.0,8574.0,0.0,8574.0,0.0,8564.0,0.0
41.0,0.0,8504.0,8565.0,0.0,7960.0,0.0,8575.0,0.0,8575.0,0.0
8565.0,0.0,41.0,0.0,8506.0,8566.0,0.0,7960.0,0.0,8576.0,0.0
8576.0,0.0,8566.0,0.0,41.0,0.0,8508.0,8567.0,0.0,7960.0,0.0
8577.0,0.0,8577.0,0.0,8567.0,0.0,41.0,0.0,8510.0,8568.0,0.0
7960.0,0.0,8578.0,0.0,8578.0,0.0,8568.0,0.0,41.0,0.0,8512.0
8569.0,0.0,7960.0,0.0,8579.0,0.0,8579.0,0.0,8569.0,0.0,41.0
0.0,8514.0,8570.0,0.0,7960.0,0.0,8580.0,0.0,8580.0,0.0,8570.0
0.0,41.0,0.0,8516.0,8571.0,0.0,7960.0,0.0,8581.0,0.0,8581.0
0.0,8571.0,0.0,41.0,0.0,8518.0,8572.0,0.0,7960.0,0.0,8582.0
0.0,8582.0,0.0,8572.0,0.0,41.0,0.0,8520.0,8573.0,0.0,7960.0
0.0,8583.0,0.0,8583.0,0.0,8573.0,0.0,41.0,0.0,8522.0,7961.0
0.0,7929.0,0.0,8584.0,0.0,8585.0,0.0,8586.0,0.0,8587.0,0.0
8588.0,0.0,8589.0,0.0,8590.0,0.0,8591.0,0.0,8592.0,0.0,8593.0
0.0,8584.0,0.0,7961.0,0.0,8594.0,0.0,8594.0,0.0,8584.0,0.0
41.0,0.0,8525.0,8585.0,0.0,7961.0,0.0,8595.0,0.0,8595.0,0.0
8585.0,0.0,41.0,0.0,8527.0,8586.0,0.0,7961.0,0.0,8596.0,0.0
8596.0,0.0,8586.0,0.0,41.0,0.0,8529.0,8587.0,0.0,7961.0,0.0
8597.0,0.0,8597.0,0.0,8587.0,0.0,41.0,0.0,8531.0,8588.0,0.0
7961.0,0.0,8598.0,0.0,8598.0,0.0,8588.0,0.0,41.0,0.0,8533.0
8589.0,0.0,7961.0,0.0,8599.0,0.0,8599.0,0.0,8589.0,0.0,41.0
0.0,8535.0,8590.0,0.0,7961.0,0.0,8600.0,0.0,8600.0,0.0,8590.0
0.0,41.0,0.0,8537.0,8591.0,0.0,7961.0,0.0,8601.0,0.0,8601.0
0.0,8591.0,0.0,41.0,0.0,8539.0,8592.0,0.0,7961.0,0.0,8602.0
0.0,8602.0,0.0,8592.0,0.0,41.0,0.0,8541.0,8593.0,0.0,7961.0
0.0,8603.0,0.0,8603.0,0.0,8593.0,0.0,41.0,0.0,8543.0,7962.0
0.0,7929.0,0.0,8604.0,0.0,8605.0,0.0,8606.0,0.0,8607.0,0.0
8608.0,0.0,8609.0,0.0,8610.0,0.0,8611.0,0.0,8612.0,0.0,8613.0
0.0,8604.0,0.0,7962.0,0.0,8614.0,0.0,8614.0,0.0,8604.0,0.0
41.0,0.0,8546.0,8605.0,0.0,7962.0,0.0,8615.0,0.0,8615.0,0.0
8605.0,0.0,41.0,0.0,8548.0,8606.0,0.0,7962.0,0.0,8616.0,0.0
8616.0,0.0,8606.0,0.0,41.0,0.0,8550.0,8607.0,0.0,7962.0,0.0
8617.0,0.0,8617.0,0.0,8607.0,0.0,41.0,0.0,8552.0,8608.0,0.0
7962.0,0.0,8618.0,0.0,8618.0,0.0,8608.0,0.0,41.0,0.0,8554.0
8609.0,0.0,7962.0,0.0,8619.0,0.0,8619.0,0.0,8609.0,0.0,41.0
0.0,8556.0,8610.0,0.0,7962.0,0.0,8620.0,0.0,8620.0,0.0,8610.0
0.0,41.0,0.0,8558.0,8611.0,0.0,7962.0,0.0,8621.0,0.0,8621.0
0.0,8611.0,0.0,41.0,0.0,8560.0,8612.0,0.0,7962.0,0.0,8622.0
0.0,8622.0,0.0,8612.0,0.0,41.0,0.0,8562.0,8613.0,0.0,7962.0
0.0,8623.0,0.0,8623.0,0.0,8613.0,0.0,41.0,0.0,8564.0,7963.0
0.0,7929.0,0.0,8624.0,0.0,8625.0,0.0,8626.0,0.0,8627.0,0.0
8628.0,0.0,8629.0,0.0,8630.0,0.0,8631.0,0.0,8632.0,0.0,8633.0
0.0,8624.0,0.0,7963.0,0.0,8634.0,0.0,8634.0,0.0,8624.0,0.0
41.0,0.0,8567.0,8625.0,0.0,7963.0,0.0,8635.0,0.0,8635.0,0.0
8625.0,0.0,41.0,0.0,8569.0,8626.0,0.0,7963.0,0.0,8636.0,0.0
8636.0,0.0,8626.0,0.0,41.0,0.0,8571.0,8627.0,0.0,7963.0,0.0
8637.0,0.0,8637.0,0.0,8627.0,0.0,41.0,0.0,8573.0,8628.0,0.0
7963.0,0.0,8638.0,0.0,8638.0,0.0,8628.0,0.0,41.0,0.0,8575.0
8629.0,0.0,7963.0,0.0,8639.0,0.0,8639.0,0.0,8629.0,0.0,41.0
0.0,8577.0,8630.0,0.0,7963.0,0.0,8640.0,0.0,8640.0,0.0,8630.0
0.0,41.0,0.0,8579.0,8631.0,0.0,7963.0,0.0,8641.0,0.0,8641.0
0.0,8631.0,0.0,41.0,0.0,8581.0,8632.0,0.0,7963.0,0.0,8642.0
0.0,8642.0,0.0,8632.0,0.0,41.0,0.0,8583.0,8633.0,0.0,7963.0
0.0,8643.0,0.0,8643.0,0.0,8633.0,0.0,41.0,0.0,8585.0,77.0
0.0,50.0,0.0,41.0,0.0,8586.0,78.0,0.0,50.0,0.0,8644.0
0.0,8644.0,0.0,78.0,0.0,8645.0,0.0,8646.0,0.0,8647.0,0.0
8648.0,0.0,8649.0,0.0,8650.0,0.0,8651.0,0.0,8652.0,0.0,8653.0
0.0,8654.0,0.0,8655.0,0.0,8656.0,0.0,8657.0,0.0,8658.0,0.0
8659.0,0.0,8660.0,0.0,8661.0,0.0,8662.0,0.0,8663.0,0.0,8664.0
0.0,8665.0,0.0,8666.0,0.0,8667.0,0.0,8668.0,0.0,8669.0,0.0
8670.0,0.0,8671.0,0.0,8672.0,0.0,8673.0,0.0,8674.0,0.0,8675.0
0.0,8676.0,0.0,8677.0,0.0,8678.0,0.0,8645.0,0.0,8644.0,0.0
8679.0,0.0,8680.0,0.0,8681.0,0.0,8682.0,0.0,8683.0,0.0,8684.0
0.0,8685.0,0.0,8686.0,0.0,8687.0,0.0,8688.0,0.0,8679.0,0.0
8645.0,0.0,8689.0,0.0,8689.0,0.0,8679.0,0.0,44.0,0.0,8591.0
8680.0,0.0,8645.0,0.0,8690.0,0.0,8690.0,0.0,8680.0,0.0,44.0
0.0,8593.0,8681.0,0.0,8645.0,0.0,8691.0,0.0,8691.0,0.0,8681.0
0.0,44.0,0.0,8595.0,8682.0,0.0,8645.0,0.0,8692.0,0.0,8692.0
0.0,8682.0,0.0,44.0,0.0,8597.0,8683.0,0.0,8645.0,0.0,8693.0
0.0,8693.0,0.0,8683.0,0.0,44.0,0.0,8599.0,8684.0,0.0,8645.0
0.0,8694.0,0.0,8694.0,0.0,8684.0,0.0,44.0,0.0,8601.0,8685.0
0.0,8645.0,0.0,8695.0,0.0,8695.0,0.0,8685.0,0.0,44.0,0.0
8603.0,8686.0,0.0,8645.0,0.0,8696.0,0.0,8696.0,0.0,8686.0,0.0
44.0,0.0,8605.0,8687.0,0.0,8645.0,0.0,8697.0,0.0,8697.0,0.0
8687.0,0.0,44.0,0.0,8607.0,8688.0,0.0,8645.0,0.0,8698.0,0.0
8698.0,0.0,8688.0,0.0,44.0,0.0,8609.0,8646.0,0.0,8644.0,0.0
8699.0,0.0,8700.0,0.0,8701.0,0.0,8702.0,0.0,8703.0,0.0,8704.0
0.0,8705.0,0.0,8706.0,0.0,8707.0,0.0,8708.0,0.0,8699.0,0.0
8646.0,0.0,8709.0,0.0,8709.0,0.0,8699.0,0.0,44.0,0.0,8612.0
8700.0,0.0,8646.0,0.0,8710.0,0.0,8710.0,0.0,8700.0,0.0,44.0
0.0,8614.0,8701.0,0.0,8646.0,0.0,8711.0,0.0,8711.0,0.0,8701.0
0.0,44.0,0.0,8616.0,8702.0,0.0,8646.0,0.0,8712.0,0.0,8712.0
0.0,8702.0,0.0,44.0,0.0,8618.0,8703.0,0.0,8646.0,0.0,8713.0
0.0,8713.0,0.0,8703.0,0.0,44.0,0.0,8620.0,8704.0,0.0,8646.0
0.0,8714.0,0.0,8714.0,0.0,8704.0,0.0,44.0,0.0,8622.0,8705.0
0.0,8646.0,0.0,8715.0,0.0,8715.0,0.0,8705.0,0.0,44.0,0.0
8624.0,8706.0,0.0,8646.0,0.0,8716.0,0.0,8716.0,0.0,8706.0,0.0
44.0,0.0,8626.0,8707.0,0.0,8646.0,0.0,8717.0,0.0,8717.0,0.0
8707.0,0.0,44.0,0.0,8628.0,8708.0,0.0,8646.0,0.0,8718.0,0.0
8718.0,0.0,8708.0,0.0,44.0,0.0,8630.0,8647.0,0.0,8644.0,0.0
8719.0,0.0,8720.0,0.0,8721.0,0.0,8722.0,0.0,8723.0,0.0,8724.0
0.0,8725.0,0.0,8726.0,0.0,8727.0,0.0,8728.0,0.0,8719.0,0.0
8647.0,0.0,8729.0,0.0,8729.0,0.0,8719.0,0.0,44.0,0.0,8633.0
8720.0,0.0,8647.0,0.0,8730.0,0.0,8730.0,0.0,8720.0,0.0,44.0
0.0,8635.0,8721.0,0.0,8647.0,0.0,8731.0,0.0,8731.0,0.0,8721.0
0.0,44.0,0.0,8637.0,8722.0,0.0,8647.0,0.0,8732.0,0.0,8732.0
0.0,8722.0,0.0,44.0,0.0,8639.0,8723.0,0.0,8647.0,0.0,8733.0
0.0,8733.0,0.0,8723.0,0.0,44.0,0.0,8641.0,8724.0,0.0,8647.0
0.0,8734.0,0.0,8734.0,0.0,8724.0,0.0,44.0,0.0,8643.0,8725.0
0.0,8647.0,0.0,8735.0,0.0,8735.0,0.0,8725.0,0.0,44.0,0.0
8645.0,8726.0,0.0,8647.0,0.0,8736.0,0.0,8736.0,0.0,8726.0,0.0
44.0,0.0,8647.0,8727.0,0.0,8647.0,0.0,8737.0,0.0,8737.0,0.0
8727.0,0.0,44.0,0.0,8649.0,8728.0,0.0,8647.0,0.0,8738.0,0.0
8738.0,0.0,8728.0,0.0,44.0,0.0,8651.0,8648.0,0.0,8644.0,0.0
8739.0,0.0,8740.0,0.0,8741.0,0.0,8742.0,0.0,8743.0,0.0,8744.0
0.0,8745.0,0.0,8746.0,0.0,8747.0,0.0,8748.0,0.0,8739.0,0.0
8648.0,0.0,8749.0,0.0,8749.0,0.0,8739.0,0.0,44.0,0.0,8654.0
8740.0,0.0,8648.0,0.0,8750.0,0.0,8750.0,0.0,8740.0,0.0,44.0
0.0,8656.0,8741.0,0.0,8648.0,0.0,8751.0,0.0,8751.0,0.0,8741.0
0.0,44.0,0.0,8658.0,8742.0,0.0,8648.0,0.0,8752.0,0.0,8752.0
0.0,8742.0,0.0,44.0,0.0,8660.0,8743.0,0.0,8648.0,0.0,8753.0
0.0,8753.0,0.0,8743.0,0.0,44.0,0.0,8662.0,8744.0,0.0,8648.0
0.0,8754.0,0.0,8754.0,0.0,8744.0,0.0,44.0,0.0,8664.0,8745.0
0.0,8648.0,0.0,8755.0,0.0,8755.0,0.0,8745.0,0.0,44.0,0.0
8666.0,8746.0,0.0,8648.0,0.0,8756.0,0.0,8756.0,0.0,8746.0,0.0
44.0,0.0,8668.0,8747.0,0.0,8648.0,0.0,8757.0,0.0,8757.0,0.0
8747.0,0.0,44.0,0.0,8670.0,8748.0,0.0,8648.0,0.0,8758.0,0.0
8758.0,0.0,8748.0,0.0,44.0,0.0,8672.0,8649.0,0.0,8644.0,0.0
8759.0,0.0,8760.0,0.0,8761.0,0.0,8762.0,0.0,8763.0,0.0,8764.0
0.0,8765.0,0.0,8766.0,0.0,8767.0,0.0,8768.0,0.0,8759.0,0.0
8649.0,0.0,8769.0,0.0,8769.0,0.0,8759.0,0.0,44.0,0.0,8675.0
8760.0,0.0,8649.0,0.0,8770.0,0.0,8770.0,0.0,8760.0,0.0,44.0
0.0,8677.0,8761.0,0.0,8649.0,0.0,8771.0,0.0,8771.0,0.0,8761.0
0.0,44.0,0.0,8679.0,8762.0,0.0,8649.0,0.0,8772.0,0.0,8772.0
0.0,8762.0,0.0,44.0,0.0,8681.0,8763.0,0.0,8649.0,0.0,8773.0
0.0,8773.0,0.0,8763.0,0.0,44.0,0.0,8683.0,8764.0,0.0,8649.0
0.0,8774.0,0.0,8774.0,0.0,8764.0,0.0,44.0,0.0,8685.0,8765.0
0.0,8649.0,0.0,8775.0,0.0,8775.0,0.0,8765.0,0.0,44.0,0.0
8687.0,8766.0,0.0,8649.0,0.0,8776.0,0.0,8776.0,0.0,8766.0,0.0
44.0,0.0,8689.0,8767.0,0.0,8649.0,0.0,8777.0,0.0,8777.0,0.0
8767.0,0.0,44.0,0.0,8691.0,8768.0,0.0,8649.0,0.0,8778.0,0.0
8778.0,0.0,8768.0,0.0,44.0,0.0,8693.0,8650.0,0.0,8644.0,0.0
8779.0,0.0,8780.0,0.0,8781.0,0.0,8782.0,0.0,8783.0,0.0,8784.0
0.0,8785.0,0.0,8786.0,0.0,8787.0,0.0,8788.0,0.0,8779.0,0.0
8650.0,0.0,8789.0,0.0,8789.0,0.0,8779.0,0.0,44.0,0.0,8696.0
8780.0,0.0,8650.0,0.0,8790.0,0.0,8790.0,0.0,8780.0,0.0,44.0
0.0,8698.0,8781.0,0.0,8650.0,0.0,8791.0,0.0,8791.0,0.0,8781.0
0.0,44.0,0.0,8700.0,8782.0,0.0,8650.0,0.0,8792.0,0.0,8792.0
0.0,8782.0,0.0,44.0,0.0,8702.0,8783.0,0.0,8650.0,0.0,8793.0
0.0,8793.0,0.0,8783.0,0.0,44.0,0.0,8704.0,8784.0,0.0,8650.0
0.0,8794.0,0.0,8794.0,0.0,8784.0,0.0,44.0,0.0,8706.0,8785.0
0.0,8650.0,0.0,8795.0,0.0,8795.0,0.0,8785.0,0.0,44.0,0.0
8708.0,8786.0,0.0,8650.0,0.0,8796.0,0.0,8796.0,0.0,8786.0,0.0
44.0,0.0,8710.0,8787.0,0.0,8650.0,0.0,8797.0,0.0,8797.0,0.0
8787.0,0.0,44.0,0.0,8712.0,8788.0,0.0,8650.0,0.0,8798.0,0.0
8798.0,0.0,8788.0,0.0,44.0,0.0,8714.0,8651.0,0.0,8644.0,0.0
8799.0,0.0,8800.0,0.0,8801.0,0.0,8802.0,0.0,8803.0,0.0,8804.0
0.0,8805.0,0.0,8806.0,0.0,8807.0,0.0,8808.0,0.0,8799.0,0.0
8651.0,0.0,8809.0,0.0,8809.0,0.0,8799.0,0.0,44.0,0.0,8717.0
8800.0,0.0,8651.0,0.0,8810.0,0.0,8810.0,0.0,8800.0,0.0,44.0
0.0,8719.0,8801.0,0.0,8651.0,0.0,8811.0,0.0,8811.0,0.0,8801.0
0.0,44.0,0.0,8721.0,8802.0,0.0,8651.0,0.0,8812.0,0.0,8812.0
0.0,8802.0,0.0,44.0,0.0,8723.0,8803.0,0.0,8651.0,0.0,8813.0
0.0,8813.0,0.0,8803.0,0.0,44.0,0.0,8725.0,8804.0,0.0,8651.0
0.0,8814.0,0.0,8814.0,0.0,8804.0,0.0,44.0,0.0,8727.0,8805.0
0.0,8651.0,0.0,8815.0,0.0,8815.0,0.0,8805.0,0.0,44.0,0.0
8729.0,8806.0,0.0,8651.0,0.0,8816.0,0.0,8816.0,0.0,8806.0,0.0
44.0,0.0,8731.0,8807.0,0.0,8651.0,0.0,8817.0,0.0,8817.0,0.0
8807.0,0.0,44.0,0.0,8733.0,8808.0,0.0,8651.0,0.0,8818.0,0.0
8818.0,0.0,8808.0,0.0,44.0,0.0,8735.0,8652.0,0.0,8644.0,0.0
8819.0,0.0,8820.0,0.0,8821.0,0.0,8822.0,0.0,8823.0,0.0,8824.0
0.0,8825.0,0.0,8826.0,0.0,8827.0,0.0,8828.0,0.0,8819.0,0.0
8652.0,0.0,8829.0,0.0,8829.0,0.0,8819.0,0.0,44.0,0.0,8738.0
8820.0,0.0,8652.0,0.0,8830.0,0.0,8830.0,0.0,8820.0,0.0,44.0
0.0,8740.0,8821.0,0.0,8652.0,0.0,8831.0,0.0,8831.0,0.0,8821.0
0.0,44.0,0.0,8742.0,8822.0,0.0,8652.0,0.0,8832.0,0.0,8832.0
0.0,8822.0,0.0,44.0,0.0,8744.0,8823.0,0.0,8652.0,0.0,8833.0
0.0,8833.0,0.0,8823.0,0.0,44.0,0.0,8746.0,8824.0,0.0,8652.0
0.0,8834.0,0.0,8834.0,0.0,8824.0,0.0,44.0,0.0,8748.0,8825.0
0.0,8652.0,0.0,8835.0,0.0,8835.0,0.0,8825.0,0.0,44.0,0.0
8750.0,8826.0,0.0,8652.0,0.0,8836.0,0.0,8836.0,0.0,8826.0,0.0
44.0,0.0,8752.0,8827.0,0.0,8652.0,0.0,8837.0,0.0,8837.0,0.0
8827.0,0.0,44.0,0.0,8754.0,8828.0,0.0,8652.0,0.0,8838.0,0.0
8838.0,0.0,8828.0,0.0,44.0,0.0,8756.0,8653.0,0.0,8644.0,0.0
8839.0,0.0,8840.0,0.0,8841.0,0.0,8842.0,0.0,8843.0,0.0,8844.0
0.0,8845.0,0.0,8846.0,0.0,8847.0,0.0,8848.0,0.0,8839.0,0.0
8653.0,0.0,8849.0,0.0,8849.0,0.0,8839.0,0.0,44.0,0.0,8759.0
8840.0,0.0,8653.0,0.0,8850.0,0.0,8850.0,0.0,8840.0,0.0,44.0
0.0,8761.0,8841.0,0.0,8653.0,0.0,8851.0,0.0,8851.0,0.0,8841.0
0.0,44.0,0.0,8763.0,8842.0,0.0,8653.0,0.0,8852.0,0.0,8852.0
0.0,8842.0,0.0,44.0,0.0,8765.0,8843.0,0.0,8653.0,0.0,8853.0
0.0,8853.0,0.0,8843.0,0.0,44.0,0.0,8767.0,8844.0,0.0,8653.0
0.0,8854.0,0.0,8854.0,0.0,8844.0,0.0,44.0,0.0,8769.0,8845.0
0.0,8653.0,0.0,8855.0,0.0,8855.0,0.0,8845.0,0.0,44.0,0.0
8771.0,8846.0,0.0,8653.0,0.0,8856.0,0.0,8856.0,0.0,8846.0,0.0
44.0,0.0,8773.0,8847.0,0.0,8653.0,0.0,8857.0,0.0,8857.0,0.0
8847.0,0.0,44.0,0.0,8775.0,8848.0,0.0,8653.0,0.0,8858.0,0.0
8858.0,0.0,8848.0,0.0,44.0,0.0,8777.0,8654.0,0.0,8644.0,0.0
8859.0,0.0,8860.0,0.0,8861.0,0.0,8862.0,0.0,8863.0,0.0,8864.0
0.0,8865.0,0.0,8866.0,0.0,8867.0,0.0,8868.0,0.0,8859.0,0.0
8654.0,0.0,8869.0,0.0,8869.0,0.0,8859.0,0.0,44.0,0.0,8780.0
8860.0,0.0,8654.0,0.0,8870.0,0.0,8870.0,0.0,8860.0,0.0,44.0
0.0,8782.0,8861.0,0.0,8654.0,0.0,8871.0,0.0,8871.0,0.0,8861.0
0.0,44.0,0.0,8784.0,8862.0,0.0,8654.0,0.0,8872.0,0.0,8872.0
0.0,8862.0,0.0,44.0,0.0,8786.0,8863.0,0.0,8654.0,0.0,8873.0
0.0,8873.0,0.0,8863.0,0.0,44.0,0.0,8788.0,8864.0,0.0,8654.0
0.0,8874.0,0.0,8874.0,0.0,8864.0,0.0,44.0,0.0,8790.0,8865.0
0.0,8654.0,0.0,8875.0,0.0,8875.0,0.0,8865.0,0.0,44.0,0.0
8792.0,8866.0,0.0,8654.0,0.0,8876.0,0.0,8876.0,0.0,8866.0,0.0
44.0,0.0,8794.0,8867.0,0.0,8654.0,0.0,8877.0,0.0,8877.0,0.0
8867.0,0.0,44.0,0.0,8796.0,8868.0,0.0,8654.0,0.0,8878.0,0.0
8878.0,0.0,8868.0,0.0,44.0,0.0,8798.0,8655.0,0.0,8644.0,0.0
8879.0,0.0,8880.0,0.0,8881.0,0.0,8882.0,0.0,8883.0,0.0,8884.0
0.0,8885.0,0.0,8886.0,0.0,8887.0,0.0,8888.0,0.0,8879.0,0.0
8655.0,0.0,8889.0,0.0,8889.0,0.0,8879.0,0.0,44.0,0.0,8801.0
8880.0,0.0,8655.0,0.0,8890.0,0.0,8890.0,0.0,8880.0,0.0,44.0
0.0,8803.0,8881.0,0.0,8655.0,0.0,8891.0,0.0,8891.0,0.0,8881.0
0.0,44.0,0.0,8805.0,8882.0,0.0,8655.0,0.0,8892.0,0.0,8892.0
0.0,8882.0,0.0,44.0,0.0,8807.0,8883.0,0.0,8655.0,0.0,8893.0
0.0,8893.0,0.0,8883.0,0.0,44.0,0.0,8809.0,8884.0,0.0,8655.0
0.0,8894.0,0.0,8894.0,0.0,8884.0,0.0,44.0,0.0,8811.0,8885.0
0.0,8655.0,0.0,8895.0,0.0,8895.0,0.0,8885.0,0.0,44.0,0.0
8813.0,8886.0,0.0,8655.0,0.0,8896.0,0.0,8896.0,0.0,8886.0,0.0
44.0,0.0,8815.0,8887.0,0.0,8655.0,0.0,8897.0,0.0,8897.0,0.0
8887.0,0.0,44.0,0.0,8817.0,8888.0,0.0,8655.0,0.0,8898.0,0.0
8898.0,0.0,8888.0,0.0,44.0,0.0,8819.0,8656.0,0.0,8644.0,0.0
8899.0,0.0,8900.0,0.0,8901.0,0.0,8902.0,0.0,8903.0,0.0,8904.0
0.0,8905.0,0.0,8906.0,0.0,8907.0,0.0,8908.0,0.0,8899.0,0.0
8656.0,0.0,8909.0,0.0,8909.0,0.0,8899.0,0.0,44.0,0.0,8822.0
8900.0,0.0,8656.0,0.0,8910.0,0.0,8910.0,0.0,8900.0,0.0,44.0
0.0,8824.0,8901.0,0.0,8656.0,0.0,8911.0,0.0,8911.0,0.0,8901.0
0.0,44.0,0.0,8826.0,8902.0,0.0,8656.0,0.0,8912.0,0.0,8912.0
0.0,8902.0,0.0,44.0,0.0,8828.0,8903.0,0.0,8656.0,0.0,8913.0
0.0,8913.0,0.0,8903.0,0.0,44.0,0.0,8830.0,8904.0,0.0,8656.0
0.0,8914.0,0.0,8914.0,0.0,8904.0,0.0,44.0,0.0,8832.0,8905.0
0.0,8656.0,0.0,8915.0,0.0,8915.0,0.0,8905.0,0.0,44.0,0.0
8834.0,8906.0,0.0,8656.0,0.0,8916.0,0.0,8916.0,0.0,8906.0,0.0
44.0,0.0,8836.0,8907.0,0.0,8656.0,0.0,8917.0,0.0,8917.0,0.0
8907.0,0.0,44.0,0.0,8838.0,8908.0,0.0,8656.0,0.0,8918.0,0.0
8918.0,0.0,8908.0,0.0,44.0,0.0,8840.0,8657.0,0.0,8644.0,0.0
8919.0,0.0,8920.0,0.0,8921.0,0.0,8922.0,0.0,8923.0,0.0,8924.0
0.0,8925.0,0.0,8926.0,0.0,8927.0,0.0,8928.0,0.0,8919.0,0.0
8657.0,0.0,8929.0,0.0,8929.0,0.0,8919.0,0.0,44.0,0.0,8843.0
8920.0,0.0,8657.0,0.0,8930.0,0.0,8930.0,0.0,8920.0,0.0,44.0
0.0,8845.0,8921.0,0.0,8657.0,0.0,8931.0,0.0,8931.0,0.0,8921.0
0.0,44.0,0.0,8847.0,8922.0,0.0,8657.0,0.0,8932.0,0.0,8932.0
0.0,8922.0,0.0,44.0,0.0,8849.0,8923.0,0.0,8657.0,0.0,8933.0
0.0,8933.0,0.0,8923.0,0.0,44.0,0.0,8851.0,8924.0,0.0,8657.0
0.0,8934.0,0.0,8934.0,0.0,8924.0,0.0,44.0,0.0,8853.0,8925.0
0.0,8657.0,0.0,8935.0,0.0,8935.0,0.0,8925.0,0.0,44.0,0.0
8855.0,8926.0,0.0,8657.0,0.0,8936.0,0.0,8936.0,0.0,8926.0,0.0
44.0,0.0,8857.0,8927.0,0.0,8657.0,0.0,8937.0,0.0,8937.0,0.0
8927.0,0.0,44.0,0.0,8859.0,8928.0,0.0,8657.0,0.0,8938.0,0.0
8938.0,0.0,8928.0,0.0,44.0,0.0,8861.0,8658.0,0.0,8644.0,0.0
8939.0,0.0,8940.0,0.0,8941.0,0.0,8942.0,0.0,8943.0,0.0,8944.0
0.0,8945.0,0.0,8946.0,0.0,8947.0,0.0,8948.0,0.0,8939.0,0.0
8658.0,0.0,8949.0,0.0,8949.0,0.0,8939.0,0.0,44.0,0.0,8864.0
8940.0,0.0,8658.0,0.0,8950.0,0.0,8950.0,0.0,8940.0,0.0,44.0
0.0,8866.0,8941.0,0.0,8658.0,0.0,8951.0,0.0,8951.0,0.0,8941.0
0.0,44.0,0.0,8868.0,8942.0,0.0,8658.0,0.0,8952.0,0.0,8952.0
0.0,8942.0,0.0,44.0,0.0,8870.0,8943.0,0.0,8658.0,0.0,8953.0
0.0,8953.0,0.0,8943.0,0.0,44.0,0.0,8872.0,8944.0,0.0,8658.0
0.0,8954.0,0.0,8954.0,0.0,8944.0,0.0,44.0,0.0,8874.0,8945.0
0.0,8658.0,0.0,8955.0,0.0,8955.0,0.0,8945.0,0.0,44.0,0.0
8876.0,8946.0,0.0,8658.0,0.0,8956.0,0.0,8956.0,0.0,8946.0,0.0
44.0,0.0,8878.0,8947.0,0.0,8658.0,0.0,8957.0,0.0,8957.0,0.0
8947.0,0.0,44.0,0.0,8880.0,8948.0,0.0,8658.0,0.0,8958.0,0.0
8958.0,0.0,8948.0,0.0,44.0,0.0,8882.0,8659.0,0.0,8644.0,0.0
8959.0,0.0,8960.0,0.0,8961.0,0.0,8962.0,0.0,8963.0,0.0,8964.0
0.0,8965.0,0.0,8966.0,0.0,8967.0,0.0,8968.0,0.0,8959.0,0.0
8659.0,0.0,8969.0,0.0,8969.0,0.0,8959.0,0.0,44.0,0.0,8885.0
8960.0,0.0,8659.0,0.0,8970.0,0.0,8970.0,0.0,8960.0,0.0,44.0
0.0,8887.0,8961.0,0.0,8659.0,0.0,8971.0,0.0,8971.0,0.0,8961.0
0.0,44.0,0.0,8889.0,8962.0,0.0,8659.0,0.0,8972.0,0.0,8972.0
0.0,8962.0,0.0,44.0,0.0,8891.0,8963.0,0.0,8659.0,0.0,8973.0
0.0,8973.0,0.0,8963.0,0.0,44.0,0.0,8893.0,8964.0,0.0,8659.0
0.0,8974.0,0.0,8974.0,0.0,8964.0,0.0,44.0,0.0,8895.0,8965.0
0.0,8659.0,0.0,8975.0,0.0,8975.0,0.0,8965.0,0.0,44.0,0.0
8897.0,8966.0,0.0,8659.0,0.0,8976.0,0.0,8976.0,0.0,8966.0,0.0
44.0,0.0,8899.0,8967.0,0.0,8659.0,0.0,8977.0,0.0,8977.0,0.0
8967.0,0.0,44.0,0.0,8901.0,8968.0,0.0,8659.0,0.0,8978.0,0.0
8978.0,0.0,8968.0,0.0,44.0,0.0,8903.0,8660.0,0.0,8644.0,0.0
8979.0,0.0,8980.0,0.0,8981.0,0.0,8982.0,0.0,8983.0,0.0,8984.0
0.0,8985.0,0.0,8986.0,0.0,8987.0,0.0,8988.0,0.0,8979.0,0.0
8660.0,0.0,8989.0,0.0,8989.0,0.0,8979.0,0.0,44.0,0.0,8906.0
8980.0,0.0,8660.0,0.0,8990.0,0.0,8990.0,0.0,8980.0,0.0,44.0
0.0,8908.0,8981.0,0.0,8660.0,0.0,8991.0,0.0,8991.0,0.0,8981.0
0.0,44.0,0.0,8910.0,8982.0,0.0,8660.0,0.0,8992.0,0.0,8992.0
0.0,8982.0,0.0,44.0,0.0,8912.0,8983.0,0.0,8660.0,0.0,8993.0
0.0,8993.0,0.0,8983.0,0.0,44.0,0.0,8914.0,8984.0,0.0,8660.0
0.0,8994.0,0.0,8994.0,0.0,8984.0,0.0,44.0,0.0,8916.0,8985.0
0.0,8660.0,0.0,8995.0,0.0,8995.0,0.0,8985.0,0.0,44.0,0.0
8918.0,8986.0,0.0,8660.0,0.0,8996.0,0.0,8996.0,0.0,8986.0,0.0
44.0,0.0,8920.0,8987.0,0.0,8660.0,0.0,8997.0,0.0,8997.0,0.0
8987.0,0.0,44.0,0.0,8922.0,8988.0,0.0,8660.0,0.0,8998.0,0.0
8998.0,0.0,8988.0,0.0,44.0,0.0,8924.0,8661.0,0.0,8644.0,0.0
8999.0,0.0,9000.0,0.0,9001.0,0.0,9002.0,0.0,9003.0,0.0,9004.0
0.0,9005.0,0.0,9006.0,0.0,9007.0,0.0,9008.0,0.0,8999.0,0.0
8661.0,0.0,9009.0,0.0,9009.0,0.0,8999.0,0.0,44.0,0.0,8927.0
9000.0,0.0,8661.0,0.0,9010.0,0.0,9010.0,0.0,9000.0,0.0,44.0
0.0,8929.0,9001.0,0.0,8661.0,0.0,9011.0,0.0,9011.0,0.0,9001.0
0.0,44.0,0.0,8931.0,9002.0,0.0,8661.0,0.0,9012.0,0.0,9012.0
0.0,9002.0,0.0,44.0,0.0,8933.0,9003.0,0.0,8661.0,0.0,9013.0
0.0,9013.0,0.0,9003.0,0.0,44.0,0.0,8935.0,9004.0,0.0,8661.0
0.0,9014.0,0.0,9014.0,0.0,9004.0,0.0,44.0,0.0,8937.0,9005.0
0.0,8661.0,0.0,9015.0,0.0,9015.0,0.0,9005.0,0.0,44.0,0.0
8939.0,9006.0,0.0,8661.0,0.0,9016.0,0.0,9016.0,0.0,9006.0,0.0
44.0,0.0,8941.0,9007.0,0.0,8661.0,0.0,9017.0,0.0,9017.0,0.0
9007.0,0.0,44.0,0.0,8943.0,9008.0,0.0,8661.0,0.0,9018.0,0.0
9018.0,0.0,9008.0,0.0,44.0,0.0,8945.0,8662.0,0.0,8644.0,0.0
9019.0,0.0,9020.0,0.0,9021.0,0.0,9022.0,0.0,9023.0,0.0,9024.0
0.0,9025.0,0.0,9026.0,0.0,9027.0,0.0,9028.0,0.0,9019.0,0.0
8662.0,0.0,9029.0,0.0,9029.0,0.0,9019.0,0.0,44.0,0.0,8948.0
9020.0,0.0,8662.0,0.0,9030.0,0.0,9030.0,0.0,9020.0,0.0,44.0
0.0,8950.0,9021.0,0.0,8662.0,0.0,9031.0,0.0,9031.0,0.0,9021.0
0.0,44.0,0.0,8952.0,9022.0,0.0,8662.0,0.0,9032.0,0.0,9032.0
0.0,9022.0,0.0,44.0,0.0,8954.0,9023.0,0.0,8662.0,0.0,9033.0
0.0,9033.0,0.0,9023.0,0.0,44.0,0.0,8956.0,9024.0,0.0,8662.0
0.0,9034.0,0.0,9034.0,0.0,9024.0,0.0,44.0,0.0,8958.0,9025.0
0.0,8662.0,0.0,9035.0,0.0,9035.0,0.0,9025.0,0.0,44.0,0.0
8960.0,9026.0,0.0,8662.0,0.0,9036.0,0.0,9036.0,0.0,9026.0,0.0
44.0,0.0,8962.0,9027.0,0.0,8662.0,0.0,9037.0,0.0,9037.0,0.0
9027.0,0.0,44.0,0.0,8964.0,9028.0,0.0,8662.0,0.0,9038.0,0.0
9038.0,0.0,9028.0,0.0,44.0,0.0,8966.0,8663.0,0.0,8644.0,0.0
9039.0,0.0,9040.0,0.0,9041.0,0.0,9042.0,0.0,9043.0,0.0,9044.0
0.0,9045.0,0.0,9046.0,0.0,9047.0,0.0,9048.0,0.0,9039.0,0.0
8663.0,0.0,9049.0,0.0,9049.0,0.0,9039.0,0.0,44.0,0.0,8969.0
9040.0,0.0,8663.0,0.0,9050.0,0.0,9050.0,0.0,9040.0,0.0,44.0
0.0,8971.0,9041.0,0.0,8663.0,0.0,9051.0,0.0,9051.0,0.0,9041.0
0.0,44.0,0.0,8973.0,9042.0,0.0,8663.0,0.0,9052.0,0.0,9052.0
0.0,9042.0,0.0,44.0,0.0,8975.0,9043.0,0.0,8663.0,0.0,9053.0
0.0,9053.0,0.0,9043.0,0.0,44.0,0.0,8977.0,9044.0,0.0,8663.0
0.0,9054.0,0.0,9054.0,0.0,9044.0,0.0,44.0,0.0,8979.0,9045.0
0.0,8663.0,0.0,9055.0,0.0,9055.0,0.0,9045.0,0.0,44.0,0.0
8981.0,9046.0,0.0,8663.0,0.0,9056.0,0.0,9056.0,0.0,9046.0,0.0
44.0,0.0,8983.0,9047.0,0.0,8663.0,0.0,9057.0,0.0,9057.0,0.0
9047.0,0.0,44.0,0.0,8985.0,9048.0,0.0,8663.0,0.0,9058.0,0.0
9058.0,0.0,9048.0,0.0,44.0,0.0,8987.0,8664.0,0.0,8644.0,0.0
9059.0,0.0,9060.0,0.0,9061.0,0.0,9062.0,0.0,9063.0,0.0,9064.0
0.0,9065.0,0.0,9066.0,0.0,9067.0,0.0,9068.0,0.0,9059.0,0.0
8664.0,0.0,9069.0,0.0,9069.0,0.0,9059.0,0.0,44.0,0.0,8990.0
9060.0,0.0,8664.0,0.0,9070.0,0.0,9070.0,0.0,9060.0,0.0,44.0
0.0,8992.0,9061.0,0.0,8664.0,0.0,9071.0,0.0,9071.0,0.0,9061.0
0.0,44.0,0.0,8994.0,9062.0,0.0,8664.0,0.0,9072.0,0.0,9072.0
0.0,9062.0,0.0,44.0,0.0,8996.0,9063.0,0.0,8664.0,0.0,9073.0
0.0,9073.0,0.0,9063.0,0.0,44.0,0.0,8998.0,9064.0,0.0,8664.0
0.0,9074.0,0.0,9074.0,0.0,9064.0,0.0,44.0,0.0,9000.0,9065.0
0.0,8664.0,0.0,9075.0,0.0,9075.0,0.0,9065.0,0.0,44.0,0.0
9002.0,9066.0,0.0,8664.0,0.0,9076.0,0.0,9076.0,0.0,9066.0,0.0
44.0,0.0,9004.0,9067.0,0.0,8664.0,0.0,9077.0,0.0,9077.0,0.0
9067.0,0.0,44.0,0.0,9006.0,9068.0,0.0,8664.0,0.0,9078.0,0.0
9078.0,0.0,9068.0,0.0,44.0,0.0,9008.0,8665.0,0.0,8644.0,0.0
9079.0,0.0,9080.0,0.0,9081.0,0.0,9082.0,0.0,9083.0,0.0,9084.0
0.0,9085.0,0.0,9086.0,0.0,9087.0,0.0,9088.0,0.0,9079.0,0.0
8665.0,0.0,9089.0,0.0,9089.0,0.0,9079.0,0.0,44.0,0.0,9011.0
9080.0,0.0,8665.0,0.0,9090.0,0.0,9090.0,0.0,9080.0,0.0,44.0
0.0,9013.0,9081.0,0.0,8665.0,0.0,9091.0,0.0,9091.0,0.0,9081.0
0.0,44.0,0.0,9015.0,9082.0,0.0,8665.0,0.0,9092.0,0.0,9092.0
0.0,9082.0,0.0,44.0,0.0,9017.0,9083.0,0.0,8665.0,0.0,9093.0
0.0,9093.0,0.0,9083.0,0.0,44.0,0.0,9019.0,9084.0,0.0,8665.0
0.0,9094.0,0.0,9094.0,0.0,9084.0,0.0,44.0,0.0,9021.0,9085.0
0.0,8665.0,0.0,9095.0,0.0,9095.0,0.0,9085.0,0.0,44.0,0.0
9023.0,9086.0,0.0,8665.0,0.0,9096.0,0.0,9096.0,0.0,9086.0,0.0
44.0,0.0,9025.0,9087.0,0.0,8665.0,0.0,9097.0,0.0,9097.0,0.0
9087.0,0.0,44.0,0.0,9027.0,9088.0,0.0,8665.0,0.0,9098.0,0.0
9098.0,0.0,9088.0,0.0,44.0,0.0,9029.0,8666.0,0.0,8644.0,0.0
9099.0,0.0,9100.0,0.0,9101.0,0.0,9102.0,0.0,9103.0,0.0,9104.0
0.0,9105.0,0.0,9106.0,0.0,9107.0,0.0,9108.0,0.0,9099.0,0.0
8666.0,0.0,9109.0,0.0,9109.0,0.0,9099.0,0.0,44.0,0.0,9032.0
9100.0,0.0,8666.0,0.0,9110.0,0.0,9110.0,0.0,9100.0,0.0,44.0
0.0,9034.0,9101.0,0.0,8666.0,0.0,9111.0,0.0,9111.0,0.0,9101.0
0.0,44.0,0.0,9036.0,9102.0,0.0,8666.0,0.0,9112.0,0.0,9112.0
0.0,9102.0,0.0,44.0,0.0,9038.0,9103.0,0.0,8666.0,0.0,9113.0
0.0,9113.0,0.0,9103.0,0.0,44.0,0.0,9040.0,9104.0,0.0,8666.0
0.0,9114.0,0.0,9114.0,0.0,9104.0,0.0,44.0,0.0,9042.0,9105.0
0.0,8666.0,0.0,9115.0,0.0,9115.0,0.0,9105.0,0.0,44.0,0.0
9044.0,9106.0,0.0,8666.0,0.0,9116.0,0.0,9116.0,0.0,9106.0,0.0
44.0,0.0,9046.0,9107.0,0.0,8666.0,0.0,9117.0,0.0,9117.0,0.0
9107.0,0.0,44.0,0.0,9048.0,9108.0,0.0,8666.0,0.0,9118.0,0.0
9118.0,0.0,9108.0,0.0,44.0,0.0,9050.0,8667.0,0.0,8644.0,0.0
9119.0,0.0,9120.0,0.0,9121.0,0.0,9122.0,0.0,9123.0,0.0,9124.0
0.0,9125.0,0.0,9126.0,0.0,9127.0,0.0,9128.0,0.0,9119.0,0.0
8667.0,0.0,9129.0,0.0,9129.0,0.0,9119.0,0.0,44.0,0.0,9053.0
9120.0,0.0,8667.0,0.0,9130.0,0.0,9130.0,0.0,9120.0,0.0,44.0
0.0,9055.0,9121.0,0.0,8667.0,0.0,9131.0,0.0,9131.0,0.0,9121.0
0.0,44.0,0.0,9057.0,9122.0,0.0,8667.0,0.0,9132.0,0.0,9132.0
0.0,9122.0,0.0,44.0,0.0,9059.0,9123.0,0.0,8667.0,0.0,9133.0
0.0,9133.0,0.0,9123.0,0.0,44.0,0.0,9061.0,9124.0,0.0,8667.0
0.0,9134.0,0.0,9134.0,0.0,9124.0,0.0,44.0,0.0,9063.0,9125.0
0.0,8667.0,0.0,9135.0,0.0,9135.0,0.0,9125.0,0.0,44.0,0.0
9065.0,9126.0,0.0,8667.0,0.0,9136.0,0.0,9136.0,0.0,9126.0,0.0
44.0,0.0,9067.0,9127.0,0.0,8667.0,0.0,9137.0,0.0,9137.0,0.0
9127.0,0.0,44.0,0.0,9069.0,9128.0,0.0,8667.0,0.0,9138.0,0.0
9138.0,0.0,9128.0,0.0,44.0,0.0,9071.0,8668.0,0.0,8644.0,0.0
9139.0,0.0,9140.0,0.0,9141.0,0.0,9142.0,0.0,9143.0,0.0,9144.0
0.0,9145.0,0.0,9146.0,0.0,9147.0,0.0,9148.0,0.0,9139.0,0.0
8668.0,0.0,9149.0,0.0,9149.0,0.0,9139.0,0.0,44.0,0.0,9074.0
9140.0,0.0,8668.0,0.0,9150.0,0.0,9150.0,0.0,9140.0,0.0,44.0
0.0,9076.0,9141.0,0.0,8668.0,0.0,9151.0,0.0,9151.0,0.0,9141.0
0.0,44.0,0.0,9078.0,9142.0,0.0,8668.0,0.0,9152.0,0.0,9152.0
0.0,9142.0,0.0,44.0,0.0,9080.0,9143.0,0.0,8668.0,0.0,9153.0
0.0,9153.0,0.0,9143.0,0.0,44.0,0.0,9082.0,9144.0,0.0,8668.0
0.0,9154.0,0.0,9154.0,0.0,9144.0,0.0,44.0,0.0,9084.0,9145.0
0.0,8668.0,0.0,9155.0,0.0,9155.0,0.0,9145.0,0.0,44.0,0.0
9086.0,9146.0,0.0,8668.0,0.0,9156.0,0.0,9156.0,0.0,9146.0,0.0
44.0,0.0,9088.0,9147.0,0.0,8668.0,0.0,9157.0,0.0,9157.0,0.0
9147.0,0.0,44.0,0.0,9090.0,9148.0,0.0,8668.0,0.0,9158.0,0.0
9158.0,0.0,9148.0,0.0,44.0,0.0,9092.0,8669.0,0.0,8644.0,0.0
9159.0,0.0,9160.0,0.0,9161.0,0.0,9162.0,0.0,9163.0,0.0,9164.0
0.0,9165.0,0.0,9166.0,0.0,9167.0,0.0,9168.0,0.0,9159.0,0.0
8669.0,0.0,9169.0,0.0,9169.0,0.0,9159.0,0.0,44.0,0.0,9095.0
9160.0,0.0,8669.0,0.0,9170.0,0.0,9170.0,0.0,9160.0,0.0,44.0
0.0,9097.0,9161.0,0.0,8669.0,0.0,9171.0,0.0,9171.0,0.0,9161.0
0.0,44.0,0.0,9099.0,9162.0,0.0,8669.0,0.0,9172.0,0.0,9172.0
0.0,9162.0,0.0,44.0,0.0,9101.0,9163.0,0.0,8669.0,0.0,9173.0
0.0,9173.0,0.0,9163.0,0.0,44.0,0.0,9103.0,9164.0,0.0,8669.0
0.0,9174.0,0.0,9174.0,0.0,9164.0,0.0,44.0,0.0,9105.0,9165.0
0.0,8669.0,0.0,9175.0,0.0,9175.0,0.0,9165.0,0.0,44.0,0.0
9107.0,9166.0,0.0,8669.0,0.0,9176.0,0.0,9176.0,0.0,9166.0,0.0
44.0,0.0,9109.0,9167.0,0.0,8669.0,0.0,9177.0,0.0,9177.0,0.0
9167.0,0.0,44.0,0.0,9111.0,9168.0,0.0,8669.0,0.0,9178.0,0.0
9178.0,0.0,9168.0,0.0,44.0,0.0,9113.0,8670.0,0.0,8644.0,0.0
9179.0,0.0,9180.0,0.0,9181.0,0.0,9182.0,0.0,9183.0,0.0,9184.0
0.0,9185.0,0.0,9186.0,0.0,9187.0,0.0,9188.0,0.0,9179.0,0.0
8670.0,0.0,9189.0,0.0,9189.0,0.0,9179.0,0.0,44.0,0.0,9116.0
9180.0,0.0,8670.0,0.0,9190.0,0.0,9190.0,0.0,9180.0,0.0,44.0
0.0,9118.0,9181.0,0.0,8670.0,0.0,9191.0,0.0,9191.0,0.0,9181.0
0.0,44.0,0.0,9120.0,9182.0,0.0,8670.0,0.0,9192.0,0.0,9192.0
0.0,9182.0,0.0,44.0,0.0,9122.0,9183.0,0.0,8670.0,0.0,9193.0
0.0,9193.0,0.0,9183.0,0.0,44.0,0.0,9124.0,9184.0,0.0,8670.0
0.0,9194.0,0.0,9194.0,0.0,9184.0,0.0,44.0,0.0,9126.0,9185.0
0.0,8670.0,0.0,9195.0,0.0,9195.0,0.0,9185.0,0.0,44.0,0.0
9128.0,9186.0,0.0,8670.0,0.0,9196.0,0.0,9196.0,0.0,9186.0,0.0
44.0,0.0,9130.0,9187.0,0.0,8670.0,0.0,9197.0,0.0,9197.0,0.0
9187.0,0.0,44.0,0.0,9132.0,9188.0,0.0,8670.0,0.0,9198.0,0.0
9198.0,0.0,9188.0,0.0,44.0,0.0,9134.0,8671.0,0.0,8644.0,0.0
9199.0,0.0,9200.0,0.0,9201.0,0.0,9202.0,0.0,9203.0,0.0,9204.0
0.0,9205.0,0.0,9206.0,0.0,9207.0,0.0,9208.0,0.0,9199.0,0.0
8671.0,0.0,9209.0,0.0,9209.0,0.0,9199.0,0.0,44.0,0.0,9137.0
9200.0,0.0,8671.0,0.0,9210.0,0.0,9210.0,0.0,9200.0,0.0,44.0
0.0,9139.0,9201.0,0.0,8671.0,0.0,9211.0,0.0,9211.0,0.0,9201.0
0.0,44.0,0.0,9141.0,9202.0,0.0,8671.0,0.0,9212.0,0.0,9212.0
0.0,9202.0,0.0,44.0,0.0,9143.0,9203.0,0.0,8671.0,0.0,9213.0
0.0,9213.0,0.0,9203.0,0.0,44.0,0.0,9145.0,9204.0,0.0,8671.0
0.0,9214.0,0.0,9214.0,0.0,9204.0,0.0,44.0,0.0,9147.0,9205.0
0.0,8671.0,0.0,9215.0,0.0,9215.0,0.0,9205.0,0.0,44.0,0.0
9149.0,9206.0,0.0,8671.0,0.0,9216.0,0.0,9216.0,0.0,9206.0,0.0
44.0,0.0,9151.0,9207.0,0.0,8671.0,0.0,9217.0,0.0,9217.0,0.0
9207.0,0.0,44.0,0.0,9153.0,9208.0,0.0,8671.0,0.0,9218.0,0.0
9218.0,0.0,9208.0,0.0,44.0,0.0,9155.0,8672.0,0.0,8644.0,0.0
9219.0,0.0,9220.0,0.0,9221.0,0.0,9222.0,0.0,9223.0,0.0,9224.0
0.0,9225.0,0.0,9226.0,0.0,9227.0,0.0,9228.0,0.0,9219.0,0.0
8672.0,0.0,9229.0,0.0,9229.0,0.0,9219.0,0.0,44.0,0.0,9158.0
9220.0,0.0,8672.0,0.0,9230.0,0.0,9230.0,0.0,9220.0,0.0,44.0
0.0,9160.0,9221.0,0.0,8672.0,0.0,9231.0,0.0,9231.0,0.0,9221.0
0.0,44.0,0.0,9162.0,9222.0,0.0,8672.0,0.0,9232.0,0.0,9232.0
0.0,9222.0,0.0,44.0,0.0,9164.0,9223.0,0.0,8672.0,0.0,9233.0
0.0,9233.0,0.0,9223.0,0.0,44.0,0.0,9166.0,9224.0,0.0,8672.0
0.0,9234.0,0.0,9234.0,0.0,9224.0,0.0,44.0,0.0,9168.0,9225.0
0.0,8672.0,0.0,9235.0,0.0,9235.0,0.0,9225.0,0.0,44.0,0.0
9170.0,9226.0,0.0,8672.0,0.0,9236.0,0.0,9236.0,0.0,9226.0,0.0
44.0,0.0,9172.0,9227.0,0.0,8672.0,0.0,9237.0,0.0,9237.0,0.0
9227.0,0.0,44.0,0.0,9174.0,9228.0,0.0,8672.0,0.0,9238.0,0.0
9238.0,0.0,9228.0,0.0,44.0,0.0,9176.0,8673.0,0.0,8644.0,0.0
9239.0,0.0,9240.0,0.0,9241.0,0.0,9242.0,0.0,9243.0,0.0,9244.0
0.0,9245.0,0.0,9246.0,0.0,9247.0,0.0,9248.0,0.0,9239.0,0.0
8673.0,0.0,9249.0,0.0,9249.0,0.0,9239.0,0.0,44.0,0.0,9179.0
9240.0,0.0,8673.0,0.0,9250.0,0.0,9250.0,0.0,9240.0,0.0,44.0
0.0,9181.0,9241.0,0.0,8673.0,0.0,9251.0,0.0,9251.0,0.0,9241.0
0.0,44.0,0.0,9183.0,9242.0,0.0,8673.0,0.0,9252.0,0.0,9252.0
0.0,9242.0,0.0,44.0,0.0,9185.0,9243.0,0.0,8673.0,0.0,9253.0
0.0,9253.0,0.0,9243.0,0.0,44.0,0.0,9187.0,9244.0,0.0,8673.0
0.0,9254.0,0.0,9254.0,0.0,9244.0,0.0,44.0,0.0,9189.0,9245.0
0.0,8673.0,0.0,9255.0,0.0,9255.0,0.0,9245.0,0.0,44.0,0.0
9191.0,9246.0,0.0,8673.0,0.0,9256.0,0.0,9256.0,0.0,9246.0,0.0
44.0,0.0,9193.0,9247.0,0.0,8673.0,0.0,9257.0,0.0,9257.0,0.0
9247.0,0.0,44.0,0.0,9195.0,9248.0,0.0,8673.0,0.0,9258.0,0.0
9258.0,0.0,9248.0,0.0,44.0,0.0,9197.0,8674.0,0.0,8644.0,0.0
9259.0,0.0,9260.0,0.0,9261.0,0.0,9262.0,0.0,9263.0,0.0,9264.0
0.0,9265.0,0.0,9266.0,0.0,9267.0,0.0,9268.0,0.0,9259.0,0.0
8674.0,0.0,9269.0,0.0,9269.0,0.0,9259.0,0.0,44.0,0.0,9200.0
9260.0,0.0,8674.0,0.0,9270.0,0.0,9270.0,0.0,9260.0,0.0,44.0
0.0,9202.0,9261.0,0.0,8674.0,0.0,9271.0,0.0,9271.0,0.0,9261.0
0.0,44.0,0.0,9204.0,9262.0,0.0,8674.0,0.0,9272.0,0.0,9272.0
0.0,9262.0,0.0,44.0,0.0,9206.0,9263.0,0.0,8674.0,0.0,9273.0
0.0,9273.0,0.0,9263.0,0.0,44.0,0.0,9208.0,9264.0,0.0,8674.0
0.0,9274.0,0.0,9274.0,0.0,9264.0,0.0,44.0,0.0,9210.0,9265.0
0.0,8674.0,0.0,9275.0,0.0,9275.0,0.0,9265.0,0.0,44.0,0.0
9212.0,9266.0,0.0,8674.0,0.0,9276.0,0.0,9276.0,0.0,9266.0,0.0
44.0,0.0,9214.0,9267.0,0.0,8674.0,0.0,9277.0,0.0,9277.0,0.0
9267.0,0.0,44.0,0.0,9216.0,9268.0,0.0,8674.0,0.0,9278.0,0.0
9278.0,0.0,9268.0,0.0,44.0,0.0,9218.0,8675.0,0.0,8644.0,0.0
9279.0,0.0,9280.0,0.0,9281.0,0.0,9282.0,0.0,9283.0,0.0,9284.0
0.0,9285.0,0.0,9286.0,0.0,9287.0,0.0,9288.0,0.0,9279.0,0.0
8675.0,0.0,9289.0,0.0,9289.0,0.0,9279.0,0.0,44.0,0.0,9221.0
9280.0,0.0,8675.0,0.0,9290.0,0.0,9290.0,0.0,9280.0,0.0,44.0
0.0,9223.0,9281.0,0.0,8675.0,0.0,9291.0,0.0,9291.0,0.0,9281.0
0.0,44.0,0.0,9225.0,9282.0,0.0,8675.0,0.0,9292.0,0.0,9292.0
0.0,9282.0,0.0,44.0,0.0,9227.0,9283.0,0.0,8675.0,0.0,9293.0
0.0,9293.0,0.0,9283.0,0.0,44.0,0.0,9229.0,9284.0,0.0,8675.0
0.0,9294.0,0.0,9294.0,0.0,9284.0,0.0,44.0,0.0,9231.0,9285.0
0.0,8675.0,0.0,9295.0,0.0,9295.0,0.0,9285.0,0.0,44.0,0.0
9233.0,9286.0,0.0,8675.0,0.0,9296.0,0.0,9296.0,0.0,9286.0,0.0
44.0,0.0,9235.0,9287.0,0.0,8675.0,0.0,9297.0,0.0,9297.0,0.0
9287.0,0.0,44.0,0.0,9237.0,9288.0,0.0,8675.0,0.0,9298.0,0.0
9298.0,0.0,9288.0,0.0,44.0,0.0,9239.0,8676.0,0.0,8644.0,0.0
9299.0,0.0,9300.0,0.0,9301.0,0.0,9302.0,0.0,9303.0,0.0,9304.0
0.0,9305.0,0.0,9306.0,0.0,9307.0,0.0,9308.0,0.0,9299.0,0.0
8676.0,0.0,9309.0,0.0,9309.0,0.0,9299.0,0.0,44.0,0.0,9242.0
9300.0,0.0,8676.0,0.0,9310.0,0.0,9310.0,0.0,9300.0,0.0,44.0
0.0,9244.0,9301.0,0.0,8676.0,0.0,9311.0,0.0,9311.0,0.0,9301.0
0.0,44.0,0.0,9246.0,9302.0,0.0,8676.0,0.0,9312.0,0.0,9312.0
0.0,9302.0,0.0,44.0,0.0,9248.0,9303.0,0.0,8676.0,0.0,9313.0
0.0,9313.0,0.0,9303.0,0.0,44.0,0.0,9250.0,9304.0,0.0,8676.0
0.0,9314.0,0.0,9314.0,0.0,9304.0,0.0,44.0,0.0,9252.0,9305.0
0.0,8676.0,0.0,9315.0,0.0,9315.0,0.0,9305.0,0.0,44.0,0.0
9254.0,9306.0,0.0,8676.0,0.0,9316.0,0.0,9316.0,0.0,9306.0,0.0
44.0,0.0,9256.0,9307.0,0.0,8676.0,0.0,9317.0,0.0,9317.0,0.0
9307.0,0.0,44.0,0.0,9258.0,9308.0,0.0,8676.0,0.0,9318.0,0.0
9318.0,0.0,9308.0,0.0,44.0,0.0,9260.0,8677.0,0.0,8644.0,0.0
9319.0,0.0,9320.0,0.0,9321.0,0.0,9322.0,0.0,9323.0,0.0,9324.0
0.0,9325.0,0.0,9326.0,0.0,9327.0,0.0,9328.0,0.0,9319.0,0.0
8677.0,0.0,9329.0,0.0,9329.0,0.0,9319.0,0.0,44.0,0.0,9263.0
9320.0,0.0,8677.0,0.0,9330.0,0.0,9330.0,0.0,9320.0,0.0,44.0
0.0,9265.0,9321.0,0.0,8677.0,0.0,9331.0,0.0,9331.0,0.0,9321.0
0.0,44.0,0.0,9267.0,9322.0,0.0,8677.0,0.0,9332.0,0.0,9332.0
0.0,9322.0,0.0,44.0,0.0,9269.0,9323.0,0.0,8677.0,0.0,9333.0
0.0,9333.0,0.0,9323.0,0.0,44.0,0.0,9271.0,9324.0,0.0,8677.0
0.0,9334.0,0.0,9334.0,0.0,9324.0,0.0,44.0,0.0,9273.0,9325.0
0.0,8677.0,0.0,9335.0,0.0,9335.0,0.0,9325.0,0.0,44.0,0.0
9275.0,9326.0,0.0,8677.0,0.0,9336.0,0.0,9336.0,0.0,9326.0,0.0
44.0,0.0,9277.0,9327.0,0.0,8677.0,0.0,9337.0,0.0,9337.0,0.0
9327.0,0.0,44.0,0.0,9279.0,9328.0,0.0,8677.0,0.0,9338.0,0.0
9338.0,0.0,9328.0,0.0,44.0,0.0,9281.0,8678.0,0.0,8644.0,0.0
9339.0,0.0,9340.0,0.0,9341.0,0.0,9342.0,0.0,9343.0,0.0,9344.0
0.0,9345.0,0.0,9346.0,0.0,9347.0,0.0,9348.0,0.0,9339.0,0.0
8678.0,0.0,9349.0,0.0,9349.0,0.0,9339.0,0.0,44.0,0.0,9284.0
9340.0,0.0,8678.0,0.0,9350.0,0.0,9350.0,0.0,9340.0,0.0,44.0
0.0,9286.0,9341.0,0.0,8678.0,0.0,9351.0,0.0,9351.0,0.0,9341.0
0.0,44.0,0.0,9288.0,9342.0,0.0,8678.0,0.0,9352.0,0.0,9352.0
0.0,9342.0,0.0,44.0,0.0,9290.0,9343.0,0.0,8678.0,0.0,9353.0
0.0,9353.0,0.0,9343.0,0.0,44.0,0.0,9292.0,9344.0,0.0,8678.0
0.0,9354.0,0.0,9354.0,0.0,9344.0,0.0,44.0,0.0,9294.0,9345.0
0.0,8678.0,0.0,9355.0,0.0,9355.0,0.0,9345.0,0.0,44.0,0.0
9296.0,9346.0,0.0,8678.0,0.0,9356.0,0.0,9356.0,0.0,9346.0,0.0
44.0,0.0,9298.0,9347.0,0.0,8678.0,0.0,9357.0,0.0,9357.0,0.0
9347.0,0.0,44.0,0.0,9300.0,9348.0,0.0,8678.0,0.0,9358.0,0.0
9358.0,0.0,9348.0,0.0,44.0,0.0,9302.0,79.0,0.0,50.0,0.0
44.0,0.0,9303.0,80.0,0.0,50.0,0.0,9359.0,0.0,9359.0,0.0
80.0,0.0,9360.0,0.0,9360.0,0.0,9359.0,0.0,9361.0,0.0,9362.0
0.0,9363.0,0.0,9364.0,0.0,9365.0,0.0,9366.0,0.0,9367.0,0.0
9368.0,0.0,9369.0,0.0,9370.0,0.0,9361.0,0.0,9360.0,0.0,9371.0
0.0,9371.0,0.0,9361.0,0.0,47.0,0.0,9308.0,9362.0,0.0,9360.0
0.0,9372.0,0.0,9372.0,0.0,9362.0,0.0,47.0,0.0,9310.0,9363.0
0.0,9360.0,0.0,9373.0,0.0,9373.0,0.0,9363.0,0.0,47.0,0.0
9312.0,9364.0,0.0,9360.0,0.0,9374.0,0.0,9374.0,0.0,9364.0,0.0
47.0,0.0,9314.0,9365.0,0.0,9360.0,0.0,9375.0,0.0,9375.0,0.0
9365.0,0.0,47.0,0.0,9316.0,9366.0,0.0,9360.0,0.0,9376.0,0.0
9376.0,0.0,9366.0,0.0,47.0,0.0,9318.0,9367.0,0.0,9360.0,0.0
9377.0,0.0,9377.0,0.0,9367.0,0.0,47.0,0.0,9320.0,9368.0,0.0
9360.0,0.0,9378.0,0.0,9378.0,0.0,9368.0,0.0,47.0,0.0,9322.0
9369.0,0.0,9360.0,0.0,9379.0,0.0,9379.0,0.0,9369.0,0.0,47.0
0.0,9324.0,9370.0,0.0,9360.0,0.0,9380.0,0.0,9380.0,0.0,9370.0
0.0,47.0,0.0,9326.0,81.0,0.0,50.0,0.0,47.0,0.0,9327.0
2.0,0.0,9381.0,0.0,8.0,1.0,0.0,10.0,0.0,13.0,0.0
16.0,0.0,19.0,0.0,22.0,0.0,25.0,0.0,28.0,0.0,32.0
0.0,9381.0,0.0,6.0,31.0,0.0,35.0,0.0,38.0,0.0,41.0
0.0,44.0,0.0,47.0,0.0,9381.0,0.0,0.0,0.0,595.0,842.0
14.0,2.0,0.0,32.0,0.0,9382.0,0.0,9381.0,0.0,51.0,0.0
8.0,0.0,1.0,0.0,0.0,842.0,0.0,6.0,0.0,9383.0,0.0
32.0,116.0,278.0,0.0,0.0,0.0,0.0,0.0,0.0,0.0,0.0
0.0,0.0,0.0,0.0,0.0,278.0,0.0,556.0,556.0,556.0,556.0
556.0,556.0,556.0,556.0,556.0,556.0,0.0,0.0,0.0,0.0,0.0
0.0,0.0,0.0,0.0,0.0,0.0,0.0,0.0,0.0,0.0,0.0
0.0,0.0,0.0,0.0,0.0,0.0,0.0,0.0,0.0,0.0,0.0
0.0,0.0,0.0,0.0,0.0,0.0,0.0,0.0,0.0,0.0,500.0
0.0,537.0,593.0,0.0,593.0,537.0,0.0,0.0,0.0,222.0,0.0
0.0,0.0,0.0,0.0,0.0,0.0,0.0,0.0,500.0,315.0,9383.0
0.0,32.0,951.0,481.0,1987.0,1077.0,0.0,952.0,213.0,714.0,95.0
28.0,517.0,80.0,447.0,2225.0,2.0,9384.0,0.0,9384.0,0.0,1.0
7100.0,4215.0,1.0,7.0,6.0,1.0,0.0,4.0,5.0,5.0,9.0
1.0,5.0,1.0,1.0,4.0,9.0,3.0,1.0,3.0,9.0,0.0
3.0,2.0,7.0,7.0,3.0,9.0,2.0,1.0,4.0,7.0,1.0
4.0,8.0,42.0,6.0,1.0,6.0,9.0,4.0,8.0,9.0,8.0
0.0,0.0,0.0,6.0,4.0,6.0,6.0,63.0,6.0,5.0,8.0
0.0,3.0,8.0,4.0,3.0,6.0,8.0,60.0,0.0,5.0,0.0
5.0,4.0,5.0,6.0,1.0,3.0,3.0,1.0,7.0,1.0,3.0
6.0,2.0,2.0,8.0,3.0,8.0,3.0,2.0,5.0,9.0,1.0
62.0,6.0,5.0,9.0,9.0,7.0,4.0,3.0,7.0,3.0,20.0
3.0,4.0,4.0,1.0,3.0,7.0,6.0,97.0,5.0,3.0,83.0
1.0,7.0,1.0,1.0,8.0,2.0,9.0,1.0,5.0,50.0,5.0
5.0,5.0,6.0,6.0,8.0,6.0,6.0,1.0,2.0,6.0,0.0
3.0,5.0,5.0,2.0,1.0,2.0,0.0,4.0,3.0,9.0,1.0
4.0,0.0,5.0,3.0,2.0,2.0,3.0,1.0,2.0,9.0,35.0
1.0,33.0,1.0,1.0,1.0,9.0,6.0,1.0,2.0,9.0,7.0
44.0,1.0,0.0,7.0,0.0,9385.0,0.0,46.0,57.0,278.0,0.0
556.0,556.0,556.0,556.0,556.0,556.0,556.0,556.0,556.0,556.0,9385.0
0.0,32.0,1018.0,481.0,1437.0,1141.0,0.0,975.0,217.0,714.0,157.0
29.0,517.0,132.0,478.0,1500.0,2.0,9386.0,0.0,9386.0,0.0,1.0
4984.0,2934.0,2.0,1.0,8.0,8.0,2.0,3.0,9.0,0.0,75.0
5.0,6.0,8.0,6.0,5.0,4.0,2.0,9.0,5.0,3.0,5.0
8.0,7.0,1.0,3.0,1.0,4.0,8.0,4.0,3.0,5.0,0.0
4.0,2.0,9.0,7.0,57.0,9.0,5.0,8.0,0.0,0.0,20.0
67.0,6.0,7.0,1.0,6.0,8.0,7.0,9.0,9.0,1.0,8.0
6.0,8.0,1.0,1.0,5.0,1.0,9.0,3.0,3.0,5.0,5.0
6.0,0.0,4.0,3.0,9.0,5.0,9.0,8.0,2.0,8.0,7.0
1.0,6.0,0.0,6.0,1.0,6.0,6.0,2.0,2.0,2.0,0.0
3.0,6.0,93.0,9.0,7.0,4.0,4.0,8.0,9.0,3.0,9.0
9387.0,0.0,26.2,25.0,56.0,20260414123212.0,0.0,0.0,20260414123212.0,0.0,0.0
0.0,9388.0,0.0,65535.0,12338.0,0.0,926143.0,0.0,22.0,0.0,12442.0
0.0,15262.0,0.0,926621.0,0.0,931583.0,0.0,926582.0,0.0,12550.0,0.0
26991.0,0.0,15297.0,0.0,27098.0,0.0,38320.0,0.0,27207.0,0.0,38427.0
0.0,49624.0,0.0,38536.0,0.0,49731.0,0.0,61073.0,0.0,49840.0,0.0
61180.0,0.0,72432.0,0.0,61289.0,0.0,72539.0,0.0,83822.0,0.0,72648.0
0.0,83929.0,0.0,95228.0,0.0,84038.0,0.0,95335.0,0.0,106669.0,0.0
926268.0,0.0,95444.0,0.0,106777.0,0.0,118230.0,0.0,106886.0,0.0,118338.0
0.0,129572.0,0.0,118447.0,0.0,129680.0,0.0,140969.0,0.0,129789.0,0.0
141077.0,0.0,152433.0,0.0,141186.0,0.0,152541.0,0.0,153532.0,0.0,152650.0
0.0,153640.0,0.0,153836.0,0.0,153749.0,0.0,0.0,0.0,0.0,0.0
154103.0,0.0,209291.0,0.0,209365.0,0.0,267891.0,0.0,267967.0,0.0,327546.0
0.0,327622.0,0.0,387201.0,0.0,387277.0,0.0,446856.0,0.0,446932.0,0.0
506511.0,0.0,506587.0,0.0,566166.0,0.0,566242.0,0.0,625821.0,0.0,625897.0
0.0,685476.0,0.0,685552.0,0.0,745131.0,0.0,745207.0,0.0,804786.0,0.0
804862.0,0.0,864441.0,0.0,864517.0,0.0,924096.0,0.0,924172.0,0.0,926067.0
0.0,154183.0,0.0,154255.0,0.0,154337.0,0.0,156009.0,0.0,154412.0,0.0
154547.0,0.0,154691.0,0.0,154835.0,0.0,154980.0,0.0,155127.0,0.0,155274.0
0.0,155421.0,0.0,155568.0,0.0,155715.0,0.0,155862.0,0.0,154619.0,0.0
154763.0,0.0,154907.0,0.0,155053.0,0.0,155200.0,0.0,155347.0,0.0,155494.0
0.0,155641.0,0.0,155788.0,0.0,155935.0,0.0,156333.0,0.0,157979.0,0.0
159625.0,0.0,161271.0,0.0,162923.0,0.0,164579.0,0.0,166235.0,0.0,167891.0
0.0,169547.0,0.0,171203.0,0.0,172859.0,0.0,174515.0,0.0,176171.0,0.0
177827.0,0.0,179483.0,0.0,181139.0,0.0,182795.0,0.0,184451.0,0.0,186107.0
0.0,187763.0,0.0,189419.0,0.0,191075.0,0.0,192731.0,0.0,194387.0,0.0
196043.0,0.0,197699.0,0.0,199355.0,0.0,201011.0,0.0,202667.0,0.0,204323.0
0.0,205979.0,0.0,207635.0,0.0,156479.0,0.0,156629.0,0.0,156779.0,0.0
156929.0,0.0,157079.0,0.0,157229.0,0.0,157379.0,0.0,157529.0,0.0,157679.0
0.0,157829.0,0.0,156554.0,0.0,156704.0,0.0,156854.0,0.0,157004.0,0.0
157154.0,0.0,157304.0,0.0,157454.0,0.0,157604.0,0.0,157754.0,0.0,157904.0
0.0,158125.0,0.0,158275.0,0.0,158425.0,0.0,158575.0,0.0,158725.0,0.0
158875.0,0.0,159025.0,0.0,159175.0,0.0,159325.0,0.0,159475.0,0.0,158200.0
0.0,158350.0,0.0,158500.0,0.0,158650.0,0.0,158800.0,0.0,158950.0,0.0
159100.0,0.0,159250.0,0.0,159400.0,0.0,159550.0,0.0,159771.0,0.0,159921.0
0.0,160071.0,0.0,160221.0,0.0,160371.0,0.0,160521.0,0.0,160671.0,0.0
160821.0,0.0,160971.0,0.0,161121.0,0.0,159846.0,0.0,159996.0,0.0,160146.0
0.0,160296.0,0.0,160446.0,0.0,160596.0,0.0,160746.0,0.0,160896.0,0.0
161046.0,0.0,161196.0,0.0,161417.0,0.0,161567.0,0.0,161717.0,0.0,161867.0
0.0,162017.0,0.0,162168.0,0.0,162319.0,0.0,162470.0,0.0,162621.0,0.0
162772.0,0.0,161492.0,0.0,161642.0,0.0,161792.0,0.0,161942.0,0.0,162092.0
0.0,162243.0,0.0,162394.0,0.0,162545.0,0.0,162696.0,0.0,162847.0,0.0
163069.0,0.0,163220.0,0.0,163371.0,0.0,163522.0,0.0,163673.0,0.0,163824.0
0.0,163975.0,0.0,164126.0,0.0,164277.0,0.0,164428.0,0.0,163144.0,0.0
163295.0,0.0,163446.0,0.0,163597.0,0.0,163748.0,0.0,163899.0,0.0,164050.0
0.0,164201.0,0.0,164352.0,0.0,164503.0,0.0,164725.0,0.0,164876.0,0.0
165027.0,0.0,165178.0,0.0,165329.0,0.0,165480.0,0.0,165631.0,0.0,165782.0
0.0,165933.0,0.0,166084.0,0.0,164800.0,0.0,164951.0,0.0,165102.0,0.0
165253.0,0.0,165404.0,0.0,165555.0,0.0,165706.0,0.0,165857.0,0.0,166008.0
0.0,166159.0,0.0,166381.0,0.0,166532.0,0.0,166683.0,0.0,166834.0,0.0
166985.0,0.0,167136.0,0.0,167287.0,0.0,167438.0,0.0,167589.0,0.0,167740.0
0.0,166456.0,0.0,166607.0,0.0,166758.0,0.0,166909.0,0.0,167060.0,0.0
167211.0,0.0,167362.0,0.0,167513.0,0.0,167664.0,0.0,167815.0,0.0,168037.0
0.0,168188.0,0.0,168339.0,0.0,168490.0,0.0,168641.0,0.0,168792.0,0.0
168943.0,0.0,169094.0,0.0,169245.0,0.0,169396.0,0.0,168112.0,0.0,168263.0
0.0,168414.0,0.0,168565.0,0.0,168716.0,0.0,168867.0,0.0,169018.0,0.0
169169.0,0.0,169320.0,0.0,169471.0,0.0,169693.0,0.0,169844.0,0.0,169995.0
0.0,170146.0,0.0,170297.0,0.0,170448.0,0.0,170599.0,0.0,170750.0,0.0
170901.0,0.0,171052.0,0.0,169768.0,0.0,169919.0,0.0,170070.0,0.0,170221.0
0.0,170372.0,0.0,170523.0,0.0,170674.0,0.0,170825.0,0.0,170976.0,0.0
171127.0,0.0,171349.0,0.0,171500.0,0.0,171651.0,0.0,171802.0,0.0,171953.0
0.0,172104.0,0.0,172255.0,0.0,172406.0,0.0,172557.0,0.0,172708.0,0.0
171424.0,0.0,171575.0,0.0,171726.0,0.0,171877.0,0.0,172028.0,0.0,172179.0
0.0,172330.0,0.0,172481.0,0.0,172632.0,0.0,172783.0,0.0,173005.0,0.0
173156.0,0.0,173307.0,0.0,173458.0,0.0,173609.0,0.0,173760.0,0.0,173911.0
0.0,174062.0,0.0,174213.0,0.0,174364.0,0.0,173080.0,0.0,173231.0,0.0
173382.0,0.0,173533.0,0.0,173684.0,0.0,173835.0,0.0,173986.0,0.0,174137.0
0.0,174288.0,0.0,174439.0,0.0,174661.0,0.0,174812.0,0.0,174963.0,0.0
175114.0,0.0,175265.0,0.0,175416.0,0.0,175567.0,0.0,175718.0,0.0,175869.0
0.0,176020.0,0.0,174736.0,0.0,174887.0,0.0,175038.0,0.0,175189.0,0.0
175340.0,0.0,175491.0,0.0,175642.0,0.0,175793.0,0.0,175944.0,0.0,176095.0
0.0,176317.0,0.0,176468.0,0.0,176619.0,0.0,176770.0,0.0,176921.0,0.0
177072.0,0.0,177223.0,0.0,177374.0,0.0,177525.0,0.0,177676.0,0.0,176392.0
0.0,176543.0,0.0,176694.0,0.0,176845.0,0.0,176996.0,0.0,177147.0,0.0
177298.0,0.0,177449.0,0.0,177600.0,0.0,177751.0,0.0,177973.0,0.0,178124.0
0.0,178275.0,0.0,178426.0,0.0,178577.0,0.0,178728.0,0.0,178879.0,0.0
179030.0,0.0,179181.0,0.0,179332.0,0.0,178048.0,0.0,178199.0,0.0,178350.0
0.0,178501.0,0.0,178652.0,0.0,178803.0,0.0,178954.0,0.0,179105.0,0.0
179256.0,0.0,179407.0,0.0,179629.0,0.0,179780.0,0.0,179931.0,0.0,180082.0
0.0,180233.0,0.0,180384.0,0.0,180535.0,0.0,180686.0,0.0,180837.0,0.0
180988.0,0.0,179704.0,0.0,179855.0,0.0,180006.0,0.0,180157.0,0.0,180308.0
0.0,180459.0,0.0,180610.0,0.0,180761.0,0.0,180912.0,0.0,181063.0,0.0
181285.0,0.0,181436.0,0.0,181587.0,0.0,181738.0,0.0,181889.0,0.0,182040.0
0.0,182191.0,0.0,182342.0,0.0,182493.0,0.0,182644.0,0.0,181360.0,0.0
181511.0,0.0,181662.0,0.0,181813.0,0.0,181964.0,0.0,182115.0,0.0,182266.0
0.0,182417.0,0.0,182568.0,0.0,182719.0,0.0,182941.0,0.0,183092.0,0.0
183243.0,0.0,183394.0,0.0,183545.0,0.0,183696.0,0.0,183847.0,0.0,183998.0
0.0,184149.0,0.0,184300.0,0.0,183016.0,0.0,183167.0,0.0,183318.0,0.0
183469.0,0.0,183620.0,0.0,183771.0,0.0,183922.0,0.0,184073.0,0.0,184224.0
0.0,184375.0,0.0,184597.0,0.0,184748.0,0.0,184899.0,0.0,185050.0,0.0
185201.0,0.0,185352.0,0.0,185503.0,0.0,185654.0,0.0,185805.0,0.0,185956.0
0.0,184672.0,0.0,184823.0,0.0,184974.0,0.0,185125.0,0.0,185276.0,0.0
185427.0,0.0,185578.0,0.0,185729.0,0.0,185880.0,0.0,186031.0,0.0,186253.0
0.0,186404.0,0.0,186555.0,0.0,186706.0,0.0,186857.0,0.0,187008.0,0.0
187159.0,0.0,187310.0,0.0,187461.0,0.0,187612.0,0.0,186328.0,0.0,186479.0
0.0,186630.0,0.0,186781.0,0.0,186932.0,0.0,187083.0,0.0,187234.0,0.0
187385.0,0.0,187536.0,0.0,187687.0,0.0,187909.0,0.0,188060.0,0.0,188211.0
0.0,188362.0,0.0,188513.0,0.0,188664.0,0.0,188815.0,0.0,188966.0,0.0
189117.0,0.0,189268.0,0.0,187984.0,0.0,188135.0,0.0,188286.0,0.0,188437.0
0.0,188588.0,0.0,188739.0,0.0,188890.0,0.0,189041.0,0.0,189192.0,0.0
189343.0,0.0,189565.0,0.0,189716.0,0.0,189867.0,0.0,190018.0,0.0,190169.0
0.0,190320.0,0.0,190471.0,0.0,190622.0,0.0,190773.0,0.0,190924.0,0.0
189640.0,0.0,189791.0,0.0,189942.0,0.0,190093.0,0.0,190244.0,0.0,190395.0
0.0,190546.0,0.0,190697.0,0.0,190848.0,0.0,190999.0,0.0,191221.0,0.0
191372.0,0.0,191523.0,0.0,191674.0,0.0,191825.0,0.0,191976.0,0.0,192127.0
0.0,192278.0,0.0,192429.0,0.0,192580.0,0.0,191296.0,0.0,191447.0,0.0
191598.0,0.0,191749.0,0.0,191900.0,0.0,192051.0,0.0,192202.0,0.0,192353.0
0.0,192504.0,0.0,192655.0,0.0,192877.0,0.0,193028.0,0.0,193179.0,0.0
193330.0,0.0,193481.0,0.0,193632.0,0.0,193783.0,0.0,193934.0,0.0,194085.0
0.0,194236.0,0.0,192952.0,0.0,193103.0,0.0,193254.0,0.0,193405.0,0.0
193556.0,0.0,193707.0,0.0,193858.0,0.0,194009.0,0.0,194160.0,0.0,194311.0
0.0,194533.0,0.0,194684.0,0.0,194835.0,0.0,194986.0,0.0,195137.0,0.0
195288.0,0.0,195439.0,0.0,195590.0,0.0,195741.0,0.0,195892.0,0.0,194608.0
0.0,194759.0,0.0,194910.0,0.0,195061.0,0.0,195212.0,0.0,195363.0,0.0
195514.0,0.0,195665.0,0.0,195816.0,0.0,195967.0,0.0,196189.0,0.0,196340.0
0.0,196491.0,0.0,196642.0,0.0,196793.0,0.0,196944.0,0.0,197095.0,0.0
197246.0,0.0,197397.0,0.0,197548.0,0.0,196264.0,0.0,196415.0,0.0,196566.0
0.0,196717.0,0.0,196868.0,0.0,197019.0,0.0,197170.0,0.0,197321.0,0.0
197472.0,0.0,197623.0,0.0,197845.0,0.0,197996.0,0.0,198147.0,0.0,198298.0
0.0,198449.0,0.0,198600.0,0.0,198751.0,0.0,198902.0,0.0,199053.0,0.0
199204.0,0.0,197920.0,0.0,198071.0,0.0,198222.0,0.0,198373.0,0.0,198524.0
0.0,198675.0,0.0,198826.0,0.0,198977.0,0.0,199128.0,0.0,199279.0,0.0
199501.0,0.0,199652.0,0.0,199803.0,0.0,199954.0,0.0,200105.0,0.0,200256.0
0.0,200407.0,0.0,200558.0,0.0,200709.0,0.0,200860.0,0.0,199576.0,0.0
199727.0,0.0,199878.0,0.0,200029.0,0.0,200180.0,0.0,200331.0,0.0,200482.0
0.0,200633.0,0.0,200784.0,0.0,200935.0,0.0,201157.0,0.0,201308.0,0.0
201459.0,0.0,201610.0,0.0,201761.0,0.0,201912.0,0.0,202063.0,0.0,202214.0
0.0,202365.0,0.0,202516.0,0.0,201232.0,0.0,201383.0,0.0,201534.0,0.0
201685.0,0.0,201836.0,0.0,201987.0,0.0,202138.0,0.0,202289.0,0.0,202440.0
0.0,202591.0,0.0,202813.0,0.0,202964.0,0.0,203115.0,0.0,203266.0,0.0
203417.0,0.0,203568.0,0.0,203719.0,0.0,203870.0,0.0,204021.0,0.0,204172.0
0.0,202888.0,0.0,203039.0,0.0,203190.0,0.0,203341.0,0.0,203492.0,0.0
203643.0,0.0,203794.0,0.0,203945.0,0.0,204096.0,0.0,204247.0,0.0,204469.0
0.0,204620.0,0.0,204771.0,0.0,204922.0,0.0,205073.0,0.0,205224.0,0.0
205375.0,0.0,205526.0,0.0,205677.0,0.0,205828.0,0.0,204544.0,0.0,204695.0
0.0,204846.0,0.0,204997.0,0.0,205148.0,0.0,205299.0,0.0,205450.0,0.0
205601.0,0.0,205752.0,0.0,205903.0,0.0,206125.0,0.0,206276.0,0.0,206427.0
0.0,206578.0,0.0,206729.0,0.0,206880.0,0.0,207031.0,0.0,207182.0,0.0
207333.0,0.0,207484.0,0.0,206200.0,0.0,206351.0,0.0,206502.0,0.0,206653.0
0.0,206804.0,0.0,206955.0,0.0,207106.0,0.0,207257.0,0.0,207408.0,0.0
207559.0,0.0,207781.0,0.0,207932.0,0.0,208083.0,0.0,208234.0,0.0,208385.0
0.0,208536.0,0.0,208687.0,0.0,208838.0,0.0,208989.0,0.0,209140.0,0.0
207856.0,0.0,208007.0,0.0,208158.0,0.0,208309.0,0.0,208460.0,0.0,208611.0
0.0,208762.0,0.0,208913.0,0.0,209064.0,0.0,209215.0,0.0,209441.0,0.0
209782.0,0.0,211449.0,0.0,213116.0,0.0,214783.0,0.0,216450.0,0.0,218117.0
0.0,219784.0,0.0,221451.0,0.0,223118.0,0.0,224785.0,0.0,226484.0,0.0
228201.0,0.0,229918.0,0.0,231635.0,0.0,233352.0,0.0,235078.0,0.0,236805.0
0.0,238532.0,0.0,240259.0,0.0,241986.0,0.0,243713.0,0.0,245440.0,0.0
247167.0,0.0,248894.0,0.0,250621.0,0.0,252348.0,0.0,254075.0,0.0,255802.0
0.0,257529.0,0.0,259256.0,0.0,260983.0,0.0,262710.0,0.0,264437.0,0.0
266164.0,0.0,209929.0,0.0,210081.0,0.0,210233.0,0.0,210385.0,0.0,210537.0
0.0,210689.0,0.0,210841.0,0.0,210993.0,0.0,211145.0,0.0,211297.0,0.0
210004.0,0.0,210156.0,0.0,210308.0,0.0,210460.0,0.0,210612.0,0.0,210764.0
0.0,210916.0,0.0,211068.0,0.0,211220.0,0.0,211372.0,0.0,211596.0,0.0
211748.0,0.0,211900.0,0.0,212052.0,0.0,212204.0,0.0,212356.0,0.0,212508.0
0.0,212660.0,0.0,212812.0,0.0,212964.0,0.0,211671.0,0.0,211823.0,0.0
211975.0,0.0,212127.0,0.0,212279.0,0.0,212431.0,0.0,212583.0,0.0,212735.0
0.0,212887.0,0.0,213039.0,0.0,213263.0,0.0,213415.0,0.0,213567.0,0.0
213719.0,0.0,213871.0,0.0,214023.0,0.0,214175.0,0.0,214327.0,0.0,214479.0
0.0,214631.0,0.0,213338.0,0.0,213490.0,0.0,213642.0,0.0,213794.0,0.0
213946.0,0.0,214098.0,0.0,214250.0,0.0,214402.0,0.0,214554.0,0.0,214706.0
0.0,214930.0,0.0,215082.0,0.0,215234.0,0.0,215386.0,0.0,215538.0,0.0
215690.0,0.0,215842.0,0.0,215994.0,0.0,216146.0,0.0,216298.0,0.0,215005.0
0.0,215157.0,0.0,215309.0,0.0,215461.0,0.0,215613.0,0.0,215765.0,0.0
215917.0,0.0,216069.0,0.0,216221.0,0.0,216373.0,0.0,216597.0,0.0,216749.0
0.0,216901.0,0.0,217053.0,0.0,217205.0,0.0,217357.0,0.0,217509.0,0.0
217661.0,0.0,217813.0,0.0,217965.0,0.0,216672.0,0.0,216824.0,0.0,216976.0
0.0,217128.0,0.0,217280.0,0.0,217432.0,0.0,217584.0,0.0,217736.0,0.0
217888.0,0.0,218040.0,0.0,218264.0,0.0,218416.0,0.0,218568.0,0.0,218720.0
0.0,218872.0,0.0,219024.0,0.0,219176.0,0.0,219328.0,0.0,219480.0,0.0
219632.0,0.0,218339.0,0.0,218491.0,0.0,218643.0,0.0,218795.0,0.0,218947.0
0.0,219099.0,0.0,219251.0,0.0,219403.0,0.0,219555.0,0.0,219707.0,0.0
219931.0,0.0,220083.0,0.0,220235.0,0.0,220387.0,0.0,220539.0,0.0,220691.0
0.0,220843.0,0.0,220995.0,0.0,221147.0,0.0,221299.0,0.0,220006.0,0.0
220158.0,0.0,220310.0,0.0,220462.0,0.0,220614.0,0.0,220766.0,0.0,220918.0
0.0,221070.0,0.0,221222.0,0.0,221374.0,0.0,221598.0,0.0,221750.0,0.0
221902.0,0.0,222054.0,0.0,222206.0,0.0,222358.0,0.0,222510.0,0.0,222662.0
0.0,222814.0,0.0,222966.0,0.0,221673.0,0.0,221825.0,0.0,221977.0,0.0
222129.0,0.0,222281.0,0.0,222433.0,0.0,222585.0,0.0,222737.0,0.0,222889.0
0.0,223041.0,0.0,223265.0,0.0,223417.0,0.0,223569.0,0.0,223721.0,0.0
223873.0,0.0,224025.0,0.0,224177.0,0.0,224329.0,0.0,224481.0,0.0,224633.0
0.0,223340.0,0.0,223492.0,0.0,223644.0,0.0,223796.0,0.0,223948.0,0.0
224100.0,0.0,224252.0,0.0,224404.0,0.0,224556.0,0.0,224708.0,0.0,224936.0
0.0,225090.0,0.0,225244.0,0.0,225398.0,0.0,225552.0,0.0,225706.0,0.0
225860.0,0.0,226016.0,0.0,226172.0,0.0,226328.0,0.0,225012.0,0.0,225166.0
0.0,225320.0,0.0,225474.0,0.0,225628.0,0.0,225782.0,0.0,225937.0,0.0
226093.0,0.0,226249.0,0.0,226405.0,0.0,226641.0,0.0,226797.0,0.0,226953.0
0.0,227109.0,0.0,227265.0,0.0,227421.0,0.0,227577.0,0.0,227733.0,0.0
227889.0,0.0,228045.0,0.0,226718.0,0.0,226874.0,0.0,227030.0,0.0,227186.0
0.0,227342.0,0.0,227498.0,0.0,227654.0,0.0,227810.0,0.0,227966.0,0.0
228122.0,0.0,228358.0,0.0,228514.0,0.0,228670.0,0.0,228826.0,0.0,228982.0
0.0,229138.0,0.0,229294.0,0.0,229450.0,0.0,229606.0,0.0,229762.0,0.0
228435.0,0.0,228591.0,0.0,228747.0,0.0,228903.0,0.0,229059.0,0.0,229215.0
0.0,229371.0,0.0,229527.0,0.0,229683.0,0.0,229839.0,0.0,230075.0,0.0
230231.0,0.0,230387.0,0.0,230543.0,0.0,230699.0,0.0,230855.0,0.0,231011.0
0.0,231167.0,0.0,231323.0,0.0,231479.0,0.0,230152.0,0.0,230308.0,0.0
230464.0,0.0,230620.0,0.0,230776.0,0.0,230932.0,0.0,231088.0,0.0,231244.0
0.0,231400.0,0.0,231556.0,0.0,231792.0,0.0,231948.0,0.0,232104.0,0.0
232260.0,0.0,232416.0,0.0,232572.0,0.0,232728.0,0.0,232884.0,0.0,233040.0
0.0,233196.0,0.0,231869.0,0.0,232025.0,0.0,232181.0,0.0,232337.0,0.0
232493.0,0.0,232649.0,0.0,232805.0,0.0,232961.0,0.0,233117.0,0.0,233273.0
0.0,233509.0,0.0,233665.0,0.0,233822.0,0.0,233979.0,0.0,234136.0,0.0
234293.0,0.0,234450.0,0.0,234607.0,0.0,234764.0,0.0,234921.0,0.0,233586.0
0.0,233742.0,0.0,233899.0,0.0,234056.0,0.0,234213.0,0.0,234370.0,0.0
234527.0,0.0,234684.0,0.0,234841.0,0.0,234998.0,0.0,235235.0,0.0,235392.0
0.0,235549.0,0.0,235706.0,0.0,235863.0,0.0,236020.0,0.0,236177.0,0.0
236334.0,0.0,236491.0,0.0,236648.0,0.0,235312.0,0.0,235469.0,0.0,235626.0
0.0,235783.0,0.0,235940.0,0.0,236097.0,0.0,236254.0,0.0,236411.0,0.0
236568.0,0.0,236725.0,0.0,236962.0,0.0,237119.0,0.0,237276.0,0.0,237433.0
0.0,237590.0,0.0,237747.0,0.0,237904.0,0.0,238061.0,0.0,238218.0,0.0
238375.0,0.0,237039.0,0.0,237196.0,0.0,237353.0,0.0,237510.0,0.0,237667.0
0.0,237824.0,0.0,237981.0,0.0,238138.0,0.0,238295.0,0.0,238452.0,0.0
238689.0,0.0,238846.0,0.0,239003.0,0.0,239160.0,0.0,239317.0,0.0,239474.0
0.0,239631.0,0.0,239788.0,0.0,239945.0,0.0,240102.0,0.0,238766.0,0.0
238923.0,0.0,239080.0,0.0,239237.0,0.0,239394.0,0.0,239551.0,0.0,239708.0
0.0,239865.0,0.0,240022.0,0.0,240179.0,0.0,240416.0,0.0,240573.0,0.0
240730.0,0.0,240887.0,0.0,241044.0,0.0,241201.0,0.0,241358.0,0.0,241515.0
0.0,241672.0,0.0,241829.0,0.0,240493.0,0.0,240650.0,0.0,240807.0,0.0
240964.0,0.0,241121.0,0.0,241278.0,0.0,241435.0,0.0,241592.0,0.0,241749.0
0.0,241906.0,0.0,242143.0,0.0,242300.0,0.0,242457.0,0.0,242614.0,0.0
242771.0,0.0,242928.0,0.0,243085.0,0.0,243242.0,0.0,243399.0,0.0,243556.0
0.0,242220.0,0.0,242377.0,0.0,242534.0,0.0,242691.0,0.0,242848.0,0.0
243005.0,0.0,243162.0,0.0,243319.0,0.0,243476.0,0.0,243633.0,0.0,243870.0
0.0,244027.0,0.0,244184.0,0.0,244341.0,0.0,244498.0,0.0,244655.0,0.0
244812.0,0.0,244969.0,0.0,245126.0,0.0,245283.0,0.0,243947.0,0.0,244104.0
0.0,244261.0,0.0,244418.0,0.0,244575.0,0.0,244732.0,0.0,244889.0,0.0
245046.0,0.0,245203.0,0.0,245360.0,0.0,245597.0,0.0,245754.0,0.0,245911.0
0.0,246068.0,0.0,246225.0,0.0,246382.0,0.0,246539.0,0.0,246696.0,0.0
246853.0,0.0,247010.0,0.0,245674.0,0.0,245831.0,0.0,245988.0,0.0,246145.0
0.0,246302.0,0.0,246459.0,0.0,246616.0,0.0,246773.0,0.0,246930.0,0.0
247087.0,0.0,247324.0,0.0,247481.0,0.0,247638.0,0.0,247795.0,0.0,247952.0
0.0,248109.0,0.0,248266.0,0.0,248423.0,0.0,248580.0,0.0,248737.0,0.0
247401.0,0.0,247558.0,0.0,247715.0,0.0,247872.0,0.0,248029.0,0.0,248186.0
0.0,248343.0,0.0,248500.0,0.0,248657.0,0.0,248814.0,0.0,249051.0,0.0
249208.0,0.0,249365.0,0.0,249522.0,0.0,249679.0,0.0,249836.0,0.0,249993.0
0.0,250150.0,0.0,250307.0,0.0,250464.0,0.0,249128.0,0.0,249285.0,0.0
249442.0,0.0,249599.0,0.0,249756.0,0.0,249913.0,0.0,250070.0,0.0,250227.0
0.0,250384.0,0.0,250541.0,0.0,250778.0,0.0,250935.0,0.0,251092.0,0.0
251249.0,0.0,251406.0,0.0,251563.0,0.0,251720.0,0.0,251877.0,0.0,252034.0
0.0,252191.0,0.0,250855.0,0.0,251012.0,0.0,251169.0,0.0,251326.0,0.0
251483.0,0.0,251640.0,0.0,251797.0,0.0,251954.0,0.0,252111.0,0.0,252268.0
0.0,252505.0,0.0,252662.0,0.0,252819.0,0.0,252976.0,0.0,253133.0,0.0
253290.0,0.0,253447.0,0.0,253604.0,0.0,253761.0,0.0,253918.0,0.0,252582.0
0.0,252739.0,0.0,252896.0,0.0,253053.0,0.0,253210.0,0.0,253367.0,0.0
253524.0,0.0,253681.0,0.0,253838.0,0.0,253995.0,0.0,254232.0,0.0,254389.0
0.0,254546.0,0.0,254703.0,0.0,254860.0,0.0,255017.0,0.0,255174.0,0.0
255331.0,0.0,255488.0,0.0,255645.0,0.0,254309.0,0.0,254466.0,0.0,254623.0
0.0,254780.0,0.0,254937.0,0.0,255094.0,0.0,255251.0,0.0,255408.0,0.0
255565.0,0.0,255722.0,0.0,255959.0,0.0,256116.0,0.0,256273.0,0.0,256430.0
0.0,256587.0,0.0,256744.0,0.0,256901.0,0.0,257058.0,0.0,257215.0,0.0
257372.0,0.0,256036.0,0.0,256193.0,0.0,256350.0,0.0,256507.0,0.0,256664.0
0.0,256821.0,0.0,256978.0,0.0,257135.0,0.0,257292.0,0.0,257449.0,0.0
257686.0,0.0,257843.0,0.0,258000.0,0.0,258157.0,0.0,258314.0,0.0,258471.0
0.0,258628.0,0.0,258785.0,0.0,258942.0,0.0,259099.0,0.0,257763.0,0.0
257920.0,0.0,258077.0,0.0,258234.0,0.0,258391.0,0.0,258548.0,0.0,258705.0
0.0,258862.0,0.0,259019.0,0.0,259176.0,0.0,259413.0,0.0,259570.0,0.0
259727.0,0.0,259884.0,0.0,260041.0,0.0,260198.0,0.0,260355.0,0.0,260512.0
0.0,260669.0,0.0,260826.0,0.0,259490.0,0.0,259647.0,0.0,259804.0,0.0
259961.0,0.0,260118.0,0.0,260275.0,0.0,260432.0,0.0,260589.0,0.0,260746.0
0.0,260903.0,0.0,261140.0,0.0,261297.0,0.0,261454.0,0.0,261611.0,0.0
261768.0,0.0,261925.0,0.0,262082.0,0.0,262239.0,0.0,262396.0,0.0,262553.0
0.0,261217.0,0.0,261374.0,0.0,261531.0,0.0,261688.0,0.0,261845.0,0.0
262002.0,0.0,262159.0,0.0,262316.0,0.0,262473.0,0.0,262630.0,0.0,262867.0
0.0,263024.0,0.0,263181.0,0.0,263338.0,0.0,263495.0,0.0,263652.0,0.0
263809.0,0.0,263966.0,0.0,264123.0,0.0,264280.0,0.0,262944.0,0.0,263101.0
0.0,263258.0,0.0,263415.0,0.0,263572.0,0.0,263729.0,0.0,263886.0,0.0
264043.0,0.0,264200.0,0.0,264357.0,0.0,264594.0,0.0,264751.0,0.0,264908.0
0.0,265065.0,0.0,265222.0,0.0,265379.0,0.0,265536.0,0.0,265693.0,0.0
265850.0,0.0,266007.0,0.0,264671.0,0.0,264828.0,0.0,264985.0,0.0,265142.0
0.0,265299.0,0.0,265456.0,0.0,265613.0,0.0,265770.0,0.0,265927.0,0.0
266084.0,0.0,266321.0,0.0,266478.0,0.0,266635.0,0.0,266792.0,0.0,266949.0
0.0,267106.0,0.0,267263.0,0.0,267420.0,0.0,267577.0,0.0,267734.0,0.0
266398.0,0.0,266555.0,0.0,266712.0,0.0,266869.0,0.0,267026.0,0.0,267183.0
0.0,267340.0,0.0,267497.0,0.0,267654.0,0.0,267811.0,0.0,268044.0,0.0
268420.0,0.0,270159.0,0.0,271898.0,0.0,273637.0,0.0,275376.0,0.0,277115.0
0.0,278854.0,0.0,280593.0,0.0,282332.0,0.0,284071.0,0.0,285810.0,0.0
287549.0,0.0,289288.0,0.0,291027.0,0.0,292766.0,0.0,294505.0,0.0,296244.0
0.0,297983.0,0.0,299722.0,0.0,301461.0,0.0,303200.0,0.0,304939.0,0.0
306678.0,0.0,308417.0,0.0,310156.0,0.0,311895.0,0.0,313634.0,0.0,315373.0
0.0,317112.0,0.0,318851.0,0.0,320590.0,0.0,322329.0,0.0,324068.0,0.0
325807.0,0.0,268579.0,0.0,268737.0,0.0,268895.0,0.0,269053.0,0.0,269211.0
0.0,269369.0,0.0,269527.0,0.0,269685.0,0.0,269843.0,0.0,270001.0,0.0
268657.0,0.0,268815.0,0.0,268973.0,0.0,269131.0,0.0,269289.0,0.0,269447.0
0.0,269605.0,0.0,269763.0,0.0,269921.0,0.0,270079.0,0.0,270318.0,0.0
270476.0,0.0,270634.0,0.0,270792.0,0.0,270950.0,0.0,271108.0,0.0,271266.0
0.0,271424.0,0.0,271582.0,0.0,271740.0,0.0,270396.0,0.0,270554.0,0.0
270712.0,0.0,270870.0,0.0,271028.0,0.0,271186.0,0.0,271344.0,0.0,271502.0
0.0,271660.0,0.0,271818.0,0.0,272057.0,0.0,272215.0,0.0,272373.0,0.0
272531.0,0.0,272689.0,0.0,272847.0,0.0,273005.0,0.0,273163.0,0.0,273321.0
0.0,273479.0,0.0,272135.0,0.0,272293.0,0.0,272451.0,0.0,272609.0,0.0
272767.0,0.0,272925.0,0.0,273083.0,0.0,273241.0,0.0,273399.0,0.0,273557.0
0.0,273796.0,0.0,273954.0,0.0,274112.0,0.0,274270.0,0.0,274428.0,0.0
274586.0,0.0,274744.0,0.0,274902.0,0.0,275060.0,0.0,275218.0,0.0,273874.0
0.0,274032.0,0.0,274190.0,0.0,274348.0,0.0,274506.0,0.0,274664.0,0.0
274822.0,0.0,274980.0,0.0,275138.0,0.0,275296.0,0.0,275535.0,0.0,275693.0
0.0,275851.0,0.0,276009.0,0.0,276167.0,0.0,276325.0,0.0,276483.0,0.0
276641.0,0.0,276799.0,0.0,276957.0,0.0,275613.0,0.0,275771.0,0.0,275929.0
0.0,276087.0,0.0,276245.0,0.0,276403.0,0.0,276561.0,0.0,276719.0,0.0
276877.0,0.0,277035.0,0.0,277274.0,0.0,277432.0,0.0,277590.0,0.0,277748.0
0.0,277906.0,0.0,278064.0,0.0,278222.0,0.0,278380.0,0.0,278538.0,0.0
278696.0,0.0,277352.0,0.0,277510.0,0.0,277668.0,0.0,277826.0,0.0,277984.0
0.0,278142.0,0.0,278300.0,0.0,278458.0,0.0,278616.0,0.0,278774.0,0.0
279013.0,0.0,279171.0,0.0,279329.0,0.0,279487.0,0.0,279645.0,0.0,279803.0
0.0,279961.0,0.0,280119.0,0.0,280277.0,0.0,280435.0,0.0,279091.0,0.0
279249.0,0.0,279407.0,0.0,279565.0,0.0,279723.0,0.0,279881.0,0.0,280039.0
0.0,280197.0,0.0,280355.0,0.0,280513.0,0.0,280752.0,0.0,280910.0,0.0
281068.0,0.0,281226.0,0.0,281384.0,0.0,281542.0,0.0,281700.0,0.0,281858.0
0.0,282016.0,0.0,282174.0,0.0,280830.0,0.0,280988.0,0.0,281146.0,0.0
281304.0,0.0,281462.0,0.0,281620.0,0.0,281778.0,0.0,281936.0,0.0,282094.0
0.0,282252.0,0.0,282491.0,0.0,282649.0,0.0,282807.0,0.0,282965.0,0.0
283123.0,0.0,283281.0,0.0,283439.0,0.0,283597.0,0.0,283755.0,0.0,283913.0
0.0,282569.0,0.0,282727.0,0.0,282885.0,0.0,283043.0,0.0,283201.0,0.0
283359.0,0.0,283517.0,0.0,283675.0,0.0,283833.0,0.0,283991.0,0.0,284230.0
0.0,284388.0,0.0,284546.0,0.0,284704.0,0.0,284862.0,0.0,285020.0,0.0
285178.0,0.0,285336.0,0.0,285494.0,0.0,285652.0,0.0,284308.0,0.0,284466.0
0.0,284624.0,0.0,284782.0,0.0,284940.0,0.0,285098.0,0.0,285256.0,0.0
285414.0,0.0,285572.0,0.0,285730.0,0.0,285969.0,0.0,286127.0,0.0,286285.0
0.0,286443.0,0.0,286601.0,0.0,286759.0,0.0,286917.0,0.0,287075.0,0.0
287233.0,0.0,287391.0,0.0,286047.0,0.0,286205.0,0.0,286363.0,0.0,286521.0
0.0,286679.0,0.0,286837.0,0.0,286995.0,0.0,287153.0,0.0,287311.0,0.0
287469.0,0.0,287708.0,0.0,287866.0,0.0,288024.0,0.0,288182.0,0.0,288340.0
0.0,288498.0,0.0,288656.0,0.0,288814.0,0.0,288972.0,0.0,289130.0,0.0
287786.0,0.0,287944.0,0.0,288102.0,0.0,288260.0,0.0,288418.0,0.0,288576.0
0.0,288734.0,0.0,288892.0,0.0,289050.0,0.0,289208.0,0.0,289447.0,0.0
289605.0,0.0,289763.0,0.0,289921.0,0.0,290079.0,0.0,290237.0,0.0,290395.0
0.0,290553.0,0.0,290711.0,0.0,290869.0,0.0,289525.0,0.0,289683.0,0.0
289841.0,0.0,289999.0,0.0,290157.0,0.0,290315.0,0.0,290473.0,0.0,290631.0
0.0,290789.0,0.0,290947.0,0.0,291186.0,0.0,291344.0,0.0,291502.0,0.0
291660.0,0.0,291818.0,0.0,291976.0,0.0,292134.0,0.0,292292.0,0.0,292450.0
0.0,292608.0,0.0,291264.0,0.0,291422.0,0.0,291580.0,0.0,291738.0,0.0
291896.0,0.0,292054.0,0.0,292212.0,0.0,292370.0,0.0,292528.0,0.0,292686.0
0.0,292925.0,0.0,293083.0,0.0,293241.0,0.0,293399.0,0.0,293557.0,0.0
293715.0,0.0,293873.0,0.0,294031.0,0.0,294189.0,0.0,294347.0,0.0,293003.0
0.0,293161.0,0.0,293319.0,0.0,293477.0,0.0,293635.0,0.0,293793.0,0.0
293951.0,0.0,294109.0,0.0,294267.0,0.0,294425.0,0.0,294664.0,0.0,294822.0
0.0,294980.0,0.0,295138.0,0.0,295296.0,0.0,295454.0,0.0,295612.0,0.0
295770.0,0.0,295928.0,0.0,296086.0,0.0,294742.0,0.0,294900.0,0.0,295058.0
0.0,295216.0,0.0,295374.0,0.0,295532.0,0.0,295690.0,0.0,295848.0,0.0
296006.0,0.0,296164.0,0.0,296403.0,0.0,296561.0,0.0,296719.0,0.0,296877.0
0.0,297035.0,0.0,297193.0,0.0,297351.0,0.0,297509.0,0.0,297667.0,0.0
297825.0,0.0,296481.0,0.0,296639.0,0.0,296797.0,0.0,296955.0,0.0,297113.0
0.0,297271.0,0.0,297429.0,0.0,297587.0,0.0,297745.0,0.0,297903.0,0.0
298142.0,0.0,298300.0,0.0,298458.0,0.0,298616.0,0.0,298774.0,0.0,298932.0
0.0,299090.0,0.0,299248.0,0.0,299406.0,0.0,299564.0,0.0,298220.0,0.0
298378.0,0.0,298536.0,0.0,298694.0,0.0,298852.0,0.0,299010.0,0.0,299168.0
0.0,299326.0,0.0,299484.0,0.0,299642.0,0.0,299881.0,0.0,300039.0,0.0
300197.0,0.0,300355.0,0.0,300513.0,0.0,300671.0,0.0,300829.0,0.0,300987.0
0.0,301145.0,0.0,301303.0,0.0,299959.0,0.0,300117.0,0.0,300275.0,0.0
300433.0,0.0,300591.0,0.0,300749.0,0.0,300907.0,0.0,301065.0,0.0,301223.0
0.0,301381.0,0.0,301620.0,0.0,301778.0,0.0,301936.0,0.0,302094.0,0.0
302252.0,0.0,302410.0,0.0,302568.0,0.0,302726.0,0.0,302884.0,0.0,303042.0
0.0,301698.0,0.0,301856.0,0.0,302014.0,0.0,302172.0,0.0,302330.0,0.0
302488.0,0.0,302646.0,0.0,302804.0,0.0,302962.0,0.0,303120.0,0.0,303359.0
0.0,303517.0,0.0,303675.0,0.0,303833.0,0.0,303991.0,0.0,304149.0,0.0
304307.0,0.0,304465.0,0.0,304623.0,0.0,304781.0,0.0,303437.0,0.0,303595.0
0.0,303753.0,0.0,303911.0,0.0,304069.0,0.0,304227.0,0.0,304385.0,0.0
304543.0,0.0,304701.0,0.0,304859.0,0.0,305098.0,0.0,305256.0,0.0,305414.0
0.0,305572.0,0.0,305730.0,0.0,305888.0,0.0,306046.0,0.0,306204.0,0.0
306362.0,0.0,306520.0,0.0,305176.0,0.0,305334.0,0.0,305492.0,0.0,305650.0
0.0,305808.0,0.0,305966.0,0.0,306124.0,0.0,306282.0,0.0,306440.0,0.0
306598.0,0.0,306837.0,0.0,306995.0,0.0,307153.0,0.0,307311.0,0.0,307469.0
0.0,307627.0,0.0,307785.0,0.0,307943.0,0.0,308101.0,0.0,308259.0,0.0
306915.0,0.0,307073.0,0.0,307231.0,0.0,307389.0,0.0,307547.0,0.0,307705.0
0.0,307863.0,0.0,308021.0,0.0,308179.0,0.0,308337.0,0.0,308576.0,0.0
308734.0,0.0,308892.0,0.0,309050.0,0.0,309208.0,0.0,309366.0,0.0,309524.0
0.0,309682.0,0.0,309840.0,0.0,309998.0,0.0,308654.0,0.0,308812.0,0.0
308970.0,0.0,309128.0,0.0,309286.0,0.0,309444.0,0.0,309602.0,0.0,309760.0
0.0,309918.0,0.0,310076.0,0.0,310315.0,0.0,310473.0,0.0,310631.0,0.0
310789.0,0.0,310947.0,0.0,311105.0,0.0,311263.0,0.0,311421.0,0.0,311579.0
0.0,311737.0,0.0,310393.0,0.0,310551.0,0.0,310709.0,0.0,310867.0,0.0
311025.0,0.0,311183.0,0.0,311341.0,0.0,311499.0,0.0,311657.0,0.0,311815.0
0.0,312054.0,0.0,312212.0,0.0,312370.0,0.0,312528.0,0.0,312686.0,0.0
312844.0,0.0,313002.0,0.0,313160.0,0.0,313318.0,0.0,313476.0,0.0,312132.0
0.0,312290.0,0.0,312448.0,0.0,312606.0,0.0,312764.0,0.0,312922.0,0.0
313080.0,0.0,313238.0,0.0,313396.0,0.0,313554.0,0.0,313793.0,0.0,313951.0
0.0,314109.0,0.0,314267.0,0.0,314425.0,0.0,314583.0,0.0,314741.0,0.0
314899.0,0.0,315057.0,0.0,315215.0,0.0,313871.0,0.0,314029.0,0.0,314187.0
0.0,314345.0,0.0,314503.0,0.0,314661.0,0.0,314819.0,0.0,314977.0,0.0
315135.0,0.0,315293.0,0.0,315532.0,0.0,315690.0,0.0,315848.0,0.0,316006.0
0.0,316164.0,0.0,316322.0,0.0,316480.0,0.0,316638.0,0.0,316796.0,0.0
316954.0,0.0,315610.0,0.0,315768.0,0.0,315926.0,0.0,316084.0,0.0,316242.0
0.0,316400.0,0.0,316558.0,0.0,316716.0,0.0,316874.0,0.0,317032.0,0.0
317271.0,0.0,317429.0,0.0,317587.0,0.0,317745.0,0.0,317903.0,0.0,318061.0
0.0,318219.0,0.0,318377.0,0.0,318535.0,0.0,318693.0,0.0,317349.0,0.0
317507.0,0.0,317665.0,0.0,317823.0,0.0,317981.0,0.0,318139.0,0.0,318297.0
0.0,318455.0,0.0,318613.0,0.0,318771.0,0.0,319010.0,0.0,319168.0,0.0
319326.0,0.0,319484.0,0.0,319642.0,0.0,319800.0,0.0,319958.0,0.0,320116.0
0.0,320274.0,0.0,320432.0,0.0,319088.0,0.0,319246.0,0.0,319404.0,0.0
319562.0,0.0,319720.0,0.0,319878.0,0.0,320036.0,0.0,320194.0,0.0,320352.0
0.0,320510.0,0.0,320749.0,0.0,320907.0,0.0,321065.0,0.0,321223.0,0.0
321381.0,0.0,321539.0,0.0,321697.0,0.0,321855.0,0.0,322013.0,0.0,322171.0
0.0,320827.0,0.0,320985.0,0.0,321143.0,0.0,321301.0,0.0,321459.0,0.0
321617.0,0.0,321775.0,0.0,321933.0,0.0,322091.0,0.0,322249.0,0.0,322488.0
0.0,322646.0,0.0,322804.0,0.0,322962.0,0.0,323120.0,0.0,323278.0,0.0
323436.0,0.0,323594.0,0.0,323752.0,0.0,323910.0,0.0,322566.0,0.0,322724.0
0.0,322882.0,0.0,323040.0,0.0,323198.0,0.0,323356.0,0.0,323514.0,0.0
323672.0,0.0,323830.0,0.0,323988.0,0.0,324227.0,0.0,324385.0,0.0,324543.0
0.0,324701.0,0.0,324859.0,0.0,325017.0,0.0,325175.0,0.0,325333.0,0.0
325491.0,0.0,325649.0,0.0,324305.0,0.0,324463.0,0.0,324621.0,0.0,324779.0
0.0,324937.0,0.0,325095.0,0.0,325253.0,0.0,325411.0,0.0,325569.0,0.0
325727.0,0.0,325966.0,0.0,326124.0,0.0,326282.0,0.0,326440.0,0.0,326598.0
0.0,326756.0,0.0,326914.0,0.0,327072.0,0.0,327230.0,0.0,327388.0,0.0
326044.0,0.0,326202.0,0.0,326360.0,0.0,326518.0,0.0,326676.0,0.0,326834.0
0.0,326992.0,0.0,327150.0,0.0,327308.0,0.0,327466.0,0.0,327699.0,0.0
328075.0,0.0,329814.0,0.0,331553.0,0.0,333292.0,0.0,335031.0,0.0,336770.0
0.0,338509.0,0.0,340248.0,0.0,341987.0,0.0,343726.0,0.0,345465.0,0.0
347204.0,0.0,348943.0,0.0,350682.0,0.0,352421.0,0.0,354160.0,0.0,355899.0
0.0,357638.0,0.0,359377.0,0.0,361116.0,0.0,362855.0,0.0,364594.0,0.0
366333.0,0.0,368072.0,0.0,369811.0,0.0,371550.0,0.0,373289.0,0.0,375028.0
0.0,376767.0,0.0,378506.0,0.0,380245.0,0.0,381984.0,0.0,383723.0,0.0
385462.0,0.0,328234.0,0.0,328392.0,0.0,328550.0,0.0,328708.0,0.0,328866.0
0.0,329024.0,0.0,329182.0,0.0,329340.0,0.0,329498.0,0.0,329656.0,0.0
328312.0,0.0,328470.0,0.0,328628.0,0.0,328786.0,0.0,328944.0,0.0,329102.0
0.0,329260.0,0.0,329418.0,0.0,329576.0,0.0,329734.0,0.0,329973.0,0.0
330131.0,0.0,330289.0,0.0,330447.0,0.0,330605.0,0.0,330763.0,0.0,330921.0
0.0,331079.0,0.0,331237.0,0.0,331395.0,0.0,330051.0,0.0,330209.0,0.0
330367.0,0.0,330525.0,0.0,330683.0,0.0,330841.0,0.0,330999.0,0.0,331157.0
0.0,331315.0,0.0,331473.0,0.0,331712.0,0.0,331870.0,0.0,332028.0,0.0
332186.0,0.0,332344.0,0.0,332502.0,0.0,332660.0,0.0,332818.0,0.0,332976.0
0.0,333134.0,0.0,331790.0,0.0,331948.0,0.0,332106.0,0.0,332264.0,0.0
332422.0,0.0,332580.0,0.0,332738.0,0.0,332896.0,0.0,333054.0,0.0,333212.0
0.0,333451.0,0.0,333609.0,0.0,333767.0,0.0,333925.0,0.0,334083.0,0.0
334241.0,0.0,334399.0,0.0,334557.0,0.0,334715.0,0.0,334873.0,0.0,333529.0
0.0,333687.0,0.0,333845.0,0.0,334003.0,0.0,334161.0,0.0,334319.0,0.0
334477.0,0.0,334635.0,0.0,334793.0,0.0,334951.0,0.0,335190.0,0.0,335348.0
0.0,335506.0,0.0,335664.0,0.0,335822.0,0.0,335980.0,0.0,336138.0,0.0
336296.0,0.0,336454.0,0.0,336612.0,0.0,335268.0,0.0,335426.0,0.0,335584.0
0.0,335742.0,0.0,335900.0,0.0,336058.0,0.0,336216.0,0.0,336374.0,0.0
336532.0,0.0,336690.0,0.0,336929.0,0.0,337087.0,0.0,337245.0,0.0,337403.0
0.0,337561.0,0.0,337719.0,0.0,337877.0,0.0,338035.0,0.0,338193.0,0.0
338351.0,0.0,337007.0,0.0,337165.0,0.0,337323.0,0.0,337481.0,0.0,337639.0
0.0,337797.0,0.0,337955.0,0.0,338113.0,0.0,338271.0,0.0,338429.0,0.0
338668.0,0.0,338826.0,0.0,338984.0,0.0,339142.0,0.0,339300.0,0.0,339458.0
0.0,339616.0,0.0,339774.0,0.0,339932.0,0.0,340090.0,0.0,338746.0,0.0
338904.0,0.0,339062.0,0.0,339220.0,0.0,339378.0,0.0,339536.0,0.0,339694.0
0.0,339852.0,0.0,340010.0,0.0,340168.0,0.0,340407.0,0.0,340565.0,0.0
340723.0,0.0,340881.0,0.0,341039.0,0.0,341197.0,0.0,341355.0,0.0,341513.0
0.0,341671.0,0.0,341829.0,0.0,340485.0,0.0,340643.0,0.0,340801.0,0.0
340959.0,0.0,341117.0,0.0,341275.0,0.0,341433.0,0.0,341591.0,0.0,341749.0
0.0,341907.0,0.0,342146.0,0.0,342304.0,0.0,342462.0,0.0,342620.0,0.0
342778.0,0.0,342936.0,0.0,343094.0,0.0,343252.0,0.0,343410.0,0.0,343568.0
0.0,342224.0,0.0,342382.0,0.0,342540.0,0.0,342698.0,0.0,342856.0,0.0
343014.0,0.0,343172.0,0.0,343330.0,0.0,343488.0,0.0,343646.0,0.0,343885.0
0.0,344043.0,0.0,344201.0,0.0,344359.0,0.0,344517.0,0.0,344675.0,0.0
344833.0,0.0,344991.0,0.0,345149.0,0.0,345307.0,0.0,343963.0,0.0,344121.0
0.0,344279.0,0.0,344437.0,0.0,344595.0,0.0,344753.0,0.0,344911.0,0.0
345069.0,0.0,345227.0,0.0,345385.0,0.0,345624.0,0.0,345782.0,0.0,345940.0
0.0,346098.0,0.0,346256.0,0.0,346414.0,0.0,346572.0,0.0,346730.0,0.0
346888.0,0.0,347046.0,0.0,345702.0,0.0,345860.0,0.0,346018.0,0.0,346176.0
0.0,346334.0,0.0,346492.0,0.0,346650.0,0.0,346808.0,0.0,346966.0,0.0
347124.0,0.0,347363.0,0.0,347521.0,0.0,347679.0,0.0,347837.0,0.0,347995.0
0.0,348153.0,0.0,348311.0,0.0,348469.0,0.0,348627.0,0.0,348785.0,0.0
347441.0,0.0,347599.0,0.0,347757.0,0.0,347915.0,0.0,348073.0,0.0,348231.0
0.0,348389.0,0.0,348547.0,0.0,348705.0,0.0,348863.0,0.0,349102.0,0.0
349260.0,0.0,349418.0,0.0,349576.0,0.0,349734.0,0.0,349892.0,0.0,350050.0
0.0,350208.0,0.0,350366.0,0.0,350524.0,0.0,349180.0,0.0,349338.0,0.0
349496.0,0.0,349654.0,0.0,349812.0,0.0,349970.0,0.0,350128.0,0.0,350286.0
0.0,350444.0,0.0,350602.0,0.0,350841.0,0.0,350999.0,0.0,351157.0,0.0
351315.0,0.0,351473.0,0.0,351631.0,0.0,351789.0,0.0,351947.0,0.0,352105.0
0.0,352263.0,0.0,350919.0,0.0,351077.0,0.0,351235.0,0.0,351393.0,0.0
351551.0,0.0,351709.0,0.0,351867.0,0.0,352025.0,0.0,352183.0,0.0,352341.0
0.0,352580.0,0.0,352738.0,0.0,352896.0,0.0,353054.0,0.0,353212.0,0.0
353370.0,0.0,353528.0,0.0,353686.0,0.0,353844.0,0.0,354002.0,0.0,352658.0
0.0,352816.0,0.0,352974.0,0.0,353132.0,0.0,353290.0,0.0,353448.0,0.0
353606.0,0.0,353764.0,0.0,353922.0,0.0,354080.0,0.0,354319.0,0.0,354477.0
0.0,354635.0,0.0,354793.0,0.0,354951.0,0.0,355109.0,0.0,355267.0,0.0
355425.0,0.0,355583.0,0.0,355741.0,0.0,354397.0,0.0,354555.0,0.0,354713.0
0.0,354871.0,0.0,355029.0,0.0,355187.0,0.0,355345.0,0.0,355503.0,0.0
355661.0,0.0,355819.0,0.0,356058.0,0.0,356216.0,0.0,356374.0,0.0,356532.0
0.0,356690.0,0.0,356848.0,0.0,357006.0,0.0,357164.0,0.0,357322.0,0.0
357480.0,0.0,356136.0,0.0,356294.0,0.0,356452.0,0.0,356610.0,0.0,356768.0
0.0,356926.0,0.0,357084.0,0.0,357242.0,0.0,357400.0,0.0,357558.0,0.0
357797.0,0.0,357955.0,0.0,358113.0,0.0,358271.0,0.0,358429.0,0.0,358587.0
0.0,358745.0,0.0,358903.0,0.0,359061.0,0.0,359219.0,0.0,357875.0,0.0
358033.0,0.0,358191.0,0.0,358349.0,0.0,358507.0,0.0,358665.0,0.0,358823.0
0.0,358981.0,0.0,359139.0,0.0,359297.0,0.0,359536.0,0.0,359694.0,0.0
359852.0,0.0,360010.0,0.0,360168.0,0.0,360326.0,0.0,360484.0,0.0,360642.0
0.0,360800.0,0.0,360958.0,0.0,359614.0,0.0,359772.0,0.0,359930.0,0.0
360088.0,0.0,360246.0,0.0,360404.0,0.0,360562.0,0.0,360720.0,0.0,360878.0
0.0,361036.0,0.0,361275.0,0.0,361433.0,0.0,361591.0,0.0,361749.0,0.0
361907.0,0.0,362065.0,0.0,362223.0,0.0,362381.0,0.0,362539.0,0.0,362697.0
0.0,361353.0,0.0,361511.0,0.0,361669.0,0.0,361827.0,0.0,361985.0,0.0
362143.0,0.0,362301.0,0.0,362459.0,0.0,362617.0,0.0,362775.0,0.0,363014.0
0.0,363172.0,0.0,363330.0,0.0,363488.0,0.0,363646.0,0.0,363804.0,0.0
363962.0,0.0,364120.0,0.0,364278.0,0.0,364436.0,0.0,363092.0,0.0,363250.0
0.0,363408.0,0.0,363566.0,0.0,363724.0,0.0,363882.0,0.0,364040.0,0.0
364198.0,0.0,364356.0,0.0,364514.0,0.0,364753.0,0.0,364911.0,0.0,365069.0
0.0,365227.0,0.0,365385.0,0.0,365543.0,0.0,365701.0,0.0,365859.0,0.0
366017.0,0.0,366175.0,0.0,364831.0,0.0,364989.0,0.0,365147.0,0.0,365305.0
0.0,365463.0,0.0,365621.0,0.0,365779.0,0.0,365937.0,0.0,366095.0,0.0
366253.0,0.0,366492.0,0.0,366650.0,0.0,366808.0,0.0,366966.0,0.0,367124.0
0.0,367282.0,0.0,367440.0,0.0,367598.0,0.0,367756.0,0.0,367914.0,0.0
366570.0,0.0,366728.0,0.0,366886.0,0.0,367044.0,0.0,367202.0,0.0,367360.0
0.0,367518.0,0.0,367676.0,0.0,367834.0,0.0,367992.0,0.0,368231.0,0.0
368389.0,0.0,368547.0,0.0,368705.0,0.0,368863.0,0.0,369021.0,0.0,369179.0
0.0,369337.0,0.0,369495.0,0.0,369653.0,0.0,368309.0,0.0,368467.0,0.0
368625.0,0.0,368783.0,0.0,368941.0,0.0,369099.0,0.0,369257.0,0.0,369415.0
0.0,369573.0,0.0,369731.0,0.0,369970.0,0.0,370128.0,0.0,370286.0,0.0
370444.0,0.0,370602.0,0.0,370760.0,0.0,370918.0,0.0,371076.0,0.0,371234.0
0.0,371392.0,0.0,370048.0,0.0,370206.0,0.0,370364.0,0.0,370522.0,0.0
370680.0,0.0,370838.0,0.0,370996.0,0.0,371154.0,0.0,371312.0,0.0,371470.0
0.0,371709.0,0.0,371867.0,0.0,372025.0,0.0,372183.0,0.0,372341.0,0.0
372499.0,0.0,372657.0,0.0,372815.0,0.0,372973.0,0.0,373131.0,0.0,371787.0
0.0,371945.0,0.0,372103.0,0.0,372261.0,0.0,372419.0,0.0,372577.0,0.0
372735.0,0.0,372893.0,0.0,373051.0,0.0,373209.0,0.0,373448.0,0.0,373606.0
0.0,373764.0,0.0,373922.0,0.0,374080.0,0.0,374238.0,0.0,374396.0,0.0
374554.0,0.0,374712.0,0.0,374870.0,0.0,373526.0,0.0,373684.0,0.0,373842.0
0.0,374000.0,0.0,374158.0,0.0,374316.0,0.0,374474.0,0.0,374632.0,0.0
374790.0,0.0,374948.0,0.0,375187.0,0.0,375345.0,0.0,375503.0,0.0,375661.0
0.0,375819.0,0.0,375977.0,0.0,376135.0,0.0,376293.0,0.0,376451.0,0.0
376609.0,0.0,375265.0,0.0,375423.0,0.0,375581.0,0.0,375739.0,0.0,375897.0
0.0,376055.0,0.0,376213.0,0.0,376371.0,0.0,376529.0,0.0,376687.0,0.0
376926.0,0.0,377084.0,0.0,377242.0,0.0,377400.0,0.0,377558.0,0.0,377716.0
0.0,377874.0,0.0,378032.0,0.0,378190.0,0.0,378348.0,0.0,377004.0,0.0
377162.0,0.0,377320.0,0.0,377478.0,0.0,377636.0,0.0,377794.0,0.0,377952.0
0.0,378110.0,0.0,378268.0,0.0,378426.0,0.0,378665.0,0.0,378823.0,0.0
378981.0,0.0,379139.0,0.0,379297.0,0.0,379455.0,0.0,379613.0,0.0,379771.0
0.0,379929.0,0.0,380087.0,0.0,378743.0,0.0,378901.0,0.0,379059.0,0.0
379217.0,0.0,379375.0,0.0,379533.0,0.0,379691.0,0.0,379849.0,0.0,380007.0
0.0,380165.0,0.0,380404.0,0.0,380562.0,0.0,380720.0,0.0,380878.0,0.0
381036.0,0.0,381194.0,0.0,381352.0,0.0,381510.0,0.0,381668.0,0.0,381826.0
0.0,380482.0,0.0,380640.0,0.0,380798.0,0.0,380956.0,0.0,381114.0,0.0
381272.0,0.0,381430.0,0.0,381588.0,0.0,381746.0,0.0,381904.0,0.0,382143.0
0.0,382301.0,0.0,382459.0,0.0,382617.0,0.0,382775.0,0.0,382933.0,0.0
383091.0,0.0,383249.0,0.0,383407.0,0.0,383565.0,0.0,382221.0,0.0,382379.0
0.0,382537.0,0.0,382695.0,0.0,382853.0,0.0,383011.0,0.0,383169.0,0.0
383327.0,0.0,383485.0,0.0,383643.0,0.0,383882.0,0.0,384040.0,0.0,384198.0
0.0,384356.0,0.0,384514.0,0.0,384672.0,0.0,384830.0,0.0,384988.0,0.0
385146.0,0.0,385304.0,0.0,383960.0,0.0,384118.0,0.0,384276.0,0.0,384434.0
0.0,384592.0,0.0,384750.0,0.0,384908.0,0.0,385066.0,0.0,385224.0,0.0
385382.0,0.0,385621.0,0.0,385779.0,0.0,385937.0,0.0,386095.0,0.0,386253.0
0.0,386411.0,0.0,386569.0,0.0,386727.0,0.0,386885.0,0.0,387043.0,0.0
385699.0,0.0,385857.0,0.0,386015.0,0.0,386173.0,0.0,386331.0,0.0,386489.0
0.0,386647.0,0.0,386805.0,0.0,386963.0,0.0,387121.0,0.0,387354.0,0.0
387730.0,0.0,389469.0,0.0,391208.0,0.0,392947.0,0.0,394686.0,0.0,396425.0
0.0,398164.0,0.0,399903.0,0.0,401642.0,0.0,403381.0,0.0,405120.0,0.0
406859.0,0.0,408598.0,0.0,410337.0,0.0,412076.0,0.0,413815.0,0.0,415554.0
0.0,417293.0,0.0,419032.0,0.0,420771.0,0.0,422510.0,0.0,424249.0,0.0
425988.0,0.0,427727.0,0.0,429466.0,0.0,431205.0,0.0,432944.0,0.0,434683.0
0.0,436422.0,0.0,438161.0,0.0,439900.0,0.0,441639.0,0.0,443378.0,0.0
445117.0,0.0,387889.0,0.0,388047.0,0.0,388205.0,0.0,388363.0,0.0,388521.0
0.0,388679.0,0.0,388837.0,0.0,388995.0,0.0,389153.0,0.0,389311.0,0.0
387967.0,0.0,388125.0,0.0,388283.0,0.0,388441.0,0.0,388599.0,0.0,388757.0
0.0,388915.0,0.0,389073.0,0.0,389231.0,0.0,389389.0,0.0,389628.0,0.0
389786.0,0.0,389944.0,0.0,390102.0,0.0,390260.0,0.0,390418.0,0.0,390576.0
0.0,390734.0,0.0,390892.0,0.0,391050.0,0.0,389706.0,0.0,389864.0,0.0
390022.0,0.0,390180.0,0.0,390338.0,0.0,390496.0,0.0,390654.0,0.0,390812.0
0.0,390970.0,0.0,391128.0,0.0,391367.0,0.0,391525.0,0.0,391683.0,0.0
391841.0,0.0,391999.0,0.0,392157.0,0.0,392315.0,0.0,392473.0,0.0,392631.0
0.0,392789.0,0.0,391445.0,0.0,391603.0,0.0,391761.0,0.0,391919.0,0.0
392077.0,0.0,392235.0,0.0,392393.0,0.0,392551.0,0.0,392709.0,0.0,392867.0
0.0,393106.0,0.0,393264.0,0.0,393422.0,0.0,393580.0,0.0,393738.0,0.0
393896.0,0.0,394054.0,0.0,394212.0,0.0,394370.0,0.0,394528.0,0.0,393184.0
0.0,393342.0,0.0,393500.0,0.0,393658.0,0.0,393816.0,0.0,393974.0,0.0
394132.0,0.0,394290.0,0.0,394448.0,0.0,394606.0,0.0,394845.0,0.0,395003.0
0.0,395161.0,0.0,395319.0,0.0,395477.0,0.0,395635.0,0.0,395793.0,0.0
395951.0,0.0,396109.0,0.0,396267.0,0.0,394923.0,0.0,395081.0,0.0,395239.0
0.0,395397.0,0.0,395555.0,0.0,395713.0,0.0,395871.0,0.0,396029.0,0.0
396187.0,0.0,396345.0,0.0,396584.0,0.0,396742.0,0.0,396900.0,0.0,397058.0
0.0,397216.0,0.0,397374.0,0.0,397532.0,0.0,397690.0,0.0,397848.0,0.0
398006.0,0.0,396662.0,0.0,396820.0,0.0,396978.0,0.0,397136.0,0.0,397294.0
0.0,397452.0,0.0,397610.0,0.0,397768.0,0.0,397926.0,0.0,398084.0,0.0
398323.0,0.0,398481.0,0.0,398639.0,0.0,398797.0,0.0,398955.0,0.0,399113.0
0.0,399271.0,0.0,399429.0,0.0,399587.0,0.0,399745.0,0.0,398401.0,0.0
398559.0,0.0,398717.0,0.0,398875.0,0.0,399033.0,0.0,399191.0,0.0,399349.0
0.0,399507.0,0.0,399665.0,0.0,399823.0,0.0,400062.0,0.0,400220.0,0.0
400378.0,0.0,400536.0,0.0,400694.0,0.0,400852.0,0.0,401010.0,0.0,401168.0
0.0,401326.0,0.0,401484.0,0.0,400140.0,0.0,400298.0,0.0,400456.0,0.0
400614.0,0.0,400772.0,0.0,400930.0,0.0,401088.0,0.0,401246.0,0.0,401404.0
0.0,401562.0,0.0,401801.0,0.0,401959.0,0.0,402117.0,0.0,402275.0,0.0
402433.0,0.0,402591.0,0.0,402749.0,0.0,402907.0,0.0,403065.0,0.0,403223.0
0.0,401879.0,0.0,402037.0,0.0,402195.0,0.0,402353.0,0.0,402511.0,0.0
402669.0,0.0,402827.0,0.0,402985.0,0.0,403143.0,0.0,403301.0,0.0,403540.0
0.0,403698.0,0.0,403856.0,0.0,404014.0,0.0,404172.0,0.0,404330.0,0.0
404488.0,0.0,404646.0,0.0,404804.0,0.0,404962.0,0.0,403618.0,0.0,403776.0
0.0,403934.0,0.0,404092.0,0.0,404250.0,0.0,404408.0,0.0,404566.0,0.0
404724.0,0.0,404882.0,0.0,405040.0,0.0,405279.0,0.0,405437.0,0.0,405595.0
0.0,405753.0,0.0,405911.0,0.0,406069.0,0.0,406227.0,0.0,406385.0,0.0
406543.0,0.0,406701.0,0.0,405357.0,0.0,405515.0,0.0,405673.0,0.0,405831.0
0.0,405989.0,0.0,406147.0,0.0,406305.0,0.0,406463.0,0.0,406621.0,0.0
406779.0,0.0,407018.0,0.0,407176.0,0.0,407334.0,0.0,407492.0,0.0,407650.0
0.0,407808.0,0.0,407966.0,0.0,408124.0,0.0,408282.0,0.0,408440.0,0.0
407096.0,0.0,407254.0,0.0,407412.0,0.0,407570.0,0.0,407728.0,0.0,407886.0
0.0,408044.0,0.0,408202.0,0.0,408360.0,0.0,408518.0,0.0,408757.0,0.0
408915.0,0.0,409073.0,0.0,409231.0,0.0,409389.0,0.0,409547.0,0.0,409705.0
0.0,409863.0,0.0,410021.0,0.0,410179.0,0.0,408835.0,0.0,408993.0,0.0
409151.0,0.0,409309.0,0.0,409467.0,0.0,409625.0,0.0,409783.0,0.0,409941.0
0.0,410099.0,0.0,410257.0,0.0,410496.0,0.0,410654.0,0.0,410812.0,0.0
410970.0,0.0,411128.0,0.0,411286.0,0.0,411444.0,0.0,411602.0,0.0,411760.0
0.0,411918.0,0.0,410574.0,0.0,410732.0,0.0,410890.0,0.0,411048.0,0.0
411206.0,0.0,411364.0,0.0,411522.0,0.0,411680.0,0.0,411838.0,0.0,411996.0
0.0,412235.0,0.0,412393.0,0.0,412551.0,0.0,412709.0,0.0,412867.0,0.0
413025.0,0.0,413183.0,0.0,413341.0,0.0,413499.0,0.0,413657.0,0.0,412313.0
0.0,412471.0,0.0,412629.0,0.0,412787.0,0.0,412945.0,0.0,413103.0,0.0
413261.0,0.0,413419.0,0.0,413577.0,0.0,413735.0,0.0,413974.0,0.0,414132.0
0.0,414290.0,0.0,414448.0,0.0,414606.0,0.0,414764.0,0.0,414922.0,0.0
415080.0,0.0,415238.0,0.0,415396.0,0.0,414052.0,0.0,414210.0,0.0,414368.0
0.0,414526.0,0.0,414684.0,0.0,414842.0,0.0,415000.0,0.0,415158.0,0.0
415316.0,0.0,415474.0,0.0,415713.0,0.0,415871.0,0.0,416029.0,0.0,416187.0
0.0,416345.0,0.0,416503.0,0.0,416661.0,0.0,416819.0,0.0,416977.0,0.0
417135.0,0.0,415791.0,0.0,415949.0,0.0,416107.0,0.0,416265.0,0.0,416423.0
0.0,416581.0,0.0,416739.0,0.0,416897.0,0.0,417055.0,0.0,417213.0,0.0
417452.0,0.0,417610.0,0.0,417768.0,0.0,417926.0,0.0,418084.0,0.0,418242.0
0.0,418400.0,0.0,418558.0,0.0,418716.0,0.0,418874.0,0.0,417530.0,0.0
417688.0,0.0,417846.0,0.0,418004.0,0.0,418162.0,0.0,418320.0,0.0,418478.0
0.0,418636.0,0.0,418794.0,0.0,418952.0,0.0,419191.0,0.0,419349.0,0.0
419507.0,0.0,419665.0,0.0,419823.0,0.0,419981.0,0.0,420139.0,0.0,420297.0
0.0,420455.0,0.0,420613.0,0.0,419269.0,0.0,419427.0,0.0,419585.0,0.0
419743.0,0.0,419901.0,0.0,420059.0,0.0,420217.0,0.0,420375.0,0.0,420533.0
0.0,420691.0,0.0,420930.0,0.0,421088.0,0.0,421246.0,0.0,421404.0,0.0
421562.0,0.0,421720.0,0.0,421878.0,0.0,422036.0,0.0,422194.0,0.0,422352.0
0.0,421008.0,0.0,421166.0,0.0,421324.0,0.0,421482.0,0.0,421640.0,0.0
421798.0,0.0,421956.0,0.0,422114.0,0.0,422272.0,0.0,422430.0,0.0,422669.0
0.0,422827.0,0.0,422985.0,0.0,423143.0,0.0,423301.0,0.0,423459.0,0.0
423617.0,0.0,423775.0,0.0,423933.0,0.0,424091.0,0.0,422747.0,0.0,422905.0
0.0,423063.0,0.0,423221.0,0.0,423379.0,0.0,423537.0,0.0,423695.0,0.0
423853.0,0.0,424011.0,0.0,424169.0,0.0,424408.0,0.0,424566.0,0.0,424724.0
0.0,424882.0,0.0,425040.0,0.0,425198.0,0.0,425356.0,0.0,425514.0,0.0
425672.0,0.0,425830.0,0.0,424486.0,0.0,424644.0,0.0,424802.0,0.0,424960.0
0.0,425118.0,0.0,425276.0,0.0,425434.0,0.0,425592.0,0.0,425750.0,0.0
425908.0,0.0,426147.0,0.0,426305.0,0.0,426463.0,0.0,426621.0,0.0,426779.0
0.0,426937.0,0.0,427095.0,0.0,427253.0,0.0,427411.0,0.0,427569.0,0.0
426225.0,0.0,426383.0,0.0,426541.0,0.0,426699.0,0.0,426857.0,0.0,427015.0
0.0,427173.0,0.0,427331.0,0.0,427489.0,0.0,427647.0,0.0,427886.0,0.0
428044.0,0.0,428202.0,0.0,428360.0,0.0,428518.0,0.0,428676.0,0.0,428834.0
0.0,428992.0,0.0,429150.0,0.0,429308.0,0.0,427964.0,0.0,428122.0,0.0
428280.0,0.0,428438.0,0.0,428596.0,0.0,428754.0,0.0,428912.0,0.0,429070.0
0.0,429228.0,0.0,429386.0,0.0,429625.0,0.0,429783.0,0.0,429941.0,0.0
430099.0,0.0,430257.0,0.0,430415.0,0.0,430573.0,0.0,430731.0,0.0,430889.0
0.0,431047.0,0.0,429703.0,0.0,429861.0,0.0,430019.0,0.0,430177.0,0.0
430335.0,0.0,430493.0,0.0,430651.0,0.0,430809.0,0.0,430967.0,0.0,431125.0
0.0,431364.0,0.0,431522.0,0.0,431680.0,0.0,431838.0,0.0,431996.0,0.0
432154.0,0.0,432312.0,0.0,432470.0,0.0,432628.0,0.0,432786.0,0.0,431442.0
0.0,431600.0,0.0,431758.0,0.0,431916.0,0.0,432074.0,0.0,432232.0,0.0
432390.0,0.0,432548.0,0.0,432706.0,0.0,432864.0,0.0,433103.0,0.0,433261.0
0.0,433419.0,0.0,433577.0,0.0,433735.0,0.0,433893.0,0.0,434051.0,0.0
434209.0,0.0,434367.0,0.0,434525.0,0.0,433181.0,0.0,433339.0,0.0,433497.0
0.0,433655.0,0.0,433813.0,0.0,433971.0,0.0,434129.0,0.0,434287.0,0.0
434445.0,0.0,434603.0,0.0,434842.0,0.0,435000.0,0.0,435158.0,0.0,435316.0
0.0,435474.0,0.0,435632.0,0.0,435790.0,0.0,435948.0,0.0,436106.0,0.0
436264.0,0.0,434920.0,0.0,435078.0,0.0,435236.0,0.0,435394.0,0.0,435552.0
0.0,435710.0,0.0,435868.0,0.0,436026.0,0.0,436184.0,0.0,436342.0,0.0
436581.0,0.0,436739.0,0.0,436897.0,0.0,437055.0,0.0,437213.0,0.0,437371.0
0.0,437529.0,0.0,437687.0,0.0,437845.0,0.0,438003.0,0.0,436659.0,0.0
436817.0,0.0,436975.0,0.0,437133.0,0.0,437291.0,0.0,437449.0,0.0,437607.0
0.0,437765.0,0.0,437923.0,0.0,438081.0,0.0,438320.0,0.0,438478.0,0.0
438636.0,0.0,438794.0,0.0,438952.0,0.0,439110.0,0.0,439268.0,0.0,439426.0
0.0,439584.0,0.0,439742.0,0.0,438398.0,0.0,438556.0,0.0,438714.0,0.0
438872.0,0.0,439030.0,0.0,439188.0,0.0,439346.0,0.0,439504.0,0.0,439662.0
0.0,439820.0,0.0,440059.0,0.0,440217.0,0.0,440375.0,0.0,440533.0,0.0
440691.0,0.0,440849.0,0.0,441007.0,0.0,441165.0,0.0,441323.0,0.0,441481.0
0.0,440137.0,0.0,440295.0,0.0,440453.0,0.0,440611.0,0.0,440769.0,0.0
440927.0,0.0,441085.0,0.0,441243.0,0.0,441401.0,0.0,441559.0,0.0,441798.0
0.0,441956.0,0.0,442114.0,0.0,442272.0,0.0,442430.0,0.0,442588.0,0.0
442746.0,0.0,442904.0,0.0,443062.0,0.0,443220.0,0.0,441876.0,0.0,442034.0
0.0,442192.0,0.0,442350.0,0.0,442508.0,0.0,442666.0,0.0,442824.0,0.0
442982.0,0.0,443140.0,0.0,443298.0,0.0,443537.0,0.0,443695.0,0.0,443853.0
0.0,444011.0,0.0,444169.0,0.0,444327.0,0.0,444485.0,0.0,444643.0,0.0
444801.0,0.0,444959.0,0.0,443615.0,0.0,443773.0,0.0,443931.0,0.0,444089.0
0.0,444247.0,0.0,444405.0,0.0,444563.0,0.0,444721.0,0.0,444879.0,0.0
445037.0,0.0,445276.0,0.0,445434.0,0.0,445592.0,0.0,445750.0,0.0,445908.0
0.0,446066.0,0.0,446224.0,0.0,446382.0,0.0,446540.0,0.0,446698.0,0.0
445354.0,0.0,445512.0,0.0,445670.0,0.0,445828.0,0.0,445986.0,0.0,446144.0
0.0,446302.0,0.0,446460.0,0.0,446618.0,0.0,446776.0,0.0,447009.0,0.0
447385.0,0.0,449124.0,0.0,450863.0,0.0,452602.0,0.0,454341.0,0.0,456080.0
0.0,457819.0,0.0,459558.0,0.0,461297.0,0.0,463036.0,0.0,464775.0,0.0
466514.0,0.0,468253.0,0.0,469992.0,0.0,471731.0,0.0,473470.0,0.0,475209.0
0.0,476948.0,0.0,478687.0,0.0,480426.0,0.0,482165.0,0.0,483904.0,0.0
485643.0,0.0,487382.0,0.0,489121.0,0.0,490860.0,0.0,492599.0,0.0,494338.0
0.0,496077.0,0.0,497816.0,0.0,499555.0,0.0,501294.0,0.0,503033.0,0.0
504772.0,0.0,447544.0,0.0,447702.0,0.0,447860.0,0.0,448018.0,0.0,448176.0
0.0,448334.0,0.0,448492.0,0.0,448650.0,0.0,448808.0,0.0,448966.0,0.0
447622.0,0.0,447780.0,0.0,447938.0,0.0,448096.0,0.0,448254.0,0.0,448412.0
0.0,448570.0,0.0,448728.0,0.0,448886.0,0.0,449044.0,0.0,449283.0,0.0
449441.0,0.0,449599.0,0.0,449757.0,0.0,449915.0,0.0,450073.0,0.0,450231.0
0.0,450389.0,0.0,450547.0,0.0,450705.0,0.0,449361.0,0.0,449519.0,0.0
449677.0,0.0,449835.0,0.0,449993.0,0.0,450151.0,0.0,450309.0,0.0,450467.0
0.0,450625.0,0.0,450783.0,0.0,451022.0,0.0,451180.0,0.0,451338.0,0.0
451496.0,0.0,451654.0,0.0,451812.0,0.0,451970.0,0.0,452128.0,0.0,452286.0
0.0,452444.0,0.0,451100.0,0.0,451258.0,0.0,451416.0,0.0,451574.0,0.0
451732.0,0.0,451890.0,0.0,452048.0,0.0,452206.0,0.0,452364.0,0.0,452522.0
0.0,452761.0,0.0,452919.0,0.0,453077.0,0.0,453235.0,0.0,453393.0,0.0
453551.0,0.0,453709.0,0.0,453867.0,0.0,454025.0,0.0,454183.0,0.0,452839.0
0.0,452997.0,0.0,453155.0,0.0,453313.0,0.0,453471.0,0.0,453629.0,0.0
453787.0,0.0,453945.0,0.0,454103.0,0.0,454261.0,0.0,454500.0,0.0,454658.0
0.0,454816.0,0.0,454974.0,0.0,455132.0,0.0,455290.0,0.0,455448.0,0.0
455606.0,0.0,455764.0,0.0,455922.0,0.0,454578.0,0.0,454736.0,0.0,454894.0
0.0,455052.0,0.0,455210.0,0.0,455368.0,0.0,455526.0,0.0,455684.0,0.0
455842.0,0.0,456000.0,0.0,456239.0,0.0,456397.0,0.0,456555.0,0.0,456713.0
0.0,456871.0,0.0,457029.0,0.0,457187.0,0.0,457345.0,0.0,457503.0,0.0
457661.0,0.0,456317.0,0.0,456475.0,0.0,456633.0,0.0,456791.0,0.0,456949.0
0.0,457107.0,0.0,457265.0,0.0,457423.0,0.0,457581.0,0.0,457739.0,0.0
457978.0,0.0,458136.0,0.0,458294.0,0.0,458452.0,0.0,458610.0,0.0,458768.0
0.0,458926.0,0.0,459084.0,0.0,459242.0,0.0,459400.0,0.0,458056.0,0.0
458214.0,0.0,458372.0,0.0,458530.0,0.0,458688.0,0.0,458846.0,0.0,459004.0
0.0,459162.0,0.0,459320.0,0.0,459478.0,0.0,459717.0,0.0,459875.0,0.0
460033.0,0.0,460191.0,0.0,460349.0,0.0,460507.0,0.0,460665.0,0.0,460823.0
0.0,460981.0,0.0,461139.0,0.0,459795.0,0.0,459953.0,0.0,460111.0,0.0
460269.0,0.0,460427.0,0.0,460585.0,0.0,460743.0,0.0,460901.0,0.0,461059.0
0.0,461217.0,0.0,461456.0,0.0,461614.0,0.0,461772.0,0.0,461930.0,0.0
462088.0,0.0,462246.0,0.0,462404.0,0.0,462562.0,0.0,462720.0,0.0,462878.0
0.0,461534.0,0.0,461692.0,0.0,461850.0,0.0,462008.0,0.0,462166.0,0.0
462324.0,0.0,462482.0,0.0,462640.0,0.0,462798.0,0.0,462956.0,0.0,463195.0
0.0,463353.0,0.0,463511.0,0.0,463669.0,0.0,463827.0,0.0,463985.0,0.0
464143.0,0.0,464301.0,0.0,464459.0,0.0,464617.0,0.0,463273.0,0.0,463431.0
0.0,463589.0,0.0,463747.0,0.0,463905.0,0.0,464063.0,0.0,464221.0,0.0
464379.0,0.0,464537.0,0.0,464695.0,0.0,464934.0,0.0,465092.0,0.0,465250.0
0.0,465408.0,0.0,465566.0,0.0,465724.0,0.0,465882.0,0.0,466040.0,0.0
466198.0,0.0,466356.0,0.0,465012.0,0.0,465170.0,0.0,465328.0,0.0,465486.0
0.0,465644.0,0.0,465802.0,0.0,465960.0,0.0,466118.0,0.0,466276.0,0.0
466434.0,0.0,466673.0,0.0,466831.0,0.0,466989.0,0.0,467147.0,0.0,467305.0
0.0,467463.0,0.0,467621.0,0.0,467779.0,0.0,467937.0,0.0,468095.0,0.0
466751.0,0.0,466909.0,0.0,467067.0,0.0,467225.0,0.0,467383.0,0.0,467541.0
0.0,467699.0,0.0,467857.0,0.0,468015.0,0.0,468173.0,0.0,468412.0,0.0
468570.0,0.0,468728.0,0.0,468886.0,0.0,469044.0,0.0,469202.0,0.0,469360.0
0.0,469518.0,0.0,469676.0,0.0,469834.0,0.0,468490.0,0.0,468648.0,0.0
468806.0,0.0,468964.0,0.0,469122.0,0.0,469280.0,0.0,469438.0,0.0,469596.0
0.0,469754.0,0.0,469912.0,0.0,470151.0,0.0,470309.0,0.0,470467.0,0.0
470625.0,0.0,470783.0,0.0,470941.0,0.0,471099.0,0.0,471257.0,0.0,471415.0
0.0,471573.0,0.0,470229.0,0.0,470387.0,0.0,470545.0,0.0,470703.0,0.0
470861.0,0.0,471019.0,0.0,471177.0,0.0,471335.0,0.0,471493.0,0.0,471651.0
0.0,471890.0,0.0,472048.0,0.0,472206.0,0.0,472364.0,0.0,472522.0,0.0
472680.0,0.0,472838.0,0.0,472996.0,0.0,473154.0,0.0,473312.0,0.0,471968.0
0.0,472126.0,0.0,472284.0,0.0,472442.0,0.0,472600.0,0.0,472758.0,0.0
472916.0,0.0,473074.0,0.0,473232.0,0.0,473390.0,0.0,473629.0,0.0,473787.0
0.0,473945.0,0.0,474103.0,0.0,474261.0,0.0,474419.0,0.0,474577.0,0.0
474735.0,0.0,474893.0,0.0,475051.0,0.0,473707.0,0.0,473865.0,0.0,474023.0
0.0,474181.0,0.0,474339.0,0.0,474497.0,0.0,474655.0,0.0,474813.0,0.0
474971.0,0.0,475129.0,0.0,475368.0,0.0,475526.0,0.0,475684.0,0.0,475842.0
0.0,476000.0,0.0,476158.0,0.0,476316.0,0.0,476474.0,0.0,476632.0,0.0
476790.0,0.0,475446.0,0.0,475604.0,0.0,475762.0,0.0,475920.0,0.0,476078.0
0.0,476236.0,0.0,476394.0,0.0,476552.0,0.0,476710.0,0.0,476868.0,0.0
477107.0,0.0,477265.0,0.0,477423.0,0.0,477581.0,0.0,477739.0,0.0,477897.0
0.0,478055.0,0.0,478213.0,0.0,478371.0,0.0,478529.0,0.0,477185.0,0.0
477343.0,0.0,477501.0,0.0,477659.0,0.0,477817.0,0.0,477975.0,0.0,478133.0
0.0,478291.0,0.0,478449.0,0.0,478607.0,0.0,478846.0,0.0,479004.0,0.0
479162.0,0.0,479320.0,0.0,479478.0,0.0,479636.0,0.0,479794.0,0.0,479952.0
0.0,480110.0,0.0,480268.0,0.0,478924.0,0.0,479082.0,0.0,479240.0,0.0
479398.0,0.0,479556.0,0.0,479714.0,0.0,479872.0,0.0,480030.0,0.0,480188.0
0.0,480346.0,0.0,480585.0,0.0,480743.0,0.0,480901.0,0.0,481059.0,0.0
481217.0,0.0,481375.0,0.0,481533.0,0.0,481691.0,0.0,481849.0,0.0,482007.0
0.0,480663.0,0.0,480821.0,0.0,480979.0,0.0,481137.0,0.0,481295.0,0.0
481453.0,0.0,481611.0,0.0,481769.0,0.0,481927.0,0.0,482085.0,0.0,482324.0
0.0,482482.0,0.0,482640.0,0.0,482798.0,0.0,482956.0,0.0,483114.0,0.0
483272.0,0.0,483430.0,0.0,483588.0,0.0,483746.0,0.0,482402.0,0.0,482560.0
0.0,482718.0,0.0,482876.0,0.0,483034.0,0.0,483192.0,0.0,483350.0,0.0
483508.0,0.0,483666.0,0.0,483824.0,0.0,484063.0,0.0,484221.0,0.0,484379.0
0.0,484537.0,0.0,484695.0,0.0,484853.0,0.0,485011.0,0.0,485169.0,0.0
485327.0,0.0,485485.0,0.0,484141.0,0.0,484299.0,0.0,484457.0,0.0,484615.0
0.0,484773.0,0.0,484931.0,0.0,485089.0,0.0,485247.0,0.0,485405.0,0.0
485563.0,0.0,485802.0,0.0,485960.0,0.0,486118.0,0.0,486276.0,0.0,486434.0
0.0,486592.0,0.0,486750.0,0.0,486908.0,0.0,487066.0,0.0,487224.0,0.0
485880.0,0.0,486038.0,0.0,486196.0,0.0,486354.0,0.0,486512.0,0.0,486670.0
0.0,486828.0,0.0,486986.0,0.0,487144.0,0.0,487302.0,0.0,487541.0,0.0
487699.0,0.0,487857.0,0.0,488015.0,0.0,488173.0,0.0,488331.0,0.0,488489.0
0.0,488647.0,0.0,488805.0,0.0,488963.0,0.0,487619.0,0.0,487777.0,0.0
487935.0,0.0,488093.0,0.0,488251.0,0.0,488409.0,0.0,488567.0,0.0,488725.0
0.0,488883.0,0.0,489041.0,0.0,489280.0,0.0,489438.0,0.0,489596.0,0.0
489754.0,0.0,489912.0,0.0,490070.0,0.0,490228.0,0.0,490386.0,0.0,490544.0
0.0,490702.0,0.0,489358.0,0.0,489516.0,0.0,489674.0,0.0,489832.0,0.0
489990.0,0.0,490148.0,0.0,490306.0,0.0,490464.0,0.0,490622.0,0.0,490780.0
0.0,491019.0,0.0,491177.0,0.0,491335.0,0.0,491493.0,0.0,491651.0,0.0
491809.0,0.0,491967.0,0.0,492125.0,0.0,492283.0,0.0,492441.0,0.0,491097.0
0.0,491255.0,0.0,491413.0,0.0,491571.0,0.0,491729.0,0.0,491887.0,0.0
492045.0,0.0,492203.0,0.0,492361.0,0.0,492519.0,0.0,492758.0,0.0,492916.0
0.0,493074.0,0.0,493232.0,0.0,493390.0,0.0,493548.0,0.0,493706.0,0.0
493864.0,0.0,494022.0,0.0,494180.0,0.0,492836.0,0.0,492994.0,0.0,493152.0
0.0,493310.0,0.0,493468.0,0.0,493626.0,0.0,493784.0,0.0,493942.0,0.0
494100.0,0.0,494258.0,0.0,494497.0,0.0,494655.0,0.0,494813.0,0.0,494971.0
0.0,495129.0,0.0,495287.0,0.0,495445.0,0.0,495603.0,0.0,495761.0,0.0
495919.0,0.0,494575.0,0.0,494733.0,0.0,494891.0,0.0,495049.0,0.0,495207.0
0.0,495365.0,0.0,495523.0,0.0,495681.0,0.0,495839.0,0.0,495997.0,0.0
496236.0,0.0,496394.0,0.0,496552.0,0.0,496710.0,0.0,496868.0,0.0,497026.0
0.0,497184.0,0.0,497342.0,0.0,497500.0,0.0,497658.0,0.0,496314.0,0.0
496472.0,0.0,496630.0,0.0,496788.0,0.0,496946.0,0.0,497104.0,0.0,497262.0
0.0,497420.0,0.0,497578.0,0.0,497736.0,0.0,497975.0,0.0,498133.0,0.0
498291.0,0.0,498449.0,0.0,498607.0,0.0,498765.0,0.0,498923.0,0.0,499081.0
0.0,499239.0,0.0,499397.0,0.0,498053.0,0.0,498211.0,0.0,498369.0,0.0
498527.0,0.0,498685.0,0.0,498843.0,0.0,499001.0,0.0,499159.0,0.0,499317.0
0.0,499475.0,0.0,499714.0,0.0,499872.0,0.0,500030.0,0.0,500188.0,0.0
500346.0,0.0,500504.0,0.0,500662.0,0.0,500820.0,0.0,500978.0,0.0,501136.0
0.0,499792.0,0.0,499950.0,0.0,500108.0,0.0,500266.0,0.0,500424.0,0.0
500582.0,0.0,500740.0,0.0,500898.0,0.0,501056.0,0.0,501214.0,0.0,501453.0
0.0,501611.0,0.0,501769.0,0.0,501927.0,0.0,502085.0,0.0,502243.0,0.0
502401.0,0.0,502559.0,0.0,502717.0,0.0,502875.0,0.0,501531.0,0.0,501689.0
0.0,501847.0,0.0,502005.0,0.0,502163.0,0.0,502321.0,0.0,502479.0,0.0
502637.0,0.0,502795.0,0.0,502953.0,0.0,503192.0,0.0,503350.0,0.0,503508.0
0.0,503666.0,0.0,503824.0,0.0,503982.0,0.0,504140.0,0.0,504298.0,0.0
504456.0,0.0,504614.0,0.0,503270.0,0.0,503428.0,0.0,503586.0,0.0,503744.0
0.0,503902.0,0.0,504060.0,0.0,504218.0,0.0,504376.0,0.0,504534.0,0.0
504692.0,0.0,504931.0,0.0,505089.0,0.0,505247.0,0.0,505405.0,0.0,505563.0
0.0,505721.0,0.0,505879.0,0.0,506037.0,0.0,506195.0,0.0,506353.0,0.0
505009.0,0.0,505167.0,0.0,505325.0,0.0,505483.0,0.0,505641.0,0.0,505799.0
0.0,505957.0,0.0,506115.0,0.0,506273.0,0.0,506431.0,0.0,506664.0,0.0
507040.0,0.0,508779.0,0.0,510518.0,0.0,512257.0,0.0,513996.0,0.0,515735.0
0.0,517474.0,0.0,519213.0,0.0,520952.0,0.0,522691.0,0.0,524430.0,0.0
526169.0,0.0,527908.0,0.0,529647.0,0.0,531386.0,0.0,533125.0,0.0,534864.0
0.0,536603.0,0.0,538342.0,0.0,540081.0,0.0,541820.0,0.0,543559.0,0.0
545298.0,0.0,547037.0,0.0,548776.0,0.0,550515.0,0.0,552254.0,0.0,553993.0
0.0,555732.0,0.0,557471.0,0.0,559210.0,0.0,560949.0,0.0,562688.0,0.0
564427.0,0.0,507199.0,0.0,507357.0,0.0,507515.0,0.0,507673.0,0.0,507831.0
0.0,507989.0,0.0,508147.0,0.0,508305.0,0.0,508463.0,0.0,508621.0,0.0
507277.0,0.0,507435.0,0.0,507593.0,0.0,507751.0,0.0,507909.0,0.0,508067.0
0.0,508225.0,0.0,508383.0,0.0,508541.0,0.0,508699.0,0.0,508938.0,0.0
509096.0,0.0,509254.0,0.0,509412.0,0.0,509570.0,0.0,509728.0,0.0,509886.0
0.0,510044.0,0.0,510202.0,0.0,510360.0,0.0,509016.0,0.0,509174.0,0.0
509332.0,0.0,509490.0,0.0,509648.0,0.0,509806.0,0.0,509964.0,0.0,510122.0
0.0,510280.0,0.0,510438.0,0.0,510677.0,0.0,510835.0,0.0,510993.0,0.0
511151.0,0.0,511309.0,0.0,511467.0,0.0,511625.0,0.0,511783.0,0.0,511941.0
0.0,512099.0,0.0,510755.0,0.0,510913.0,0.0,511071.0,0.0,511229.0,0.0
511387.0,0.0,511545.0,0.0,511703.0,0.0,511861.0,0.0,512019.0,0.0,512177.0
0.0,512416.0,0.0,512574.0,0.0,512732.0,0.0,512890.0,0.0,513048.0,0.0
513206.0,0.0,513364.0,0.0,513522.0,0.0,513680.0,0.0,513838.0,0.0,512494.0
0.0,512652.0,0.0,512810.0,0.0,512968.0,0.0,513126.0,0.0,513284.0,0.0
513442.0,0.0,513600.0,0.0,513758.0,0.0,513916.0,0.0,514155.0,0.0,514313.0
0.0,514471.0,0.0,514629.0,0.0,514787.0,0.0,514945.0,0.0,515103.0,0.0
515261.0,0.0,515419.0,0.0,515577.0,0.0,514233.0,0.0,514391.0,0.0,514549.0
0.0,514707.0,0.0,514865.0,0.0,515023.0,0.0,515181.0,0.0,515339.0,0.0
515497.0,0.0,515655.0,0.0,515894.0,0.0,516052.0,0.0,516210.0,0.0,516368.0
0.0,516526.0,0.0,516684.0,0.0,516842.0,0.0,517000.0,0.0,517158.0,0.0
517316.0,0.0,515972.0,0.0,516130.0,0.0,516288.0,0.0,516446.0,0.0,516604.0
0.0,516762.0,0.0,516920.0,0.0,517078.0,0.0,517236.0,0.0,517394.0,0.0
517633.0,0.0,517791.0,0.0,517949.0,0.0,518107.0,0.0,518265.0,0.0,518423.0
0.0,518581.0,0.0,518739.0,0.0,518897.0,0.0,519055.0,0.0,517711.0,0.0
517869.0,0.0,518027.0,0.0,518185.0,0.0,518343.0,0.0,518501.0,0.0,518659.0
0.0,518817.0,0.0,518975.0,0.0,519133.0,0.0,519372.0,0.0,519530.0,0.0
519688.0,0.0,519846.0,0.0,520004.0,0.0,520162.0,0.0,520320.0,0.0,520478.0
0.0,520636.0,0.0,520794.0,0.0,519450.0,0.0,519608.0,0.0,519766.0,0.0
519924.0,0.0,520082.0,0.0,520240.0,0.0,520398.0,0.0,520556.0,0.0,520714.0
0.0,520872.0,0.0,521111.0,0.0,521269.0,0.0,521427.0,0.0,521585.0,0.0
521743.0,0.0,521901.0,0.0,522059.0,0.0,522217.0,0.0,522375.0,0.0,522533.0
0.0,521189.0,0.0,521347.0,0.0,521505.0,0.0,521663.0,0.0,521821.0,0.0
521979.0,0.0,522137.0,0.0,522295.0,0.0,522453.0,0.0,522611.0,0.0,522850.0
0.0,523008.0,0.0,523166.0,0.0,523324.0,0.0,523482.0,0.0,523640.0,0.0
523798.0,0.0,523956.0,0.0,524114.0,0.0,524272.0,0.0,522928.0,0.0,523086.0
0.0,523244.0,0.0,523402.0,0.0,523560.0,0.0,523718.0,0.0,523876.0,0.0
524034.0,0.0,524192.0,0.0,524350.0,0.0,524589.0,0.0,524747.0,0.0,524905.0
0.0,525063.0,0.0,525221.0,0.0,525379.0,0.0,525537.0,0.0,525695.0,0.0
525853.0,0.0,526011.0,0.0,524667.0,0.0,524825.0,0.0,524983.0,0.0,525141.0
0.0,525299.0,0.0,525457.0,0.0,525615.0,0.0,525773.0,0.0,525931.0,0.0
526089.0,0.0,526328.0,0.0,526486.0,0.0,526644.0,0.0,526802.0,0.0,526960.0
0.0,527118.0,0.0,527276.0,0.0,527434.0,0.0,527592.0,0.0,527750.0,0.0
526406.0,0.0,526564.0,0.0,526722.0,0.0,526880.0,0.0,527038.0,0.0,527196.0
0.0,527354.0,0.0,527512.0,0.0,527670.0,0.0,527828.0,0.0,528067.0,0.0
528225.0,0.0,528383.0,0.0,528541.0,0.0,528699.0,0.0,528857.0,0.0,529015.0
0.0,529173.0,0.0,529331.0,0.0,529489.0,0.0,528145.0,0.0,528303.0,0.0
528461.0,0.0,528619.0,0.0,528777.0,0.0,528935.0,0.0,529093.0,0.0,529251.0
0.0,529409.0,0.0,529567.0,0.0,529806.0,0.0,529964.0,0.0,530122.0,0.0
530280.0,0.0,530438.0,0.0,530596.0,0.0,530754.0,0.0,530912.0,0.0,531070.0
0.0,531228.0,0.0,529884.0,0.0,530042.0,0.0,530200.0,0.0,530358.0,0.0
530516.0,0.0,530674.0,0.0,530832.0,0.0,530990.0,0.0,531148.0,0.0,531306.0
0.0,531545.0,0.0,531703.0,0.0,531861.0,0.0,532019.0,0.0,532177.0,0.0
532335.0,0.0,532493.0,0.0,532651.0,0.0,532809.0,0.0,532967.0,0.0,531623.0
0.0,531781.0,0.0,531939.0,0.0,532097.0,0.0,532255.0,0.0,532413.0,0.0
532571.0,0.0,532729.0,0.0,532887.0,0.0,533045.0,0.0,533284.0,0.0,533442.0
0.0,533600.0,0.0,533758.0,0.0,533916.0,0.0,534074.0,0.0,534232.0,0.0
534390.0,0.0,534548.0,0.0,534706.0,0.0,533362.0,0.0,533520.0,0.0,533678.0
0.0,533836.0,0.0,533994.0,0.0,534152.0,0.0,534310.0,0.0,534468.0,0.0
534626.0,0.0,534784.0,0.0,535023.0,0.0,535181.0,0.0,535339.0,0.0,535497.0
0.0,535655.0,0.0,535813.0,0.0,535971.0,0.0,536129.0,0.0,536287.0,0.0
536445.0,0.0,535101.0,0.0,535259.0,0.0,535417.0,0.0,535575.0,0.0,535733.0
0.0,535891.0,0.0,536049.0,0.0,536207.0,0.0,536365.0,0.0,536523.0,0.0
536762.0,0.0,536920.0,0.0,537078.0,0.0,537236.0,0.0,537394.0,0.0,537552.0
0.0,537710.0,0.0,537868.0,0.0,538026.0,0.0,538184.0,0.0,536840.0,0.0
536998.0,0.0,537156.0,0.0,537314.0,0.0,537472.0,0.0,537630.0,0.0,537788.0
0.0,537946.0,0.0,538104.0,0.0,538262.0,0.0,538501.0,0.0,538659.0,0.0
538817.0,0.0,538975.0,0.0,539133.0,0.0,539291.0,0.0,539449.0,0.0,539607.0
0.0,539765.0,0.0,539923.0,0.0,538579.0,0.0,538737.0,0.0,538895.0,0.0
539053.0,0.0,539211.0,0.0,539369.0,0.0,539527.0,0.0,539685.0,0.0,539843.0
0.0,540001.0,0.0,540240.0,0.0,540398.0,0.0,540556.0,0.0,540714.0,0.0
540872.0,0.0,541030.0,0.0,541188.0,0.0,541346.0,0.0,541504.0,0.0,541662.0
0.0,540318.0,0.0,540476.0,0.0,540634.0,0.0,540792.0,0.0,540950.0,0.0
541108.0,0.0,541266.0,0.0,541424.0,0.0,541582.0,0.0,541740.0,0.0,541979.0
0.0,542137.0,0.0,542295.0,0.0,542453.0,0.0,542611.0,0.0,542769.0,0.0
542927.0,0.0,543085.0,0.0,543243.0,0.0,543401.0,0.0,542057.0,0.0,542215.0
0.0,542373.0,0.0,542531.0,0.0,542689.0,0.0,542847.0,0.0,543005.0,0.0
543163.0,0.0,543321.0,0.0,543479.0,0.0,543718.0,0.0,543876.0,0.0,544034.0
0.0,544192.0,0.0,544350.0,0.0,544508.0,0.0,544666.0,0.0,544824.0,0.0
544982.0,0.0,545140.0,0.0,543796.0,0.0,543954.0,0.0,544112.0,0.0,544270.0
0.0,544428.0,0.0,544586.0,0.0,544744.0,0.0,544902.0,0.0,545060.0,0.0
545218.0,0.0,545457.0,0.0,545615.0,0.0,545773.0,0.0,545931.0,0.0,546089.0
0.0,546247.0,0.0,546405.0,0.0,546563.0,0.0,546721.0,0.0,546879.0,0.0
545535.0,0.0,545693.0,0.0,545851.0,0.0,546009.0,0.0,546167.0,0.0,546325.0
0.0,546483.0,0.0,546641.0,0.0,546799.0,0.0,546957.0,0.0,547196.0,0.0
547354.0,0.0,547512.0,0.0,547670.0,0.0,547828.0,0.0,547986.0,0.0,548144.0
0.0,548302.0,0.0,548460.0,0.0,548618.0,0.0,547274.0,0.0,547432.0,0.0
547590.0,0.0,547748.0,0.0,547906.0,0.0,548064.0,0.0,548222.0,0.0,548380.0
0.0,548538.0,0.0,548696.0,0.0,548935.0,0.0,549093.0,0.0,549251.0,0.0
549409.0,0.0,549567.0,0.0,549725.0,0.0,549883.0,0.0,550041.0,0.0,550199.0
0.0,550357.0,0.0,549013.0,0.0,549171.0,0.0,549329.0,0.0,549487.0,0.0
549645.0,0.0,549803.0,0.0,549961.0,0.0,550119.0,0.0,550277.0,0.0,550435.0
0.0,550674.0,0.0,550832.0,0.0,550990.0,0.0,551148.0,0.0,551306.0,0.0
551464.0,0.0,551622.0,0.0,551780.0,0.0,551938.0,0.0,552096.0,0.0,550752.0
0.0,550910.0,0.0,551068.0,0.0,551226.0,0.0,551384.0,0.0,551542.0,0.0
551700.0,0.0,551858.0,0.0,552016.0,0.0,552174.0,0.0,552413.0,0.0,552571.0
0.0,552729.0,0.0,552887.0,0.0,553045.0,0.0,553203.0,0.0,553361.0,0.0
553519.0,0.0,553677.0,0.0,553835.0,0.0,552491.0,0.0,552649.0,0.0,552807.0
0.0,552965.0,0.0,553123.0,0.0,553281.0,0.0,553439.0,0.0,553597.0,0.0
553755.0,0.0,553913.0,0.0,554152.0,0.0,554310.0,0.0,554468.0,0.0,554626.0
0.0,554784.0,0.0,554942.0,0.0,555100.0,0.0,555258.0,0.0,555416.0,0.0
555574.0,0.0,554230.0,0.0,554388.0,0.0,554546.0,0.0,554704.0,0.0,554862.0
0.0,555020.0,0.0,555178.0,0.0,555336.0,0.0,555494.0,0.0,555652.0,0.0
555891.0,0.0,556049.0,0.0,556207.0,0.0,556365.0,0.0,556523.0,0.0,556681.0
0.0,556839.0,0.0,556997.0,0.0,557155.0,0.0,557313.0,0.0,555969.0,0.0
556127.0,0.0,556285.0,0.0,556443.0,0.0,556601.0,0.0,556759.0,0.0,556917.0
0.0,557075.0,0.0,557233.0,0.0,557391.0,0.0,557630.0,0.0,557788.0,0.0
557946.0,0.0,558104.0,0.0,558262.0,0.0,558420.0,0.0,558578.0,0.0,558736.0
0.0,558894.0,0.0,559052.0,0.0,557708.0,0.0,557866.0,0.0,558024.0,0.0
558182.0,0.0,558340.0,0.0,558498.0,0.0,558656.0,0.0,558814.0,0.0,558972.0
0.0,559130.0,0.0,559369.0,0.0,559527.0,0.0,559685.0,0.0,559843.0,0.0
560001.0,0.0,560159.0,0.0,560317.0,0.0,560475.0,0.0,560633.0,0.0,560791.0
0.0,559447.0,0.0,559605.0,0.0,559763.0,0.0,559921.0,0.0,560079.0,0.0
560237.0,0.0,560395.0,0.0,560553.0,0.0,560711.0,0.0,560869.0,0.0,561108.0
0.0,561266.0,0.0,561424.0,0.0,561582.0,0.0,561740.0,0.0,561898.0,0.0
562056.0,0.0,562214.0,0.0,562372.0,0.0,562530.0,0.0,561186.0,0.0,561344.0
0.0,561502.0,0.0,561660.0,0.0,561818.0,0.0,561976.0,0.0,562134.0,0.0
562292.0,0.0,562450.0,0.0,562608.0,0.0,562847.0,0.0,563005.0,0.0,563163.0
0.0,563321.0,0.0,563479.0,0.0,563637.0,0.0,563795.0,0.0,563953.0,0.0
564111.0,0.0,564269.0,0.0,562925.0,0.0,563083.0,0.0,563241.0,0.0,563399.0
0.0,563557.0,0.0,563715.0,0.0,563873.0,0.0,564031.0,0.0,564189.0,0.0
564347.0,0.0,564586.0,0.0,564744.0,0.0,564902.0,0.0,565060.0,0.0,565218.0
0.0,565376.0,0.0,565534.0,0.0,565692.0,0.0,565850.0,0.0,566008.0,0.0
564664.0,0.0,564822.0,0.0,564980.0,0.0,565138.0,0.0,565296.0,0.0,565454.0
0.0,565612.0,0.0,565770.0,0.0,565928.0,0.0,566086.0,0.0,566319.0,0.0
566695.0,0.0,568434.0,0.0,570173.0,0.0,571912.0,0.0,573651.0,0.0,575390.0
0.0,577129.0,0.0,578868.0,0.0,580607.0,0.0,582346.0,0.0,584085.0,0.0
585824.0,0.0,587563.0,0.0,589302.0,0.0,591041.0,0.0,592780.0,0.0,594519.0
0.0,596258.0,0.0,597997.0,0.0,599736.0,0.0,601475.0,0.0,603214.0,0.0
604953.0,0.0,606692.0,0.0,608431.0,0.0,610170.0,0.0,611909.0,0.0,613648.0
0.0,615387.0,0.0,617126.0,0.0,618865.0,0.0,620604.0,0.0,622343.0,0.0
624082.0,0.0,566854.0,0.0,567012.0,0.0,567170.0,0.0,567328.0,0.0,567486.0
0.0,567644.0,0.0,567802.0,0.0,567960.0,0.0,568118.0,0.0,568276.0,0.0
566932.0,0.0,567090.0,0.0,567248.0,0.0,567406.0,0.0,567564.0,0.0,567722.0
0.0,567880.0,0.0,568038.0,0.0,568196.0,0.0,568354.0,0.0,568593.0,0.0
568751.0,0.0,568909.0,0.0,569067.0,0.0,569225.0,0.0,569383.0,0.0,569541.0
0.0,569699.0,0.0,569857.0,0.0,570015.0,0.0,568671.0,0.0,568829.0,0.0
568987.0,0.0,569145.0,0.0,569303.0,0.0,569461.0,0.0,569619.0,0.0,569777.0
0.0,569935.0,0.0,570093.0,0.0,570332.0,0.0,570490.0,0.0,570648.0,0.0
570806.0,0.0,570964.0,0.0,571122.0,0.0,571280.0,0.0,571438.0,0.0,571596.0
0.0,571754.0,0.0,570410.0,0.0,570568.0,0.0,570726.0,0.0,570884.0,0.0
571042.0,0.0,571200.0,0.0,571358.0,0.0,571516.0,0.0,571674.0,0.0,571832.0
0.0,572071.0,0.0,572229.0,0.0,572387.0,0.0,572545.0,0.0,572703.0,0.0
572861.0,0.0,573019.0,0.0,573177.0,0.0,573335.0,0.0,573493.0,0.0,572149.0
0.0,572307.0,0.0,572465.0,0.0,572623.0,0.0,572781.0,0.0,572939.0,0.0
573097.0,0.0,573255.0,0.0,573413.0,0.0,573571.0,0.0,573810.0,0.0,573968.0
0.0,574126.0,0.0,574284.0,0.0,574442.0,0.0,574600.0,0.0,574758.0,0.0
574916.0,0.0,575074.0,0.0,575232.0,0.0,573888.0,0.0,574046.0,0.0,574204.0
0.0,574362.0,0.0,574520.0,0.0,574678.0,0.0,574836.0,0.0,574994.0,0.0
575152.0,0.0,575310.0,0.0,575549.0,0.0,575707.0,0.0,575865.0,0.0,576023.0
0.0,576181.0,0.0,576339.0,0.0,576497.0,0.0,576655.0,0.0,576813.0,0.0
576971.0,0.0,575627.0,0.0,575785.0,0.0,575943.0,0.0,576101.0,0.0,576259.0
0.0,576417.0,0.0,576575.0,0.0,576733.0,0.0,576891.0,0.0,577049.0,0.0
577288.0,0.0,577446.0,0.0,577604.0,0.0,577762.0,0.0,577920.0,0.0,578078.0
0.0,578236.0,0.0,578394.0,0.0,578552.0,0.0,578710.0,0.0,577366.0,0.0
577524.0,0.0,577682.0,0.0,577840.0,0.0,577998.0,0.0,578156.0,0.0,578314.0
0.0,578472.0,0.0,578630.0,0.0,578788.0,0.0,579027.0,0.0,579185.0,0.0
579343.0,0.0,579501.0,0.0,579659.0,0.0,579817.0,0.0,579975.0,0.0,580133.0
0.0,580291.0,0.0,580449.0,0.0,579105.0,0.0,579263.0,0.0,579421.0,0.0
579579.0,0.0,579737.0,0.0,579895.0,0.0,580053.0,0.0,580211.0,0.0,580369.0
0.0,580527.0,0.0,580766.0,0.0,580924.0,0.0,581082.0,0.0,581240.0,0.0
581398.0,0.0,581556.0,0.0,581714.0,0.0,581872.0,0.0,582030.0,0.0,582188.0
0.0,580844.0,0.0,581002.0,0.0,581160.0,0.0,581318.0,0.0,581476.0,0.0
581634.0,0.0,581792.0,0.0,581950.0,0.0,582108.0,0.0,582266.0,0.0,582505.0
0.0,582663.0,0.0,582821.0,0.0,582979.0,0.0,583137.0,0.0,583295.0,0.0
583453.0,0.0,583611.0,0.0,583769.0,0.0,583927.0,0.0,582583.0,0.0,582741.0
0.0,582899.0,0.0,583057.0,0.0,583215.0,0.0,583373.0,0.0,583531.0,0.0
583689.0,0.0,583847.0,0.0,584005.0,0.0,584244.0,0.0,584402.0,0.0,584560.0
0.0,584718.0,0.0,584876.0,0.0,585034.0,0.0,585192.0,0.0,585350.0,0.0
585508.0,0.0,585666.0,0.0,584322.0,0.0,584480.0,0.0,584638.0,0.0,584796.0
0.0,584954.0,0.0,585112.0,0.0,585270.0,0.0,585428.0,0.0,585586.0,0.0
585744.0,0.0,585983.0,0.0,586141.0,0.0,586299.0,0.0,586457.0,0.0,586615.0
0.0,586773.0,0.0,586931.0,0.0,587089.0,0.0,587247.0,0.0,587405.0,0.0
586061.0,0.0,586219.0,0.0,586377.0,0.0,586535.0,0.0,586693.0,0.0,586851.0
0.0,587009.0,0.0,587167.0,0.0,587325.0,0.0,587483.0,0.0,587722.0,0.0
587880.0,0.0,588038.0,0.0,588196.0,0.0,588354.0,0.0,588512.0,0.0,588670.0
0.0,588828.0,0.0,588986.0,0.0,589144.0,0.0,587800.0,0.0,587958.0,0.0
588116.0,0.0,588274.0,0.0,588432.0,0.0,588590.0,0.0,588748.0,0.0,588906.0
0.0,589064.0,0.0,589222.0,0.0,589461.0,0.0,589619.0,0.0,589777.0,0.0
589935.0,0.0,590093.0,0.0,590251.0,0.0,590409.0,0.0,590567.0,0.0,590725.0
0.0,590883.0,0.0,589539.0,0.0,589697.0,0.0,589855.0,0.0,590013.0,0.0
590171.0,0.0,590329.0,0.0,590487.0,0.0,590645.0,0.0,590803.0,0.0,590961.0
0.0,591200.0,0.0,591358.0,0.0,591516.0,0.0,591674.0,0.0,591832.0,0.0
591990.0,0.0,592148.0,0.0,592306.0,0.0,592464.0,0.0,592622.0,0.0,591278.0
0.0,591436.0,0.0,591594.0,0.0,591752.0,0.0,591910.0,0.0,592068.0,0.0
592226.0,0.0,592384.0,0.0,592542.0,0.0,592700.0,0.0,592939.0,0.0,593097.0
0.0,593255.0,0.0,593413.0,0.0,593571.0,0.0,593729.0,0.0,593887.0,0.0
594045.0,0.0,594203.0,0.0,594361.0,0.0,593017.0,0.0,593175.0,0.0,593333.0
0.0,593491.0,0.0,593649.0,0.0,593807.0,0.0,593965.0,0.0,594123.0,0.0
594281.0,0.0,594439.0,0.0,594678.0,0.0,594836.0,0.0,594994.0,0.0,595152.0
0.0,595310.0,0.0,595468.0,0.0,595626.0,0.0,595784.0,0.0,595942.0,0.0
596100.0,0.0,594756.0,0.0,594914.0,0.0,595072.0,0.0,595230.0,0.0,595388.0
0.0,595546.0,0.0,595704.0,0.0,595862.0,0.0,596020.0,0.0,596178.0,0.0
596417.0,0.0,596575.0,0.0,596733.0,0.0,596891.0,0.0,597049.0,0.0,597207.0
0.0,597365.0,0.0,597523.0,0.0,597681.0,0.0,597839.0,0.0,596495.0,0.0
596653.0,0.0,596811.0,0.0,596969.0,0.0,597127.0,0.0,597285.0,0.0,597443.0
0.0,597601.0,0.0,597759.0,0.0,597917.0,0.0,598156.0,0.0,598314.0,0.0
598472.0,0.0,598630.0,0.0,598788.0,0.0,598946.0,0.0,599104.0,0.0,599262.0
0.0,599420.0,0.0,599578.0,0.0,598234.0,0.0,598392.0,0.0,598550.0,0.0
598708.0,0.0,598866.0,0.0,599024.0,0.0,599182.0,0.0,599340.0,0.0,599498.0
0.0,599656.0,0.0,599895.0,0.0,600053.0,0.0,600211.0,0.0,600369.0,0.0
600527.0,0.0,600685.0,0.0,600843.0,0.0,601001.0,0.0,601159.0,0.0,601317.0
0.0,599973.0,0.0,600131.0,0.0,600289.0,0.0,600447.0,0.0,600605.0,0.0
600763.0,0.0,600921.0,0.0,601079.0,0.0,601237.0,0.0,601395.0,0.0,601634.0
0.0,601792.0,0.0,601950.0,0.0,602108.0,0.0,602266.0,0.0,602424.0,0.0
602582.0,0.0,602740.0,0.0,602898.0,0.0,603056.0,0.0,601712.0,0.0,601870.0
0.0,602028.0,0.0,602186.0,0.0,602344.0,0.0,602502.0,0.0,602660.0,0.0
602818.0,0.0,602976.0,0.0,603134.0,0.0,603373.0,0.0,603531.0,0.0,603689.0
0.0,603847.0,0.0,604005.0,0.0,604163.0,0.0,604321.0,0.0,604479.0,0.0
604637.0,0.0,604795.0,0.0,603451.0,0.0,603609.0,0.0,603767.0,0.0,603925.0
0.0,604083.0,0.0,604241.0,0.0,604399.0,0.0,604557.0,0.0,604715.0,0.0
604873.0,0.0,605112.0,0.0,605270.0,0.0,605428.0,0.0,605586.0,0.0,605744.0
0.0,605902.0,0.0,606060.0,0.0,606218.0,0.0,606376.0,0.0,606534.0,0.0
605190.0,0.0,605348.0,0.0,605506.0,0.0,605664.0,0.0,605822.0,0.0,605980.0
0.0,606138.0,0.0,606296.0,0.0,606454.0,0.0,606612.0,0.0,606851.0,0.0
607009.0,0.0,607167.0,0.0,607325.0,0.0,607483.0,0.0,607641.0,0.0,607799.0
0.0,607957.0,0.0,608115.0,0.0,608273.0,0.0,606929.0,0.0,607087.0,0.0
607245.0,0.0,607403.0,0.0,607561.0,0.0,607719.0,0.0,607877.0,0.0,608035.0
0.0,608193.0,0.0,608351.0,0.0,608590.0,0.0,608748.0,0.0,608906.0,0.0
609064.0,0.0,609222.0,0.0,609380.0,0.0,609538.0,0.0,609696.0,0.0,609854.0
0.0,610012.0,0.0,608668.0,0.0,608826.0,0.0,608984.0,0.0,609142.0,0.0
609300.0,0.0,609458.0,0.0,609616.0,0.0,609774.0,0.0,609932.0,0.0,610090.0
0.0,610329.0,0.0,610487.0,0.0,610645.0,0.0,610803.0,0.0,610961.0,0.0
611119.0,0.0,611277.0,0.0,611435.0,0.0,611593.0,0.0,611751.0,0.0,610407.0
0.0,610565.0,0.0,610723.0,0.0,610881.0,0.0,611039.0,0.0,611197.0,0.0
611355.0,0.0,611513.0,0.0,611671.0,0.0,611829.0,0.0,612068.0,0.0,612226.0
0.0,612384.0,0.0,612542.0,0.0,612700.0,0.0,612858.0,0.0,613016.0,0.0
613174.0,0.0,613332.0,0.0,613490.0,0.0,612146.0,0.0,612304.0,0.0,612462.0
0.0,612620.0,0.0,612778.0,0.0,612936.0,0.0,613094.0,0.0,613252.0,0.0
613410.0,0.0,613568.0,0.0,613807.0,0.0,613965.0,0.0,614123.0,0.0,614281.0
0.0,614439.0,0.0,614597.0,0.0,614755.0,0.0,614913.0,0.0,615071.0,0.0
615229.0,0.0,613885.0,0.0,614043.0,0.0,614201.0,0.0,614359.0,0.0,614517.0
0.0,614675.0,0.0,614833.0,0.0,614991.0,0.0,615149.0,0.0,615307.0,0.0
615546.0,0.0,615704.0,0.0,615862.0,0.0,616020.0,0.0,616178.0,0.0,616336.0
0.0,616494.0,0.0,616652.0,0.0,616810.0,0.0,616968.0,0.0,615624.0,0.0
615782.0,0.0,615940.0,0.0,616098.0,0.0,616256.0,0.0,616414.0,0.0,616572.0
0.0,616730.0,0.0,616888.0,0.0,617046.0,0.0,617285.0,0.0,617443.0,0.0
617601.0,0.0,617759.0,0.0,617917.0,0.0,618075.0,0.0,618233.0,0.0,618391.0
0.0,618549.0,0.0,618707.0,0.0,617363.0,0.0,617521.0,0.0,617679.0,0.0
617837.0,0.0,617995.0,0.0,618153.0,0.0,618311.0,0.0,618469.0,0.0,618627.0
0.0,618785.0,0.0,619024.0,0.0,619182.0,0.0,619340.0,0.0,619498.0,0.0
619656.0,0.0,619814.0,0.0,619972.0,0.0,620130.0,0.0,620288.0,0.0,620446.0
0.0,619102.0,0.0,619260.0,0.0,619418.0,0.0,619576.0,0.0,619734.0,0.0
619892.0,0.0,620050.0,0.0,620208.0,0.0,620366.0,0.0,620524.0,0.0,620763.0
0.0,620921.0,0.0,621079.0,0.0,621237.0,0.0,621395.0,0.0,621553.0,0.0
621711.0,0.0,621869.0,0.0,622027.0,0.0,622185.0,0.0,620841.0,0.0,620999.0
0.0,621157.0,0.0,621315.0,0.0,621473.0,0.0,621631.0,0.0,621789.0,0.0
621947.0,0.0,622105.0,0.0,622263.0,0.0,622502.0,0.0,622660.0,0.0,622818.0
0.0,622976.0,0.0,623134.0,0.0,623292.0,0.0,623450.0,0.0,623608.0,0.0
623766.0,0.0,623924.0,0.0,622580.0,0.0,622738.0,0.0,622896.0,0.0,623054.0
0.0,623212.0,0.0,623370.0,0.0,623528.0,0.0,623686.0,0.0,623844.0,0.0
624002.0,0.0,624241.0,0.0,624399.0,0.0,624557.0,0.0,624715.0,0.0,624873.0
0.0,625031.0,0.0,625189.0,0.0,625347.0,0.0,625505.0,0.0,625663.0,0.0
624319.0,0.0,624477.0,0.0,624635.0,0.0,624793.0,0.0,624951.0,0.0,625109.0
0.0,625267.0,0.0,625425.0,0.0,625583.0,0.0,625741.0,0.0,625974.0,0.0
626350.0,0.0,628089.0,0.0,629828.0,0.0,631567.0,0.0,633306.0,0.0,635045.0
0.0,636784.0,0.0,638523.0,0.0,640262.0,0.0,642001.0,0.0,643740.0,0.0
645479.0,0.0,647218.0,0.0,648957.0,0.0,650696.0,0.0,652435.0,0.0,654174.0
0.0,655913.0,0.0,657652.0,0.0,659391.0,0.0,661130.0,0.0,662869.0,0.0
664608.0,0.0,666347.0,0.0,668086.0,0.0,669825.0,0.0,671564.0,0.0,673303.0
0.0,675042.0,0.0,676781.0,0.0,678520.0,0.0,680259.0,0.0,681998.0,0.0
683737.0,0.0,626509.0,0.0,626667.0,0.0,626825.0,0.0,626983.0,0.0,627141.0
0.0,627299.0,0.0,627457.0,0.0,627615.0,0.0,627773.0,0.0,627931.0,0.0
626587.0,0.0,626745.0,0.0,626903.0,0.0,627061.0,0.0,627219.0,0.0,627377.0
0.0,627535.0,0.0,627693.0,0.0,627851.0,0.0,628009.0,0.0,628248.0,0.0
628406.0,0.0,628564.0,0.0,628722.0,0.0,628880.0,0.0,629038.0,0.0,629196.0
0.0,629354.0,0.0,629512.0,0.0,629670.0,0.0,628326.0,0.0,628484.0,0.0
628642.0,0.0,628800.0,0.0,628958.0,0.0,629116.0,0.0,629274.0,0.0,629432.0
0.0,629590.0,0.0,629748.0,0.0,629987.0,0.0,630145.0,0.0,630303.0,0.0
630461.0,0.0,630619.0,0.0,630777.0,0.0,630935.0,0.0,631093.0,0.0,631251.0
0.0,631409.0,0.0,630065.0,0.0,630223.0,0.0,630381.0,0.0,630539.0,0.0
630697.0,0.0,630855.0,0.0,631013.0,0.0,631171.0,0.0,631329.0,0.0,631487.0
0.0,631726.0,0.0,631884.0,0.0,632042.0,0.0,632200.0,0.0,632358.0,0.0
632516.0,0.0,632674.0,0.0,632832.0,0.0,632990.0,0.0,633148.0,0.0,631804.0
0.0,631962.0,0.0,632120.0,0.0,632278.0,0.0,632436.0,0.0,632594.0,0.0
632752.0,0.0,632910.0,0.0,633068.0,0.0,633226.0,0.0,633465.0,0.0,633623.0
0.0,633781.0,0.0,633939.0,0.0,634097.0,0.0,634255.0,0.0,634413.0,0.0
634571.0,0.0,634729.0,0.0,634887.0,0.0,633543.0,0.0,633701.0,0.0,633859.0
0.0,634017.0,0.0,634175.0,0.0,634333.0,0.0,634491.0,0.0,634649.0,0.0
634807.0,0.0,634965.0,0.0,635204.0,0.0,635362.0,0.0,635520.0,0.0,635678.0
0.0,635836.0,0.0,635994.0,0.0,636152.0,0.0,636310.0,0.0,636468.0,0.0
636626.0,0.0,635282.0,0.0,635440.0,0.0,635598.0,0.0,635756.0,0.0,635914.0
0.0,636072.0,0.0,636230.0,0.0,636388.0,0.0,636546.0,0.0,636704.0,0.0
636943.0,0.0,637101.0,0.0,637259.0,0.0,637417.0,0.0,637575.0,0.0,637733.0
0.0,637891.0,0.0,638049.0,0.0,638207.0,0.0,638365.0,0.0,637021.0,0.0
637179.0,0.0,637337.0,0.0,637495.0,0.0,637653.0,0.0,637811.0,0.0,637969.0
0.0,638127.0,0.0,638285.0,0.0,638443.0,0.0,638682.0,0.0,638840.0,0.0
638998.0,0.0,639156.0,0.0,639314.0,0.0,639472.0,0.0,639630.0,0.0,639788.0
0.0,639946.0,0.0,640104.0,0.0,638760.0,0.0,638918.0,0.0,639076.0,0.0
639234.0,0.0,639392.0,0.0,639550.0,0.0,639708.0,0.0,639866.0,0.0,640024.0
0.0,640182.0,0.0,640421.0,0.0,640579.0,0.0,640737.0,0.0,640895.0,0.0
641053.0,0.0,641211.0,0.0,641369.0,0.0,641527.0,0.0,641685.0,0.0,641843.0
0.0,640499.0,0.0,640657.0,0.0,640815.0,0.0,640973.0,0.0,641131.0,0.0
641289.0,0.0,641447.0,0.0,641605.0,0.0,641763.0,0.0,641921.0,0.0,642160.0
0.0,642318.0,0.0,642476.0,0.0,642634.0,0.0,642792.0,0.0,642950.0,0.0
643108.0,0.0,643266.0,0.0,643424.0,0.0,643582.0,0.0,642238.0,0.0,642396.0
0.0,642554.0,0.0,642712.0,0.0,642870.0,0.0,643028.0,0.0,643186.0,0.0
643344.0,0.0,643502.0,0.0,643660.0,0.0,643899.0,0.0,644057.0,0.0,644215.0
0.0,644373.0,0.0,644531.0,0.0,644689.0,0.0,644847.0,0.0,645005.0,0.0
645163.0,0.0,645321.0,0.0,643977.0,0.0,644135.0,0.0,644293.0,0.0,644451.0
0.0,644609.0,0.0,644767.0,0.0,644925.0,0.0,645083.0,0.0,645241.0,0.0
645399.0,0.0,645638.0,0.0,645796.0,0.0,645954.0,0.0,646112.0,0.0,646270.0
0.0,646428.0,0.0,646586.0,0.0,646744.0,0.0,646902.0,0.0,647060.0,0.0
645716.0,0.0,645874.0,0.0,646032.0,0.0,646190.0,0.0,646348.0,0.0,646506.0
0.0,646664.0,0.0,646822.0,0.0,646980.0,0.0,647138.0,0.0,647377.0,0.0
647535.0,0.0,647693.0,0.0,647851.0,0.0,648009.0,0.0,648167.0,0.0,648325.0
0.0,648483.0,0.0,648641.0,0.0,648799.0,0.0,647455.0,0.0,647613.0,0.0
647771.0,0.0,647929.0,0.0,648087.0,0.0,648245.0,0.0,648403.0,0.0,648561.0
0.0,648719.0,0.0,648877.0,0.0,649116.0,0.0,649274.0,0.0,649432.0,0.0
649590.0,0.0,649748.0,0.0,649906.0,0.0,650064.0,0.0,650222.0,0.0,650380.0
0.0,650538.0,0.0,649194.0,0.0,649352.0,0.0,649510.0,0.0,649668.0,0.0
649826.0,0.0,649984.0,0.0,650142.0,0.0,650300.0,0.0,650458.0,0.0,650616.0
0.0,650855.0,0.0,651013.0,0.0,651171.0,0.0,651329.0,0.0,651487.0,0.0
651645.0,0.0,651803.0,0.0,651961.0,0.0,652119.0,0.0,652277.0,0.0,650933.0
0.0,651091.0,0.0,651249.0,0.0,651407.0,0.0,651565.0,0.0,651723.0,0.0
651881.0,0.0,652039.0,0.0,652197.0,0.0,652355.0,0.0,652594.0,0.0,652752.0
0.0,652910.0,0.0,653068.0,0.0,653226.0,0.0,653384.0,0.0,653542.0,0.0
653700.0,0.0,653858.0,0.0,654016.0,0.0,652672.0,0.0,652830.0,0.0,652988.0
0.0,653146.0,0.0,653304.0,0.0,653462.0,0.0,653620.0,0.0,653778.0,0.0
653936.0,0.0,654094.0,0.0,654333.0,0.0,654491.0,0.0,654649.0,0.0,654807.0
0.0,654965.0,0.0,655123.0,0.0,655281.0,0.0,655439.0,0.0,655597.0,0.0
655755.0,0.0,654411.0,0.0,654569.0,0.0,654727.0,0.0,654885.0,0.0,655043.0
0.0,655201.0,0.0,655359.0,0.0,655517.0,0.0,655675.0,0.0,655833.0,0.0
656072.0,0.0,656230.0,0.0,656388.0,0.0,656546.0,0.0,656704.0,0.0,656862.0
0.0,657020.0,0.0,657178.0,0.0,657336.0,0.0,657494.0,0.0,656150.0,0.0
656308.0,0.0,656466.0,0.0,656624.0,0.0,656782.0,0.0,656940.0,0.0,657098.0
0.0,657256.0,0.0,657414.0,0.0,657572.0,0.0,657811.0,0.0,657969.0,0.0
658127.0,0.0,658285.0,0.0,658443.0,0.0,658601.0,0.0,658759.0,0.0,658917.0
0.0,659075.0,0.0,659233.0,0.0,657889.0,0.0,658047.0,0.0,658205.0,0.0
658363.0,0.0,658521.0,0.0,658679.0,0.0,658837.0,0.0,658995.0,0.0,659153.0
0.0,659311.0,0.0,659550.0,0.0,659708.0,0.0,659866.0,0.0,660024.0,0.0
660182.0,0.0,660340.0,0.0,660498.0,0.0,660656.0,0.0,660814.0,0.0,660972.0
0.0,659628.0,0.0,659786.0,0.0,659944.0,0.0,660102.0,0.0,660260.0,0.0
660418.0,0.0,660576.0,0.0,660734.0,0.0,660892.0,0.0,661050.0,0.0,661289.0
0.0,661447.0,0.0,661605.0,0.0,661763.0,0.0,661921.0,0.0,662079.0,0.0
662237.0,0.0,662395.0,0.0,662553.0,0.0,662711.0,0.0,661367.0,0.0,661525.0
0.0,661683.0,0.0,661841.0,0.0,661999.0,0.0,662157.0,0.0,662315.0,0.0
662473.0,0.0,662631.0,0.0,662789.0,0.0,663028.0,0.0,663186.0,0.0,663344.0
0.0,663502.0,0.0,663660.0,0.0,663818.0,0.0,663976.0,0.0,664134.0,0.0
664292.0,0.0,664450.0,0.0,663106.0,0.0,663264.0,0.0,663422.0,0.0,663580.0
0.0,663738.0,0.0,663896.0,0.0,664054.0,0.0,664212.0,0.0,664370.0,0.0
664528.0,0.0,664767.0,0.0,664925.0,0.0,665083.0,0.0,665241.0,0.0,665399.0
0.0,665557.0,0.0,665715.0,0.0,665873.0,0.0,666031.0,0.0,666189.0,0.0
664845.0,0.0,665003.0,0.0,665161.0,0.0,665319.0,0.0,665477.0,0.0,665635.0
0.0,665793.0,0.0,665951.0,0.0,666109.0,0.0,666267.0,0.0,666506.0,0.0
666664.0,0.0,666822.0,0.0,666980.0,0.0,667138.0,0.0,667296.0,0.0,667454.0
0.0,667612.0,0.0,667770.0,0.0,667928.0,0.0,666584.0,0.0,666742.0,0.0
666900.0,0.0,667058.0,0.0,667216.0,0.0,667374.0,0.0,667532.0,0.0,667690.0
0.0,667848.0,0.0,668006.0,0.0,668245.0,0.0,668403.0,0.0,668561.0,0.0
668719.0,0.0,668877.0,0.0,669035.0,0.0,669193.0,0.0,669351.0,0.0,669509.0
0.0,669667.0,0.0,668323.0,0.0,668481.0,0.0,668639.0,0.0,668797.0,0.0
668955.0,0.0,669113.0,0.0,669271.0,0.0,669429.0,0.0,669587.0,0.0,669745.0
0.0,669984.0,0.0,670142.0,0.0,670300.0,0.0,670458.0,0.0,670616.0,0.0
670774.0,0.0,670932.0,0.0,671090.0,0.0,671248.0,0.0,671406.0,0.0,670062.0
0.0,670220.0,0.0,670378.0,0.0,670536.0,0.0,670694.0,0.0,670852.0,0.0
671010.0,0.0,671168.0,0.0,671326.0,0.0,671484.0,0.0,671723.0,0.0,671881.0
0.0,672039.0,0.0,672197.0,0.0,672355.0,0.0,672513.0,0.0,672671.0,0.0
672829.0,0.0,672987.0,0.0,673145.0,0.0,671801.0,0.0,671959.0,0.0,672117.0
0.0,672275.0,0.0,672433.0,0.0,672591.0,0.0,672749.0,0.0,672907.0,0.0
673065.0,0.0,673223.0,0.0,673462.0,0.0,673620.0,0.0,673778.0,0.0,673936.0
0.0,674094.0,0.0,674252.0,0.0,674410.0,0.0,674568.0,0.0,674726.0,0.0
674884.0,0.0,673540.0,0.0,673698.0,0.0,673856.0,0.0,674014.0,0.0,674172.0
0.0,674330.0,0.0,674488.0,0.0,674646.0,0.0,674804.0,0.0,674962.0,0.0
675201.0,0.0,675359.0,0.0,675517.0,0.0,675675.0,0.0,675833.0,0.0,675991.0
0.0,676149.0,0.0,676307.0,0.0,676465.0,0.0,676623.0,0.0,675279.0,0.0
675437.0,0.0,675595.0,0.0,675753.0,0.0,675911.0,0.0,676069.0,0.0,676227.0
0.0,676385.0,0.0,676543.0,0.0,676701.0,0.0,676940.0,0.0,677098.0,0.0
677256.0,0.0,677414.0,0.0,677572.0,0.0,677730.0,0.0,677888.0,0.0,678046.0
0.0,678204.0,0.0,678362.0,0.0,677018.0,0.0,677176.0,0.0,677334.0,0.0
677492.0,0.0,677650.0,0.0,677808.0,0.0,677966.0,0.0,678124.0,0.0,678282.0
0.0,678440.0,0.0,678679.0,0.0,678837.0,0.0,678995.0,0.0,679153.0,0.0
679311.0,0.0,679469.0,0.0,679627.0,0.0,679785.0,0.0,679943.0,0.0,680101.0
0.0,678757.0,0.0,678915.0,0.0,679073.0,0.0,679231.0,0.0,679389.0,0.0
679547.0,0.0,679705.0,0.0,679863.0,0.0,680021.0,0.0,680179.0,0.0,680418.0
0.0,680576.0,0.0,680734.0,0.0,680892.0,0.0,681050.0,0.0,681208.0,0.0
681366.0,0.0,681524.0,0.0,681682.0,0.0,681840.0,0.0,680496.0,0.0,680654.0
0.0,680812.0,0.0,680970.0,0.0,681128.0,0.0,681286.0,0.0,681444.0,0.0
681602.0,0.0,681760.0,0.0,681918.0,0.0,682157.0,0.0,682315.0,0.0,682473.0
0.0,682631.0,0.0,682789.0,0.0,682947.0,0.0,683105.0,0.0,683263.0,0.0
683421.0,0.0,683579.0,0.0,682235.0,0.0,682393.0,0.0,682551.0,0.0,682709.0
0.0,682867.0,0.0,683025.0,0.0,683183.0,0.0,683341.0,0.0,683499.0,0.0
683657.0,0.0,683896.0,0.0,684054.0,0.0,684212.0,0.0,684370.0,0.0,684528.0
0.0,684686.0,0.0,684844.0,0.0,685002.0,0.0,685160.0,0.0,685318.0,0.0
683974.0,0.0,684132.0,0.0,684290.0,0.0,684448.0,0.0,684606.0,0.0,684764.0
0.0,684922.0,0.0,685080.0,0.0,685238.0,0.0,685396.0,0.0,685629.0,0.0
686005.0,0.0,687744.0,0.0,689483.0,0.0,691222.0,0.0,692961.0,0.0,694700.0
0.0,696439.0,0.0,698178.0,0.0,699917.0,0.0,701656.0,0.0,703395.0,0.0
705134.0,0.0,706873.0,0.0,708612.0,0.0,710351.0,0.0,712090.0,0.0,713829.0
0.0,715568.0,0.0,717307.0,0.0,719046.0,0.0,720785.0,0.0,722524.0,0.0
724263.0,0.0,726002.0,0.0,727741.0,0.0,729480.0,0.0,731219.0,0.0,732958.0
0.0,734697.0,0.0,736436.0,0.0,738175.0,0.0,739914.0,0.0,741653.0,0.0
743392.0,0.0,686164.0,0.0,686322.0,0.0,686480.0,0.0,686638.0,0.0,686796.0
0.0,686954.0,0.0,687112.0,0.0,687270.0,0.0,687428.0,0.0,687586.0,0.0
686242.0,0.0,686400.0,0.0,686558.0,0.0,686716.0,0.0,686874.0,0.0,687032.0
0.0,687190.0,0.0,687348.0,0.0,687506.0,0.0,687664.0,0.0,687903.0,0.0
688061.0,0.0,688219.0,0.0,688377.0,0.0,688535.0,0.0,688693.0,0.0,688851.0
0.0,689009.0,0.0,689167.0,0.0,689325.0,0.0,687981.0,0.0,688139.0,0.0
688297.0,0.0,688455.0,0.0,688613.0,0.0,688771.0,0.0,688929.0,0.0,689087.0
0.0,689245.0,0.0,689403.0,0.0,689642.0,0.0,689800.0,0.0,689958.0,0.0
690116.0,0.0,690274.0,0.0,690432.0,0.0,690590.0,0.0,690748.0,0.0,690906.0
0.0,691064.0,0.0,689720.0,0.0,689878.0,0.0,690036.0,0.0,690194.0,0.0
690352.0,0.0,690510.0,0.0,690668.0,0.0,690826.0,0.0,690984.0,0.0,691142.0
0.0,691381.0,0.0,691539.0,0.0,691697.0,0.0,691855.0,0.0,692013.0,0.0
692171.0,0.0,692329.0,0.0,692487.0,0.0,692645.0,0.0,692803.0,0.0,691459.0
0.0,691617.0,0.0,691775.0,0.0,691933.0,0.0,692091.0,0.0,692249.0,0.0
692407.0,0.0,692565.0,0.0,692723.0,0.0,692881.0,0.0,693120.0,0.0,693278.0
0.0,693436.0,0.0,693594.0,0.0,693752.0,0.0,693910.0,0.0,694068.0,0.0
694226.0,0.0,694384.0,0.0,694542.0,0.0,693198.0,0.0,693356.0,0.0,693514.0
0.0,693672.0,0.0,693830.0,0.0,693988.0,0.0,694146.0,0.0,694304.0,0.0
694462.0,0.0,694620.0,0.0,694859.0,0.0,695017.0,0.0,695175.0,0.0,695333.0
0.0,695491.0,0.0,695649.0,0.0,695807.0,0.0,695965.0,0.0,696123.0,0.0
696281.0,0.0,694937.0,0.0,695095.0,0.0,695253.0,0.0,695411.0,0.0,695569.0
0.0,695727.0,0.0,695885.0,0.0,696043.0,0.0,696201.0,0.0,696359.0,0.0
696598.0,0.0,696756.0,0.0,696914.0,0.0,697072.0,0.0,697230.0,0.0,697388.0
0.0,697546.0,0.0,697704.0,0.0,697862.0,0.0,698020.0,0.0,696676.0,0.0
696834.0,0.0,696992.0,0.0,697150.0,0.0,697308.0,0.0,697466.0,0.0,697624.0
0.0,697782.0,0.0,697940.0,0.0,698098.0,0.0,698337.0,0.0,698495.0,0.0
698653.0,0.0,698811.0,0.0,698969.0,0.0,699127.0,0.0,699285.0,0.0,699443.0
0.0,699601.0,0.0,699759.0,0.0,698415.0,0.0,698573.0,0.0,698731.0,0.0
698889.0,0.0,699047.0,0.0,699205.0,0.0,699363.0,0.0,699521.0,0.0,699679.0
0.0,699837.0,0.0,700076.0,0.0,700234.0,0.0,700392.0,0.0,700550.0,0.0
700708.0,0.0,700866.0,0.0,701024.0,0.0,701182.0,0.0,701340.0,0.0,701498.0
0.0,700154.0,0.0,700312.0,0.0,700470.0,0.0,700628.0,0.0,700786.0,0.0
700944.0,0.0,701102.0,0.0,701260.0,0.0,701418.0,0.0,701576.0,0.0,701815.0
0.0,701973.0,0.0,702131.0,0.0,702289.0,0.0,702447.0,0.0,702605.0,0.0
702763.0,0.0,702921.0,0.0,703079.0,0.0,703237.0,0.0,701893.0,0.0,702051.0
0.0,702209.0,0.0,702367.0,0.0,702525.0,0.0,702683.0,0.0,702841.0,0.0
702999.0,0.0,703157.0,0.0,703315.0,0.0,703554.0,0.0,703712.0,0.0,703870.0
0.0,704028.0,0.0,704186.0,0.0,704344.0,0.0,704502.0,0.0,704660.0,0.0
704818.0,0.0,704976.0,0.0,703632.0,0.0,703790.0,0.0,703948.0,0.0,704106.0
0.0,704264.0,0.0,704422.0,0.0,704580.0,0.0,704738.0,0.0,704896.0,0.0
705054.0,0.0,705293.0,0.0,705451.0,0.0,705609.0,0.0,705767.0,0.0,705925.0
0.0,706083.0,0.0,706241.0,0.0,706399.0,0.0,706557.0,0.0,706715.0,0.0
705371.0,0.0,705529.0,0.0,705687.0,0.0,705845.0,0.0,706003.0,0.0,706161.0
0.0,706319.0,0.0,706477.0,0.0,706635.0,0.0,706793.0,0.0,707032.0,0.0
707190.0,0.0,707348.0,0.0,707506.0,0.0,707664.0,0.0,707822.0,0.0,707980.0
0.0,708138.0,0.0,708296.0,0.0,708454.0,0.0,707110.0,0.0,707268.0,0.0
707426.0,0.0,707584.0,0.0,707742.0,0.0,707900.0,0.0,708058.0,0.0,708216.0
0.0,708374.0,0.0,708532.0,0.0,708771.0,0.0,708929.0,0.0,709087.0,0.0
709245.0,0.0,709403.0,0.0,709561.0,0.0,709719.0,0.0,709877.0,0.0,710035.0
0.0,710193.0,0.0,708849.0,0.0,709007.0,0.0,709165.0,0.0,709323.0,0.0
709481.0,0.0,709639.0,0.0,709797.0,0.0,709955.0,0.0,710113.0,0.0,710271.0
0.0,710510.0,0.0,710668.0,0.0,710826.0,0.0,710984.0,0.0,711142.0,0.0
711300.0,0.0,711458.0,0.0,711616.0,0.0,711774.0,0.0,711932.0,0.0,710588.0
0.0,710746.0,0.0,710904.0,0.0,711062.0,0.0,711220.0,0.0,711378.0,0.0
711536.0,0.0,711694.0,0.0,711852.0,0.0,712010.0,0.0,712249.0,0.0,712407.0
0.0,712565.0,0.0,712723.0,0.0,712881.0,0.0,713039.0,0.0,713197.0,0.0
713355.0,0.0,713513.0,0.0,713671.0,0.0,712327.0,0.0,712485.0,0.0,712643.0
0.0,712801.0,0.0,712959.0,0.0,713117.0,0.0,713275.0,0.0,713433.0,0.0
713591.0,0.0,713749.0,0.0,713988.0,0.0,714146.0,0.0,714304.0,0.0,714462.0
0.0,714620.0,0.0,714778.0,0.0,714936.0,0.0,715094.0,0.0,715252.0,0.0
715410.0,0.0,714066.0,0.0,714224.0,0.0,714382.0,0.0,714540.0,0.0,714698.0
0.0,714856.0,0.0,715014.0,0.0,715172.0,0.0,715330.0,0.0,715488.0,0.0
715727.0,0.0,715885.0,0.0,716043.0,0.0,716201.0,0.0,716359.0,0.0,716517.0
0.0,716675.0,0.0,716833.0,0.0,716991.0,0.0,717149.0,0.0,715805.0,0.0
715963.0,0.0,716121.0,0.0,716279.0,0.0,716437.0,0.0,716595.0,0.0,716753.0
0.0,716911.0,0.0,717069.0,0.0,717227.0,0.0,717466.0,0.0,717624.0,0.0
717782.0,0.0,717940.0,0.0,718098.0,0.0,718256.0,0.0,718414.0,0.0,718572.0
0.0,718730.0,0.0,718888.0,0.0,717544.0,0.0,717702.0,0.0,717860.0,0.0
718018.0,0.0,718176.0,0.0,718334.0,0.0,718492.0,0.0,718650.0,0.0,718808.0
0.0,718966.0,0.0,719205.0,0.0,719363.0,0.0,719521.0,0.0,719679.0,0.0
719837.0,0.0,719995.0,0.0,720153.0,0.0,720311.0,0.0,720469.0,0.0,720627.0
0.0,719283.0,0.0,719441.0,0.0,719599.0,0.0,719757.0,0.0,719915.0,0.0
720073.0,0.0,720231.0,0.0,720389.0,0.0,720547.0,0.0,720705.0,0.0,720944.0
0.0,721102.0,0.0,721260.0,0.0,721418.0,0.0,721576.0,0.0,721734.0,0.0
721892.0,0.0,722050.0,0.0,722208.0,0.0,722366.0,0.0,721022.0,0.0,721180.0
0.0,721338.0,0.0,721496.0,0.0,721654.0,0.0,721812.0,0.0,721970.0,0.0
722128.0,0.0,722286.0,0.0,722444.0,0.0,722683.0,0.0,722841.0,0.0,722999.0
0.0,723157.0,0.0,723315.0,0.0,723473.0,0.0,723631.0,0.0,723789.0,0.0
723947.0,0.0,724105.0,0.0,722761.0,0.0,722919.0,0.0,723077.0,0.0,723235.0
0.0,723393.0,0.0,723551.0,0.0,723709.0,0.0,723867.0,0.0,724025.0,0.0
724183.0,0.0,724422.0,0.0,724580.0,0.0,724738.0,0.0,724896.0,0.0,725054.0
0.0,725212.0,0.0,725370.0,0.0,725528.0,0.0,725686.0,0.0,725844.0,0.0
724500.0,0.0,724658.0,0.0,724816.0,0.0,724974.0,0.0,725132.0,0.0,725290.0
0.0,725448.0,0.0,725606.0,0.0,725764.0,0.0,725922.0,0.0,726161.0,0.0
726319.0,0.0,726477.0,0.0,726635.0,0.0,726793.0,0.0,726951.0,0.0,727109.0
0.0,727267.0,0.0,727425.0,0.0,727583.0,0.0,726239.0,0.0,726397.0,0.0
726555.0,0.0,726713.0,0.0,726871.0,0.0,727029.0,0.0,727187.0,0.0,727345.0
0.0,727503.0,0.0,727661.0,0.0,727900.0,0.0,728058.0,0.0,728216.0,0.0
728374.0,0.0,728532.0,0.0,728690.0,0.0,728848.0,0.0,729006.0,0.0,729164.0
0.0,729322.0,0.0,727978.0,0.0,728136.0,0.0,728294.0,0.0,728452.0,0.0
728610.0,0.0,728768.0,0.0,728926.0,0.0,729084.0,0.0,729242.0,0.0,729400.0
0.0,729639.0,0.0,729797.0,0.0,729955.0,0.0,730113.0,0.0,730271.0,0.0
730429.0,0.0,730587.0,0.0,730745.0,0.0,730903.0,0.0,731061.0,0.0,729717.0
0.0,729875.0,0.0,730033.0,0.0,730191.0,0.0,730349.0,0.0,730507.0,0.0
730665.0,0.0,730823.0,0.0,730981.0,0.0,731139.0,0.0,731378.0,0.0,731536.0
0.0,731694.0,0.0,731852.0,0.0,732010.0,0.0,732168.0,0.0,732326.0,0.0
732484.0,0.0,732642.0,0.0,732800.0,0.0,731456.0,0.0,731614.0,0.0,731772.0
0.0,731930.0,0.0,732088.0,0.0,732246.0,0.0,732404.0,0.0,732562.0,0.0
732720.0,0.0,732878.0,0.0,733117.0,0.0,733275.0,0.0,733433.0,0.0,733591.0
0.0,733749.0,0.0,733907.0,0.0,734065.0,0.0,734223.0,0.0,734381.0,0.0
734539.0,0.0,733195.0,0.0,733353.0,0.0,733511.0,0.0,733669.0,0.0,733827.0
0.0,733985.0,0.0,734143.0,0.0,734301.0,0.0,734459.0,0.0,734617.0,0.0
734856.0,0.0,735014.0,0.0,735172.0,0.0,735330.0,0.0,735488.0,0.0,735646.0
0.0,735804.0,0.0,735962.0,0.0,736120.0,0.0,736278.0,0.0,734934.0,0.0
735092.0,0.0,735250.0,0.0,735408.0,0.0,735566.0,0.0,735724.0,0.0,735882.0
0.0,736040.0,0.0,736198.0,0.0,736356.0,0.0,736595.0,0.0,736753.0,0.0
736911.0,0.0,737069.0,0.0,737227.0,0.0,737385.0,0.0,737543.0,0.0,737701.0
0.0,737859.0,0.0,738017.0,0.0,736673.0,0.0,736831.0,0.0,736989.0,0.0
737147.0,0.0,737305.0,0.0,737463.0,0.0,737621.0,0.0,737779.0,0.0,737937.0
0.0,738095.0,0.0,738334.0,0.0,738492.0,0.0,738650.0,0.0,738808.0,0.0
738966.0,0.0,739124.0,0.0,739282.0,0.0,739440.0,0.0,739598.0,0.0,739756.0
0.0,738412.0,0.0,738570.0,0.0,738728.0,0.0,738886.0,0.0,739044.0,0.0
739202.0,0.0,739360.0,0.0,739518.0,0.0,739676.0,0.0,739834.0,0.0,740073.0
0.0,740231.0,0.0,740389.0,0.0,740547.0,0.0,740705.0,0.0,740863.0,0.0
741021.0,0.0,741179.0,0.0,741337.0,0.0,741495.0,0.0,740151.0,0.0,740309.0
0.0,740467.0,0.0,740625.0,0.0,740783.0,0.0,740941.0,0.0,741099.0,0.0
741257.0,0.0,741415.0,0.0,741573.0,0.0,741812.0,0.0,741970.0,0.0,742128.0
0.0,742286.0,0.0,742444.0,0.0,742602.0,0.0,742760.0,0.0,742918.0,0.0
743076.0,0.0,743234.0,0.0,741890.0,0.0,742048.0,0.0,742206.0,0.0,742364.0
0.0,742522.0,0.0,742680.0,0.0,742838.0,0.0,742996.0,0.0,743154.0,0.0
743312.0,0.0,743551.0,0.0,743709.0,0.0,743867.0,0.0,744025.0,0.0,744183.0
0.0,744341.0,0.0,744499.0,0.0,744657.0,0.0,744815.0,0.0,744973.0,0.0
743629.0,0.0,743787.0,0.0,743945.0,0.0,744103.0,0.0,744261.0,0.0,744419.0
0.0,744577.0,0.0,744735.0,0.0,744893.0,0.0,745051.0,0.0,745284.0,0.0
745660.0,0.0,747399.0,0.0,749138.0,0.0,750877.0,0.0,752616.0,0.0,754355.0
0.0,756094.0,0.0,757833.0,0.0,759572.0,0.0,761311.0,0.0,763050.0,0.0
764789.0,0.0,766528.0,0.0,768267.0,0.0,770006.0,0.0,771745.0,0.0,773484.0
0.0,775223.0,0.0,776962.0,0.0,778701.0,0.0,780440.0,0.0,782179.0,0.0
783918.0,0.0,785657.0,0.0,787396.0,0.0,789135.0,0.0,790874.0,0.0,792613.0
0.0,794352.0,0.0,796091.0,0.0,797830.0,0.0,799569.0,0.0,801308.0,0.0
803047.0,0.0,745819.0,0.0,745977.0,0.0,746135.0,0.0,746293.0,0.0,746451.0
0.0,746609.0,0.0,746767.0,0.0,746925.0,0.0,747083.0,0.0,747241.0,0.0
745897.0,0.0,746055.0,0.0,746213.0,0.0,746371.0,0.0,746529.0,0.0,746687.0
0.0,746845.0,0.0,747003.0,0.0,747161.0,0.0,747319.0,0.0,747558.0,0.0
747716.0,0.0,747874.0,0.0,748032.0,0.0,748190.0,0.0,748348.0,0.0,748506.0
0.0,748664.0,0.0,748822.0,0.0,748980.0,0.0,747636.0,0.0,747794.0,0.0
747952.0,0.0,748110.0,0.0,748268.0,0.0,748426.0,0.0,748584.0,0.0,748742.0
0.0,748900.0,0.0,749058.0,0.0,749297.0,0.0,749455.0,0.0,749613.0,0.0
749771.0,0.0,749929.0,0.0,750087.0,0.0,750245.0,0.0,750403.0,0.0,750561.0
0.0,750719.0,0.0,749375.0,0.0,749533.0,0.0,749691.0,0.0,749849.0,0.0
750007.0,0.0,750165.0,0.0,750323.0,0.0,750481.0,0.0,750639.0,0.0,750797.0
0.0,751036.0,0.0,751194.0,0.0,751352.0,0.0,751510.0,0.0,751668.0,0.0
751826.0,0.0,751984.0,0.0,752142.0,0.0,752300.0,0.0,752458.0,0.0,751114.0
0.0,751272.0,0.0,751430.0,0.0,751588.0,0.0,751746.0,0.0,751904.0,0.0
752062.0,0.0,752220.0,0.0,752378.0,0.0,752536.0,0.0,752775.0,0.0,752933.0
0.0,753091.0,0.0,753249.0,0.0,753407.0,0.0,753565.0,0.0,753723.0,0.0
753881.0,0.0,754039.0,0.0,754197.0,0.0,752853.0,0.0,753011.0,0.0,753169.0
0.0,753327.0,0.0,753485.0,0.0,753643.0,0.0,753801.0,0.0,753959.0,0.0
754117.0,0.0,754275.0,0.0,754514.0,0.0,754672.0,0.0,754830.0,0.0,754988.0
0.0,755146.0,0.0,755304.0,0.0,755462.0,0.0,755620.0,0.0,755778.0,0.0
755936.0,0.0,754592.0,0.0,754750.0,0.0,754908.0,0.0,755066.0,0.0,755224.0
0.0,755382.0,0.0,755540.0,0.0,755698.0,0.0,755856.0,0.0,756014.0,0.0
756253.0,0.0,756411.0,0.0,756569.0,0.0,756727.0,0.0,756885.0,0.0,757043.0
0.0,757201.0,0.0,757359.0,0.0,757517.0,0.0,757675.0,0.0,756331.0,0.0
756489.0,0.0,756647.0,0.0,756805.0,0.0,756963.0,0.0,757121.0,0.0,757279.0
0.0,757437.0,0.0,757595.0,0.0,757753.0,0.0,757992.0,0.0,758150.0,0.0
758308.0,0.0,758466.0,0.0,758624.0,0.0,758782.0,0.0,758940.0,0.0,759098.0
0.0,759256.0,0.0,759414.0,0.0,758070.0,0.0,758228.0,0.0,758386.0,0.0
758544.0,0.0,758702.0,0.0,758860.0,0.0,759018.0,0.0,759176.0,0.0,759334.0
0.0,759492.0,0.0,759731.0,0.0,759889.0,0.0,760047.0,0.0,760205.0,0.0
760363.0,0.0,760521.0,0.0,760679.0,0.0,760837.0,0.0,760995.0,0.0,761153.0
0.0,759809.0,0.0,759967.0,0.0,760125.0,0.0,760283.0,0.0,760441.0,0.0
760599.0,0.0,760757.0,0.0,760915.0,0.0,761073.0,0.0,761231.0,0.0,761470.0
0.0,761628.0,0.0,761786.0,0.0,761944.0,0.0,762102.0,0.0,762260.0,0.0
762418.0,0.0,762576.0,0.0,762734.0,0.0,762892.0,0.0,761548.0,0.0,761706.0
0.0,761864.0,0.0,762022.0,0.0,762180.0,0.0,762338.0,0.0,762496.0,0.0
762654.0,0.0,762812.0,0.0,762970.0,0.0,763209.0,0.0,763367.0,0.0,763525.0
0.0,763683.0,0.0,763841.0,0.0,763999.0,0.0,764157.0,0.0,764315.0,0.0
764473.0,0.0,764631.0,0.0,763287.0,0.0,763445.0,0.0,763603.0,0.0,763761.0
0.0,763919.0,0.0,764077.0,0.0,764235.0,0.0,764393.0,0.0,764551.0,0.0
764709.0,0.0,764948.0,0.0,765106.0,0.0,765264.0,0.0,765422.0,0.0,765580.0
0.0,765738.0,0.0,765896.0,0.0,766054.0,0.0,766212.0,0.0,766370.0,0.0
765026.0,0.0,765184.0,0.0,765342.0,0.0,765500.0,0.0,765658.0,0.0,765816.0
0.0,765974.0,0.0,766132.0,0.0,766290.0,0.0,766448.0,0.0,766687.0,0.0
766845.0,0.0,767003.0,0.0,767161.0,0.0,767319.0,0.0,767477.0,0.0,767635.0
0.0,767793.0,0.0,767951.0,0.0,768109.0,0.0,766765.0,0.0,766923.0,0.0
767081.0,0.0,767239.0,0.0,767397.0,0.0,767555.0,0.0,767713.0,0.0,767871.0
0.0,768029.0,0.0,768187.0,0.0,768426.0,0.0,768584.0,0.0,768742.0,0.0
768900.0,0.0,769058.0,0.0,769216.0,0.0,769374.0,0.0,769532.0,0.0,769690.0
0.0,769848.0,0.0,768504.0,0.0,768662.0,0.0,768820.0,0.0,768978.0,0.0
769136.0,0.0,769294.0,0.0,769452.0,0.0,769610.0,0.0,769768.0,0.0,769926.0
0.0,770165.0,0.0,770323.0,0.0,770481.0,0.0,770639.0,0.0,770797.0,0.0
770955.0,0.0,771113.0,0.0,771271.0,0.0,771429.0,0.0,771587.0,0.0,770243.0
0.0,770401.0,0.0,770559.0,0.0,770717.0,0.0,770875.0,0.0,771033.0,0.0
771191.0,0.0,771349.0,0.0,771507.0,0.0,771665.0,0.0,771904.0,0.0,772062.0
0.0,772220.0,0.0,772378.0,0.0,772536.0,0.0,772694.0,0.0,772852.0,0.0
773010.0,0.0,773168.0,0.0,773326.0,0.0,771982.0,0.0,772140.0,0.0,772298.0
0.0,772456.0,0.0,772614.0,0.0,772772.0,0.0,772930.0,0.0,773088.0,0.0
773246.0,0.0,773404.0,0.0,773643.0,0.0,773801.0,0.0,773959.0,0.0,774117.0
0.0,774275.0,0.0,774433.0,0.0,774591.0,0.0,774749.0,0.0,774907.0,0.0
775065.0,0.0,773721.0,0.0,773879.0,0.0,774037.0,0.0,774195.0,0.0,774353.0
0.0,774511.0,0.0,774669.0,0.0,774827.0,0.0,774985.0,0.0,775143.0,0.0
775382.0,0.0,775540.0,0.0,775698.0,0.0,775856.0,0.0,776014.0,0.0,776172.0
0.0,776330.0,0.0,776488.0,0.0,776646.0,0.0,776804.0,0.0,775460.0,0.0
775618.0,0.0,775776.0,0.0,775934.0,0.0,776092.0,0.0,776250.0,0.0,776408.0
0.0,776566.0,0.0,776724.0,0.0,776882.0,0.0,777121.0,0.0,777279.0,0.0
777437.0,0.0,777595.0,0.0,777753.0,0.0,777911.0,0.0,778069.0,0.0,778227.0
0.0,778385.0,0.0,778543.0,0.0,777199.0,0.0,777357.0,0.0,777515.0,0.0
777673.0,0.0,777831.0,0.0,777989.0,0.0,778147.0,0.0,778305.0,0.0,778463.0
0.0,778621.0,0.0,778860.0,0.0,779018.0,0.0,779176.0,0.0,779334.0,0.0
779492.0,0.0,779650.0,0.0,779808.0,0.0,779966.0,0.0,780124.0,0.0,780282.0
0.0,778938.0,0.0,779096.0,0.0,779254.0,0.0,779412.0,0.0,779570.0,0.0
779728.0,0.0,779886.0,0.0,780044.0,0.0,780202.0,0.0,780360.0,0.0,780599.0
0.0,780757.0,0.0,780915.0,0.0,781073.0,0.0,781231.0,0.0,781389.0,0.0
781547.0,0.0,781705.0,0.0,781863.0,0.0,782021.0,0.0,780677.0,0.0,780835.0
0.0,780993.0,0.0,781151.0,0.0,781309.0,0.0,781467.0,0.0,781625.0,0.0
781783.0,0.0,781941.0,0.0,782099.0,0.0,782338.0,0.0,782496.0,0.0,782654.0
0.0,782812.0,0.0,782970.0,0.0,783128.0,0.0,783286.0,0.0,783444.0,0.0
783602.0,0.0,783760.0,0.0,782416.0,0.0,782574.0,0.0,782732.0,0.0,782890.0
0.0,783048.0,0.0,783206.0,0.0,783364.0,0.0,783522.0,0.0,783680.0,0.0
783838.0,0.0,784077.0,0.0,784235.0,0.0,784393.0,0.0,784551.0,0.0,784709.0
0.0,784867.0,0.0,785025.0,0.0,785183.0,0.0,785341.0,0.0,785499.0,0.0
784155.0,0.0,784313.0,0.0,784471.0,0.0,784629.0,0.0,784787.0,0.0,784945.0
0.0,785103.0,0.0,785261.0,0.0,785419.0,0.0,785577.0,0.0,785816.0,0.0
785974.0,0.0,786132.0,0.0,786290.0,0.0,786448.0,0.0,786606.0,0.0,786764.0
0.0,786922.0,0.0,787080.0,0.0,787238.0,0.0,785894.0,0.0,786052.0,0.0
786210.0,0.0,786368.0,0.0,786526.0,0.0,786684.0,0.0,786842.0,0.0,787000.0
0.0,787158.0,0.0,787316.0,0.0,787555.0,0.0,787713.0,0.0,787871.0,0.0
788029.0,0.0,788187.0,0.0,788345.0,0.0,788503.0,0.0,788661.0,0.0,788819.0
0.0,788977.0,0.0,787633.0,0.0,787791.0,0.0,787949.0,0.0,788107.0,0.0
788265.0,0.0,788423.0,0.0,788581.0,0.0,788739.0,0.0,788897.0,0.0,789055.0
0.0,789294.0,0.0,789452.0,0.0,789610.0,0.0,789768.0,0.0,789926.0,0.0
790084.0,0.0,790242.0,0.0,790400.0,0.0,790558.0,0.0,790716.0,0.0,789372.0
0.0,789530.0,0.0,789688.0,0.0,789846.0,0.0,790004.0,0.0,790162.0,0.0
790320.0,0.0,790478.0,0.0,790636.0,0.0,790794.0,0.0,791033.0,0.0,791191.0
0.0,791349.0,0.0,791507.0,0.0,791665.0,0.0,791823.0,0.0,791981.0,0.0
792139.0,0.0,792297.0,0.0,792455.0,0.0,791111.0,0.0,791269.0,0.0,791427.0
0.0,791585.0,0.0,791743.0,0.0,791901.0,0.0,792059.0,0.0,792217.0,0.0
792375.0,0.0,792533.0,0.0,792772.0,0.0,792930.0,0.0,793088.0,0.0,793246.0
0.0,793404.0,0.0,793562.0,0.0,793720.0,0.0,793878.0,0.0,794036.0,0.0
794194.0,0.0,792850.0,0.0,793008.0,0.0,793166.0,0.0,793324.0,0.0,793482.0
0.0,793640.0,0.0,793798.0,0.0,793956.0,0.0,794114.0,0.0,794272.0,0.0
794511.0,0.0,794669.0,0.0,794827.0,0.0,794985.0,0.0,795143.0,0.0,795301.0
0.0,795459.0,0.0,795617.0,0.0,795775.0,0.0,795933.0,0.0,794589.0,0.0
794747.0,0.0,794905.0,0.0,795063.0,0.0,795221.0,0.0,795379.0,0.0,795537.0
0.0,795695.0,0.0,795853.0,0.0,796011.0,0.0,796250.0,0.0,796408.0,0.0
796566.0,0.0,796724.0,0.0,796882.0,0.0,797040.0,0.0,797198.0,0.0,797356.0
0.0,797514.0,0.0,797672.0,0.0,796328.0,0.0,796486.0,0.0,796644.0,0.0
796802.0,0.0,796960.0,0.0,797118.0,0.0,797276.0,0.0,797434.0,0.0,797592.0
0.0,797750.0,0.0,797989.0,0.0,798147.0,0.0,798305.0,0.0,798463.0,0.0
798621.0,0.0,798779.0,0.0,798937.0,0.0,799095.0,0.0,799253.0,0.0,799411.0
0.0,798067.0,0.0,798225.0,0.0,798383.0,0.0,798541.0,0.0,798699.0,0.0
798857.0,0.0,799015.0,0.0,799173.0,0.0,799331.0,0.0,799489.0,0.0,799728.0
0.0,799886.0,0.0,800044.0,0.0,800202.0,0.0,800360.0,0.0,800518.0,0.0
800676.0,0.0,800834.0,0.0,800992.0,0.0,801150.0,0.0,799806.0,0.0,799964.0
0.0,800122.0,0.0,800280.0,0.0,800438.0,0.0,800596.0,0.0,800754.0,0.0
800912.0,0.0,801070.0,0.0,801228.0,0.0,801467.0,0.0,801625.0,0.0,801783.0
0.0,801941.0,0.0,802099.0,0.0,802257.0,0.0,802415.0,0.0,802573.0,0.0
802731.0,0.0,802889.0,0.0,801545.0,0.0,801703.0,0.0,801861.0,0.0,802019.0
0.0,802177.0,0.0,802335.0,0.0,802493.0,0.0,802651.0,0.0,802809.0,0.0
802967.0,0.0,803206.0,0.0,803364.0,0.0,803522.0,0.0,803680.0,0.0,803838.0
0.0,803996.0,0.0,804154.0,0.0,804312.0,0.0,804470.0,0.0,804628.0,0.0
803284.0,0.0,803442.0,0.0,803600.0,0.0,803758.0,0.0,803916.0,0.0,804074.0
0.0,804232.0,0.0,804390.0,0.0,804548.0,0.0,804706.0,0.0,804939.0,0.0
805315.0,0.0,807054.0,0.0,808793.0,0.0,810532.0,0.0,812271.0,0.0,814010.0
0.0,815749.0,0.0,817488.0,0.0,819227.0,0.0,820966.0,0.0,822705.0,0.0
824444.0,0.0,826183.0,0.0,827922.0,0.0,829661.0,0.0,831400.0,0.0,833139.0
0.0,834878.0,0.0,836617.0,0.0,838356.0,0.0,840095.0,0.0,841834.0,0.0
843573.0,0.0,845312.0,0.0,847051.0,0.0,848790.0,0.0,850529.0,0.0,852268.0
0.0,854007.0,0.0,855746.0,0.0,857485.0,0.0,859224.0,0.0,860963.0,0.0
862702.0,0.0,805474.0,0.0,805632.0,0.0,805790.0,0.0,805948.0,0.0,806106.0
0.0,806264.0,0.0,806422.0,0.0,806580.0,0.0,806738.0,0.0,806896.0,0.0
805552.0,0.0,805710.0,0.0,805868.0,0.0,806026.0,0.0,806184.0,0.0,806342.0
0.0,806500.0,0.0,806658.0,0.0,806816.0,0.0,806974.0,0.0,807213.0,0.0
807371.0,0.0,807529.0,0.0,807687.0,0.0,807845.0,0.0,808003.0,0.0,808161.0
0.0,808319.0,0.0,808477.0,0.0,808635.0,0.0,807291.0,0.0,807449.0,0.0
807607.0,0.0,807765.0,0.0,807923.0,0.0,808081.0,0.0,808239.0,0.0,808397.0
0.0,808555.0,0.0,808713.0,0.0,808952.0,0.0,809110.0,0.0,809268.0,0.0
809426.0,0.0,809584.0,0.0,809742.0,0.0,809900.0,0.0,810058.0,0.0,810216.0
0.0,810374.0,0.0,809030.0,0.0,809188.0,0.0,809346.0,0.0,809504.0,0.0
809662.0,0.0,809820.0,0.0,809978.0,0.0,810136.0,0.0,810294.0,0.0,810452.0
0.0,810691.0,0.0,810849.0,0.0,811007.0,0.0,811165.0,0.0,811323.0,0.0
811481.0,0.0,811639.0,0.0,811797.0,0.0,811955.0,0.0,812113.0,0.0,810769.0
0.0,810927.0,0.0,811085.0,0.0,811243.0,0.0,811401.0,0.0,811559.0,0.0
811717.0,0.0,811875.0,0.0,812033.0,0.0,812191.0,0.0,812430.0,0.0,812588.0
0.0,812746.0,0.0,812904.0,0.0,813062.0,0.0,813220.0,0.0,813378.0,0.0
813536.0,0.0,813694.0,0.0,813852.0,0.0,812508.0,0.0,812666.0,0.0,812824.0
0.0,812982.0,0.0,813140.0,0.0,813298.0,0.0,813456.0,0.0,813614.0,0.0
813772.0,0.0,813930.0,0.0,814169.0,0.0,814327.0,0.0,814485.0,0.0,814643.0
0.0,814801.0,0.0,814959.0,0.0,815117.0,0.0,815275.0,0.0,815433.0,0.0
815591.0,0.0,814247.0,0.0,814405.0,0.0,814563.0,0.0,814721.0,0.0,814879.0
0.0,815037.0,0.0,815195.0,0.0,815353.0,0.0,815511.0,0.0,815669.0,0.0
815908.0,0.0,816066.0,0.0,816224.0,0.0,816382.0,0.0,816540.0,0.0,816698.0
0.0,816856.0,0.0,817014.0,0.0,817172.0,0.0,817330.0,0.0,815986.0,0.0
816144.0,0.0,816302.0,0.0,816460.0,0.0,816618.0,0.0,816776.0,0.0,816934.0
0.0,817092.0,0.0,817250.0,0.0,817408.0,0.0,817647.0,0.0,817805.0,0.0
817963.0,0.0,818121.0,0.0,818279.0,0.0,818437.0,0.0,818595.0,0.0,818753.0
0.0,818911.0,0.0,819069.0,0.0,817725.0,0.0,817883.0,0.0,818041.0,0.0
818199.0,0.0,818357.0,0.0,818515.0,0.0,818673.0,0.0,818831.0,0.0,818989.0
0.0,819147.0,0.0,819386.0,0.0,819544.0,0.0,819702.0,0.0,819860.0,0.0
820018.0,0.0,820176.0,0.0,820334.0,0.0,820492.0,0.0,820650.0,0.0,820808.0
0.0,819464.0,0.0,819622.0,0.0,819780.0,0.0,819938.0,0.0,820096.0,0.0
820254.0,0.0,820412.0,0.0,820570.0,0.0,820728.0,0.0,820886.0,0.0,821125.0
0.0,821283.0,0.0,821441.0,0.0,821599.0,0.0,821757.0,0.0,821915.0,0.0
822073.0,0.0,822231.0,0.0,822389.0,0.0,822547.0,0.0,821203.0,0.0,821361.0
0.0,821519.0,0.0,821677.0,0.0,821835.0,0.0,821993.0,0.0,822151.0,0.0
822309.0,0.0,822467.0,0.0,822625.0,0.0,822864.0,0.0,823022.0,0.0,823180.0
0.0,823338.0,0.0,823496.0,0.0,823654.0,0.0,823812.0,0.0,823970.0,0.0
824128.0,0.0,824286.0,0.0,822942.0,0.0,823100.0,0.0,823258.0,0.0,823416.0
0.0,823574.0,0.0,823732.0,0.0,823890.0,0.0,824048.0,0.0,824206.0,0.0
824364.0,0.0,824603.0,0.0,824761.0,0.0,824919.0,0.0,825077.0,0.0,825235.0
0.0,825393.0,0.0,825551.0,0.0,825709.0,0.0,825867.0,0.0,826025.0,0.0
824681.0,0.0,824839.0,0.0,824997.0,0.0,825155.0,0.0,825313.0,0.0,825471.0
0.0,825629.0,0.0,825787.0,0.0,825945.0,0.0,826103.0,0.0,826342.0,0.0
826500.0,0.0,826658.0,0.0,826816.0,0.0,826974.0,0.0,827132.0,0.0,827290.0
0.0,827448.0,0.0,827606.0,0.0,827764.0,0.0,826420.0,0.0,826578.0,0.0
826736.0,0.0,826894.0,0.0,827052.0,0.0,827210.0,0.0,827368.0,0.0,827526.0
0.0,827684.0,0.0,827842.0,0.0,828081.0,0.0,828239.0,0.0,828397.0,0.0
828555.0,0.0,828713.0,0.0,828871.0,0.0,829029.0,0.0,829187.0,0.0,829345.0
0.0,829503.0,0.0,828159.0,0.0,828317.0,0.0,828475.0,0.0,828633.0,0.0
828791.0,0.0,828949.0,0.0,829107.0,0.0,829265.0,0.0,829423.0,0.0,829581.0
0.0,829820.0,0.0,829978.0,0.0,830136.0,0.0,830294.0,0.0,830452.0,0.0
830610.0,0.0,830768.0,0.0,830926.0,0.0,831084.0,0.0,831242.0,0.0,829898.0
0.0,830056.0,0.0,830214.0,0.0,830372.0,0.0,830530.0,0.0,830688.0,0.0
830846.0,0.0,831004.0,0.0,831162.0,0.0,831320.0,0.0,831559.0,0.0,831717.0
0.0,831875.0,0.0,832033.0,0.0,832191.0,0.0,832349.0,0.0,832507.0,0.0
832665.0,0.0,832823.0,0.0,832981.0,0.0,831637.0,0.0,831795.0,0.0,831953.0
0.0,832111.0,0.0,832269.0,0.0,832427.0,0.0,832585.0,0.0,832743.0,0.0
832901.0,0.0,833059.0,0.0,833298.0,0.0,833456.0,0.0,833614.0,0.0,833772.0
0.0,833930.0,0.0,834088.0,0.0,834246.0,0.0,834404.0,0.0,834562.0,0.0
834720.0,0.0,833376.0,0.0,833534.0,0.0,833692.0,0.0,833850.0,0.0,834008.0
0.0,834166.0,0.0,834324.0,0.0,834482.0,0.0,834640.0,0.0,834798.0,0.0
835037.0,0.0,835195.0,0.0,835353.0,0.0,835511.0,0.0,835669.0,0.0,835827.0
0.0,835985.0,0.0,836143.0,0.0,836301.0,0.0,836459.0,0.0,835115.0,0.0
835273.0,0.0,835431.0,0.0,835589.0,0.0,835747.0,0.0,835905.0,0.0,836063.0
0.0,836221.0,0.0,836379.0,0.0,836537.0,0.0,836776.0,0.0,836934.0,0.0
837092.0,0.0,837250.0,0.0,837408.0,0.0,837566.0,0.0,837724.0,0.0,837882.0
0.0,838040.0,0.0,838198.0,0.0,836854.0,0.0,837012.0,0.0,837170.0,0.0
837328.0,0.0,837486.0,0.0,837644.0,0.0,837802.0,0.0,837960.0,0.0,838118.0
0.0,838276.0,0.0,838515.0,0.0,838673.0,0.0,838831.0,0.0,838989.0,0.0
839147.0,0.0,839305.0,0.0,839463.0,0.0,839621.0,0.0,839779.0,0.0,839937.0
0.0,838593.0,0.0,838751.0,0.0,838909.0,0.0,839067.0,0.0,839225.0,0.0
839383.0,0.0,839541.0,0.0,839699.0,0.0,839857.0,0.0,840015.0,0.0,840254.0
0.0,840412.0,0.0,840570.0,0.0,840728.0,0.0,840886.0,0.0,841044.0,0.0
841202.0,0.0,841360.0,0.0,841518.0,0.0,841676.0,0.0,840332.0,0.0,840490.0
0.0,840648.0,0.0,840806.0,0.0,840964.0,0.0,841122.0,0.0,841280.0,0.0
841438.0,0.0,841596.0,0.0,841754.0,0.0,841993.0,0.0,842151.0,0.0,842309.0
0.0,842467.0,0.0,842625.0,0.0,842783.0,0.0,842941.0,0.0,843099.0,0.0
843257.0,0.0,843415.0,0.0,842071.0,0.0,842229.0,0.0,842387.0,0.0,842545.0
0.0,842703.0,0.0,842861.0,0.0,843019.0,0.0,843177.0,0.0,843335.0,0.0
843493.0,0.0,843732.0,0.0,843890.0,0.0,844048.0,0.0,844206.0,0.0,844364.0
0.0,844522.0,0.0,844680.0,0.0,844838.0,0.0,844996.0,0.0,845154.0,0.0
843810.0,0.0,843968.0,0.0,844126.0,0.0,844284.0,0.0,844442.0,0.0,844600.0
0.0,844758.0,0.0,844916.0,0.0,845074.0,0.0,845232.0,0.0,845471.0,0.0
845629.0,0.0,845787.0,0.0,845945.0,0.0,846103.0,0.0,846261.0,0.0,846419.0
0.0,846577.0,0.0,846735.0,0.0,846893.0,0.0,845549.0,0.0,845707.0,0.0
845865.0,0.0,846023.0,0.0,846181.0,0.0,846339.0,0.0,846497.0,0.0,846655.0
0.0,846813.0,0.0,846971.0,0.0,847210.0,0.0,847368.0,0.0,847526.0,0.0
847684.0,0.0,847842.0,0.0,848000.0,0.0,848158.0,0.0,848316.0,0.0,848474.0
0.0,848632.0,0.0,847288.0,0.0,847446.0,0.0,847604.0,0.0,847762.0,0.0
847920.0,0.0,848078.0,0.0,848236.0,0.0,848394.0,0.0,848552.0,0.0,848710.0
0.0,848949.0,0.0,849107.0,0.0,849265.0,0.0,849423.0,0.0,849581.0,0.0
849739.0,0.0,849897.0,0.0,850055.0,0.0,850213.0,0.0,850371.0,0.0,849027.0
0.0,849185.0,0.0,849343.0,0.0,849501.0,0.0,849659.0,0.0,849817.0,0.0
849975.0,0.0,850133.0,0.0,850291.0,0.0,850449.0,0.0,850688.0,0.0,850846.0
0.0,851004.0,0.0,851162.0,0.0,851320.0,0.0,851478.0,0.0,851636.0,0.0
851794.0,0.0,851952.0,0.0,852110.0,0.0,850766.0,0.0,850924.0,0.0,851082.0
0.0,851240.0,0.0,851398.0,0.0,851556.0,0.0,851714.0,0.0,851872.0,0.0
852030.0,0.0,852188.0,0.0,852427.0,0.0,852585.0,0.0,852743.0,0.0,852901.0
0.0,853059.0,0.0,853217.0,0.0,853375.0,0.0,853533.0,0.0,853691.0,0.0
853849.0,0.0,852505.0,0.0,852663.0,0.0,852821.0,0.0,852979.0,0.0,853137.0
0.0,853295.0,0.0,853453.0,0.0,853611.0,0.0,853769.0,0.0,853927.0,0.0
854166.0,0.0,854324.0,0.0,854482.0,0.0,854640.0,0.0,854798.0,0.0,854956.0
0.0,855114.0,0.0,855272.0,0.0,855430.0,0.0,855588.0,0.0,854244.0,0.0
854402.0,0.0,854560.0,0.0,854718.0,0.0,854876.0,0.0,855034.0,0.0,855192.0
0.0,855350.0,0.0,855508.0,0.0,855666.0,0.0,855905.0,0.0,856063.0,0.0
856221.0,0.0,856379.0,0.0,856537.0,0.0,856695.0,0.0,856853.0,0.0,857011.0
0.0,857169.0,0.0,857327.0,0.0,855983.0,0.0,856141.0,0.0,856299.0,0.0
856457.0,0.0,856615.0,0.0,856773.0,0.0,856931.0,0.0,857089.0,0.0,857247.0
0.0,857405.0,0.0,857644.0,0.0,857802.0,0.0,857960.0,0.0,858118.0,0.0
858276.0,0.0,858434.0,0.0,858592.0,0.0,858750.0,0.0,858908.0,0.0,859066.0
0.0,857722.0,0.0,857880.0,0.0,858038.0,0.0,858196.0,0.0,858354.0,0.0
858512.0,0.0,858670.0,0.0,858828.0,0.0,858986.0,0.0,859144.0,0.0,859383.0
0.0,859541.0,0.0,859699.0,0.0,859857.0,0.0,860015.0,0.0,860173.0,0.0
860331.0,0.0,860489.0,0.0,860647.0,0.0,860805.0,0.0,859461.0,0.0,859619.0
0.0,859777.0,0.0,859935.0,0.0,860093.0,0.0,860251.0,0.0,860409.0,0.0
860567.0,0.0,860725.0,0.0,860883.0,0.0,861122.0,0.0,861280.0,0.0,861438.0
0.0,861596.0,0.0,861754.0,0.0,861912.0,0.0,862070.0,0.0,862228.0,0.0
862386.0,0.0,862544.0,0.0,861200.0,0.0,861358.0,0.0,861516.0,0.0,861674.0
0.0,861832.0,0.0,861990.0,0.0,862148.0,0.0,862306.0,0.0,862464.0,0.0
862622.0,0.0,862861.0,0.0,863019.0,0.0,863177.0,0.0,863335.0,0.0,863493.0
0.0,863651.0,0.0,863809.0,0.0,863967.0,0.0,864125.0,0.0,864283.0,0.0
862939.0,0.0,863097.0,0.0,863255.0,0.0,863413.0,0.0,863571.0,0.0,863729.0
0.0,863887.0,0.0,864045.0,0.0,864203.0,0.0,864361.0,0.0,864594.0,0.0
864970.0,0.0,866709.0,0.0,868448.0,0.0,870187.0,0.0,871926.0,0.0,873665.0
0.0,875404.0,0.0,877143.0,0.0,878882.0,0.0,880621.0,0.0,882360.0,0.0
884099.0,0.0,885838.0,0.0,887577.0,0.0,889316.0,0.0,891055.0,0.0,892794.0
0.0,894533.0,0.0,896272.0,0.0,898011.0,0.0,899750.0,0.0,901489.0,0.0
903228.0,0.0,904967.0,0.0,906706.0,0.0,908445.0,0.0,910184.0,0.0,911923.0
0.0,913662.0,0.0,915401.0,0.0,917140.0,0.0,918879.0,0.0,920618.0,0.0
922357.0,0.0,865129.0,0.0,865287.0,0.0,865445.0,0.0,865603.0,0.0,865761.0
0.0,865919.0,0.0,866077.0,0.0,866235.0,0.0,866393.0,0.0,866551.0,0.0
865207.0,0.0,865365.0,0.0,865523.0,0.0,865681.0,0.0,865839.0,0.0,865997.0
0.0,866155.0,0.0,866313.0,0.0,866471.0,0.0,866629.0,0.0,866868.0,0.0
867026.0,0.0,867184.0,0.0,867342.0,0.0,867500.0,0.0,867658.0,0.0,867816.0
0.0,867974.0,0.0,868132.0,0.0,868290.0,0.0,866946.0,0.0,867104.0,0.0
867262.0,0.0,867420.0,0.0,867578.0,0.0,867736.0,0.0,867894.0,0.0,868052.0
0.0,868210.0,0.0,868368.0,0.0,868607.0,0.0,868765.0,0.0,868923.0,0.0
869081.0,0.0,869239.0,0.0,869397.0,0.0,869555.0,0.0,869713.0,0.0,869871.0
0.0,870029.0,0.0,868685.0,0.0,868843.0,0.0,869001.0,0.0,869159.0,0.0
869317.0,0.0,869475.0,0.0,869633.0,0.0,869791.0,0.0,869949.0,0.0,870107.0
0.0,870346.0,0.0,870504.0,0.0,870662.0,0.0,870820.0,0.0,870978.0,0.0
871136.0,0.0,871294.0,0.0,871452.0,0.0,871610.0,0.0,871768.0,0.0,870424.0
0.0,870582.0,0.0,870740.0,0.0,870898.0,0.0,871056.0,0.0,871214.0,0.0
871372.0,0.0,871530.0,0.0,871688.0,0.0,871846.0,0.0,872085.0,0.0,872243.0
0.0,872401.0,0.0,872559.0,0.0,872717.0,0.0,872875.0,0.0,873033.0,0.0
873191.0,0.0,873349.0,0.0,873507.0,0.0,872163.0,0.0,872321.0,0.0,872479.0
0.0,872637.0,0.0,872795.0,0.0,872953.0,0.0,873111.0,0.0,873269.0,0.0
873427.0,0.0,873585.0,0.0,873824.0,0.0,873982.0,0.0,874140.0,0.0,874298.0
0.0,874456.0,0.0,874614.0,0.0,874772.0,0.0,874930.0,0.0,875088.0,0.0
875246.0,0.0,873902.0,0.0,874060.0,0.0,874218.0,0.0,874376.0,0.0,874534.0
0.0,874692.0,0.0,874850.0,0.0,875008.0,0.0,875166.0,0.0,875324.0,0.0
875563.0,0.0,875721.0,0.0,875879.0,0.0,876037.0,0.0,876195.0,0.0,876353.0
0.0,876511.0,0.0,876669.0,0.0,876827.0,0.0,876985.0,0.0,875641.0,0.0
875799.0,0.0,875957.0,0.0,876115.0,0.0,876273.0,0.0,876431.0,0.0,876589.0
0.0,876747.0,0.0,876905.0,0.0,877063.0,0.0,877302.0,0.0,877460.0,0.0
877618.0,0.0,877776.0,0.0,877934.0,0.0,878092.0,0.0,878250.0,0.0,878408.0
0.0,878566.0,0.0,878724.0,0.0,877380.0,0.0,877538.0,0.0,877696.0,0.0
877854.0,0.0,878012.0,0.0,878170.0,0.0,878328.0,0.0,878486.0,0.0,878644.0
0.0,878802.0,0.0,879041.0,0.0,879199.0,0.0,879357.0,0.0,879515.0,0.0
879673.0,0.0,879831.0,0.0,879989.0,0.0,880147.0,0.0,880305.0,0.0,880463.0
0.0,879119.0,0.0,879277.0,0.0,879435.0,0.0,879593.0,0.0,879751.0,0.0
879909.0,0.0,880067.0,0.0,880225.0,0.0,880383.0,0.0,880541.0,0.0,880780.0
0.0,880938.0,0.0,881096.0,0.0,881254.0,0.0,881412.0,0.0,881570.0,0.0
881728.0,0.0,881886.0,0.0,882044.0,0.0,882202.0,0.0,880858.0,0.0,881016.0
0.0,881174.0,0.0,881332.0,0.0,881490.0,0.0,881648.0,0.0,881806.0,0.0
881964.0,0.0,882122.0,0.0,882280.0,0.0,882519.0,0.0,882677.0,0.0,882835.0
0.0,882993.0,0.0,883151.0,0.0,883309.0,0.0,883467.0,0.0,883625.0,0.0
883783.0,0.0,883941.0,0.0,882597.0,0.0,882755.0,0.0,882913.0,0.0,883071.0
0.0,883229.0,0.0,883387.0,0.0,883545.0,0.0,883703.0,0.0,883861.0,0.0
884019.0,0.0,884258.0,0.0,884416.0,0.0,884574.0,0.0,884732.0,0.0,884890.0
0.0,885048.0,0.0,885206.0,0.0,885364.0,0.0,885522.0,0.0,885680.0,0.0
884336.0,0.0,884494.0,0.0,884652.0,0.0,884810.0,0.0,884968.0,0.0,885126.0
0.0,885284.0,0.0,885442.0,0.0,885600.0,0.0,885758.0,0.0,885997.0,0.0
886155.0,0.0,886313.0,0.0,886471.0,0.0,886629.0,0.0,886787.0,0.0,886945.0
0.0,887103.0,0.0,887261.0,0.0,887419.0,0.0,886075.0,0.0,886233.0,0.0
886391.0,0.0,886549.0,0.0,886707.0,0.0,886865.0,0.0,887023.0,0.0,887181.0
0.0,887339.0,0.0,887497.0,0.0,887736.0,0.0,887894.0,0.0,888052.0,0.0
888210.0,0.0,888368.0,0.0,888526.0,0.0,888684.0,0.0,888842.0,0.0,889000.0
0.0,889158.0,0.0,887814.0,0.0,887972.0,0.0,888130.0,0.0,888288.0,0.0
888446.0,0.0,888604.0,0.0,888762.0,0.0,888920.0,0.0,889078.0,0.0,889236.0
0.0,889475.0,0.0,889633.0,0.0,889791.0,0.0,889949.0,0.0,890107.0,0.0
890265.0,0.0,890423.0,0.0,890581.0,0.0,890739.0,0.0,890897.0,0.0,889553.0
0.0,889711.0,0.0,889869.0,0.0,890027.0,0.0,890185.0,0.0,890343.0,0.0
890501.0,0.0,890659.0,0.0,890817.0,0.0,890975.0,0.0,891214.0,0.0,891372.0
0.0,891530.0,0.0,891688.0,0.0,891846.0,0.0,892004.0,0.0,892162.0,0.0
892320.0,0.0,892478.0,0.0,892636.0,0.0,891292.0,0.0,891450.0,0.0,891608.0
0.0,891766.0,0.0,891924.0,0.0,892082.0,0.0,892240.0,0.0,892398.0,0.0
892556.0,0.0,892714.0,0.0,892953.0,0.0,893111.0,0.0,893269.0,0.0,893427.0
0.0,893585.0,0.0,893743.0,0.0,893901.0,0.0,894059.0,0.0,894217.0,0.0
894375.0,0.0,893031.0,0.0,893189.0,0.0,893347.0,0.0,893505.0,0.0,893663.0
0.0,893821.0,0.0,893979.0,0.0,894137.0,0.0,894295.0,0.0,894453.0,0.0
894692.0,0.0,894850.0,0.0,895008.0,0.0,895166.0,0.0,895324.0,0.0,895482.0
0.0,895640.0,0.0,895798.0,0.0,895956.0,0.0,896114.0,0.0,894770.0,0.0
894928.0,0.0,895086.0,0.0,895244.0,0.0,895402.0,0.0,895560.0,0.0,895718.0
0.0,895876.0,0.0,896034.0,0.0,896192.0,0.0,896431.0,0.0,896589.0,0.0
896747.0,0.0,896905.0,0.0,897063.0,0.0,897221.0,0.0,897379.0,0.0,897537.0
0.0,897695.0,0.0,897853.0,0.0,896509.0,0.0,896667.0,0.0,896825.0,0.0
896983.0,0.0,897141.0,0.0,897299.0,0.0,897457.0,0.0,897615.0,0.0,897773.0
0.0,897931.0,0.0,898170.0,0.0,898328.0,0.0,898486.0,0.0,898644.0,0.0
898802.0,0.0,898960.0,0.0,899118.0,0.0,899276.0,0.0,899434.0,0.0,899592.0
0.0,898248.0,0.0,898406.0,0.0,898564.0,0.0,898722.0,0.0,898880.0,0.0
899038.0,0.0,899196.0,0.0,899354.0,0.0,899512.0,0.0,899670.0,0.0,899909.0
0.0,900067.0,0.0,900225.0,0.0,900383.0,0.0,900541.0,0.0,900699.0,0.0
900857.0,0.0,901015.0,0.0,901173.0,0.0,901331.0,0.0,899987.0,0.0,900145.0
0.0,900303.0,0.0,900461.0,0.0,900619.0,0.0,900777.0,0.0,900935.0,0.0
901093.0,0.0,901251.0,0.0,901409.0,0.0,901648.0,0.0,901806.0,0.0,901964.0
0.0,902122.0,0.0,902280.0,0.0,902438.0,0.0,902596.0,0.0,902754.0,0.0
902912.0,0.0,903070.0,0.0,901726.0,0.0,901884.0,0.0,902042.0,0.0,902200.0
0.0,902358.0,0.0,902516.0,0.0,902674.0,0.0,902832.0,0.0,902990.0,0.0
903148.0,0.0,903387.0,0.0,903545.0,0.0,903703.0,0.0,903861.0,0.0,904019.0
0.0,904177.0,0.0,904335.0,0.0,904493.0,0.0,904651.0,0.0,904809.0,0.0
903465.0,0.0,903623.0,0.0,903781.0,0.0,903939.0,0.0,904097.0,0.0,904255.0
0.0,904413.0,0.0,904571.0,0.0,904729.0,0.0,904887.0,0.0,905126.0,0.0
905284.0,0.0,905442.0,0.0,905600.0,0.0,905758.0,0.0,905916.0,0.0,906074.0
0.0,906232.0,0.0,906390.0,0.0,906548.0,0.0,905204.0,0.0,905362.0,0.0
905520.0,0.0,905678.0,0.0,905836.0,0.0,905994.0,0.0,906152.0,0.0,906310.0
0.0,906468.0,0.0,906626.0,0.0,906865.0,0.0,907023.0,0.0,907181.0,0.0
907339.0,0.0,907497.0,0.0,907655.0,0.0,907813.0,0.0,907971.0,0.0,908129.0
0.0,908287.0,0.0,906943.0,0.0,907101.0,0.0,907259.0,0.0,907417.0,0.0
907575.0,0.0,907733.0,0.0,907891.0,0.0,908049.0,0.0,908207.0,0.0,908365.0
0.0,908604.0,0.0,908762.0,0.0,908920.0,0.0,909078.0,0.0,909236.0,0.0
909394.0,0.0,909552.0,0.0,909710.0,0.0,909868.0,0.0,910026.0,0.0,908682.0
0.0,908840.0,0.0,908998.0,0.0,909156.0,0.0,909314.0,0.0,909472.0,0.0
909630.0,0.0,909788.0,0.0,909946.0,0.0,910104.0,0.0,910343.0,0.0,910501.0
0.0,910659.0,0.0,910817.0,0.0,910975.0,0.0,911133.0,0.0,911291.0,0.0
911449.0,0.0,911607.0,0.0,911765.0,0.0,910421.0,0.0,910579.0,0.0,910737.0
0.0,910895.0,0.0,911053.0,0.0,911211.0,0.0,911369.0,0.0,911527.0,0.0
911685.0,0.0,911843.0,0.0,912082.0,0.0,912240.0,0.0,912398.0,0.0,912556.0
0.0,912714.0,0.0,912872.0,0.0,913030.0,0.0,913188.0,0.0,913346.0,0.0
913504.0,0.0,912160.0,0.0,912318.0,0.0,912476.0,0.0,912634.0,0.0,912792.0
0.0,912950.0,0.0,913108.0,0.0,913266.0,0.0,913424.0,0.0,913582.0,0.0
913821.0,0.0,913979.0,0.0,914137.0,0.0,914295.0,0.0,914453.0,0.0,914611.0
0.0,914769.0,0.0,914927.0,0.0,915085.0,0.0,915243.0,0.0,913899.0,0.0
914057.0,0.0,914215.0,0.0,914373.0,0.0,914531.0,0.0,914689.0,0.0,914847.0
0.0,915005.0,0.0,915163.0,0.0,915321.0,0.0,915560.0,0.0,915718.0,0.0
915876.0,0.0,916034.0,0.0,916192.0,0.0,916350.0,0.0,916508.0,0.0,916666.0
0.0,916824.0,0.0,916982.0,0.0,915638.0,0.0,915796.0,0.0,915954.0,0.0
916112.0,0.0,916270.0,0.0,916428.0,0.0,916586.0,0.0,916744.0,0.0,916902.0
0.0,917060.0,0.0,917299.0,0.0,917457.0,0.0,917615.0,0.0,917773.0,0.0
917931.0,0.0,918089.0,0.0,918247.0,0.0,918405.0,0.0,918563.0,0.0,918721.0
0.0,917377.0,0.0,917535.0,0.0,917693.0,0.0,917851.0,0.0,918009.0,0.0
918167.0,0.0,918325.0,0.0,918483.0,0.0,918641.0,0.0,918799.0,0.0,919038.0
0.0,919196.0,0.0,919354.0,0.0,919512.0,0.0,919670.0,0.0,919828.0,0.0
919986.0,0.0,920144.0,0.0,920302.0,0.0,920460.0,0.0,919116.0,0.0,919274.0
0.0,919432.0,0.0,919590.0,0.0,919748.0,0.0,919906.0,0.0,920064.0,0.0
920222.0,0.0,920380.0,0.0,920538.0,0.0,920777.0,0.0,920935.0,0.0,921093.0
0.0,921251.0,0.0,921409.0,0.0,921567.0,0.0,921725.0,0.0,921883.0,0.0
922041.0,0.0,922199.0,0.0,920855.0,0.0,921013.0,0.0,921171.0,0.0,921329.0
0.0,921487.0,0.0,921645.0,0.0,921803.0,0.0,921961.0,0.0,922119.0,0.0
922277.0,0.0,922516.0,0.0,922674.0,0.0,922832.0,0.0,922990.0,0.0,923148.0
0.0,923306.0,0.0,923464.0,0.0,923622.0,0.0,923780.0,0.0,923938.0,0.0
922594.0,0.0,922752.0,0.0,922910.0,0.0,923068.0,0.0,923226.0,0.0,923384.0
0.0,923542.0,0.0,923700.0,0.0,923858.0,0.0,924016.0,0.0,924249.0,0.0
924328.0,0.0,924487.0,0.0,924645.0,0.0,924803.0,0.0,924961.0,0.0,925119.0
0.0,925277.0,0.0,925435.0,0.0,925593.0,0.0,925751.0,0.0,925909.0,0.0
924565.0,0.0,924723.0,0.0,924881.0,0.0,925039.0,0.0,925197.0,0.0,925355.0
0.0,925513.0,0.0,925671.0,0.0,925829.0,0.0,925987.0,0.0,926381.0,0.0
926475.0,0.0,927008.0,0.0,927278.0,0.0,931810.0,0.0,932088.0,0.0,935112.0
0.0,9388.0,9382.0,0.0,9387.0,0.0,94.0,86.0,0.0,2353999.0,3.0
